-- MySQL dump 10.13  Distrib 5.6.17, for Win64 (x86_64)
--
-- Host: localhost    Database: lmfvgo
-- ------------------------------------------------------
-- Server version	5.6.23-log

/*!40101 SET @OLD_CHARACTER_SET_CLIENT=@@CHARACTER_SET_CLIENT */;
/*!40101 SET @OLD_CHARACTER_SET_RESULTS=@@CHARACTER_SET_RESULTS */;
/*!40101 SET @OLD_COLLATION_CONNECTION=@@COLLATION_CONNECTION */;
/*!40101 SET NAMES utf8 */;
/*!40103 SET @OLD_TIME_ZONE=@@TIME_ZONE */;
/*!40103 SET TIME_ZONE='+00:00' */;
/*!40014 SET @OLD_UNIQUE_CHECKS=@@UNIQUE_CHECKS, UNIQUE_CHECKS=0 */;
/*!40014 SET @OLD_FOREIGN_KEY_CHECKS=@@FOREIGN_KEY_CHECKS, FOREIGN_KEY_CHECKS=0 */;
/*!40101 SET @OLD_SQL_MODE=@@SQL_MODE, SQL_MODE='NO_AUTO_VALUE_ON_ZERO' */;
/*!40111 SET @OLD_SQL_NOTES=@@SQL_NOTES, SQL_NOTES=0 */;

--
-- Table structure for table `configuracion`
--

DROP TABLE IF EXISTS `configuracion`;
/*!40101 SET @saved_cs_client     = @@character_set_client */;
/*!40101 SET character_set_client = utf8 */;
CREATE TABLE `configuracion` (
  `id` int(11) NOT NULL AUTO_INCREMENT,
  `equipos_califican` int(11) NOT NULL,
  `escudo` blob NOT NULL,
  `logo` blob NOT NULL,
  `id_torneo` int(11) NOT NULL,
  PRIMARY KEY (`id`)
) ENGINE=InnoDB AUTO_INCREMENT=2 DEFAULT CHARSET=utf8;
/*!40101 SET character_set_client = @saved_cs_client */;

--
-- Dumping data for table `configuracion`
--

LOCK TABLES `configuracion` WRITE;
/*!40000 ALTER TABLE `configuracion` DISABLE KEYS */;
INSERT INTO `configuracion` VALUES (1,6,'\0JFIF\0\0H\0H\0\0http://ns.adobe.com/xap/1.0/\0<?xpacket begin=\'﻿\' id=\'W5M0MpCehiHzreSzNTczkc9d\'?>\n<x:xmpmeta xmlns:x=\'adobe:ns:meta/\'>\n<rdf:RDF xmlns:rdf=\'http://www.w3.org/1999/02/22-rdf-syntax-ns#\'>\n\n <rdf:Description xmlns:xmp=\'http://ns.adobe.com/xap/1.0/\'>\n  <xmp:CreatorTool>Adobe Fireworks CS6 (Windows)</xmp:CreatorTool>\n  <xmp:CreateDate>2017-10-14T06:29:44Z</xmp:CreateDate>\n  <xmp:ModifyDate>2017-10-14T07:46:24Z</xmp:ModifyDate>\n </rdf:Description>\n\n <rdf:Description xmlns:xmpMM=\'http://ns.adobe.com/xap/1.0/mm/\'>\n  <xmpMM:InstanceID>xmp.iid:7156BF385F9711E7B22B9472E124A0E8</xmpMM:InstanceID>\n  <xmpMM:DocumentID rdf:resource=\'xmp.did:7156BF395F9711E7B22B9472E124A0E8\' />\n  <xmpMM:DerivedFrom rdf:parseType=\'Resource\'\n   xmlns:stRef=\'http://ns.adobe.com/xap/1.0/sType/ResourceRef#\'>\n   <stRef:instanceID>xmp.iid:7156BF365F9711E7B22B9472E124A0E8</stRef:instanceID>\n   <stRef:documentID>xmp.did:7156BF375F9711E7B22B9472E124A0E8</stRef:documentID>\n  </xmpMM:DerivedFrom>\n </rdf:Description>\n\n <rdf:Description xmlns:dc=\'http://purl.org/dc/elements/1.1/\'>\n  <dc:format>image/jpeg</dc:format>\n </rdf:Description>\n\n</rdf:RDF>\n</x:xmpmeta>\n<?xpacket end=\'r\'?>\n\0C\0\n\n\n\r\r\0C		\r\r\0\0\0\0\0\0\0\0\0\0\0\0\0\0\0\0\0\0\0\0\0\0\0\0\0\0\0\0\0\0\0\0\0\0\0\0\0\0\0H\0\0\0 \0\0\0\0\0\0\0Ӳ@\0\0\0\0\"ZJqR%MHı\0\0\0 0cq\"C@A\0\0?d+d#K,D{\0\05@J$K\Zqb3HQ\"\0\0$DD&smd#@\0\0\n%NA(A=JS[	\0\0$t)-ehI,9\0q62d\"O\\&Bl%DB\0rI\"ge|\n}:F.\\<~ȇ!R}ӒUn2cT,t>692B(䯞0\0Q_&N<<,z\ZA!\n?ZIR1Gx9\0Cτ`9j.ik-$;Ĩ\0x aL!JBPs4rbM\02gKDD&_Lyl?@\0~8،N\'hyF-ȲY\0\0ca\\<vB86r\\y\0\0`(dAr\\M௜\0\0$	_:˙8|L\0\0\0d^-1w,@\0\0\0\0\08#90Kg\0\0\0\0\0\0h`\0\0\0\0\0\0\0\0\0\0\0\0\0\0\0\0\0\0\0\0&\0\0\0\0\0\0\0\0\0\0 0@3P\0\0~9K#}$L?N,\0q%7fD=z	yPp\0rn2HqXN\r^nPc,,}!h[2?~Qu6q<v=}`$X|Fpkx۳yj=5:s*sPxeLtb-RᣠqJ+jHh~[@ep^ŭ~fҴ*h;H3_+gB߷GDY@_\\{9AO,Pp;hSm\03\0(>uםx>cFKB苦Xe?8@pbvOIDn?i`)*>Q0c;QCu9ָ.+zU|dCY6c¬0\nݩRHﾶo\0\0GQuU%^гxt9	<VXU~TlǍQuYޜʻguQ>a4\0m4K!2\r-\Z\nA++OX^\'VJ>WvQ~^Yt\n\\HJ7{V[N?MjI\"T4e`߃yfWb\\a|3<@Wlmvonif/*es$m%./Juޕ{un2<2:K*ƒ5SWB[xچ6~Vu\\>Zx*Ӏ&iCh3dpc҈{1G?5u	}j6so+\0\rǯVҀߚ15,ޕ+f:ufp|{]A¦߬/r=*JɃFvU٤#LDv:>\'.l88iWrgUk-_%KY|?i8M\0:ktjufV|No>\r^5ɬ@<?\ZEli:,a>zB;(pQgX!aQ)6{}x&YiU\Z?6tU8[]ÚD2~5[(+*e5v/T*IuTZ4=^b!fA\rYqPpl<X1cakEVq5˽K%qʬuxmczU7@[Hbjcx7^C݄	wq`Z\Z*do\Z5XF7Bkl=ի6\nShdO!ccz\'a_ezƫfy\0\0\0\0\0\0\0\0\0\0\0\0\0\0\0\0\0\0\0?\0\0\0\0\0\0\0\0\0\0\0\0\0\0\0\0\0?\0G\0\0\0\0\0!1A\"Qa#2Rq0Bb 3r$@%CP4St\0\0?\0\rVV?mcFY$\"\0)81=UCٷ%V)ҼYG9\"(A``:Zn^4ʴTAWW-|oz\nY1SUMu&wZ8IZ3$74k`U220o&ZZl\rSGUm6k*iN!AMqSL9FdWdTI6L\'1e+f\Zfc#aNAZ_骴BXt6㊺JZ8X7u#-:\'tȢCەqSK,;H_@4i7㊜։䎞X6Fկ=\rN#F_ۅ3Ȁ>]oZ>2i&zRĄ:d88U@ߝĕ9u5*7Daoy_\rFgV.]713kIS~_uUe09 N8\0	,gmBWUsy:̮KCM\08,J}iZӨcKHʕto˖;.e/jf:c iaRS4iw#}Gpbڞi%\ZWOt{\nSxQ-|IE/HrAUAeTqٲiVV]\rV6!H>DOؤjhq\\KS9bSuB6	{qYZDV$\0K_4tz.uX5#Uρ[T:_o#G\\i/Gu-33=V*Fm/KY*2t7׼ynAgj9!1&Y!>;idn|be\Z=au\0\\<+!vnҨ\"cE?|zqo=j9\n>m=bv0*bq⟖T)?\0\'*\"]G&jH./,OJ\rcm`u1NuRI\"V9VSEQ\Zka2նL\'md -QSG߅M>Hb0Ãm#ʨ|jE}7*ѨԷӶ⺱U=XV45*^H2Wȕe4$\roWNQ|^0^QFy⬼T(K*i#x,U5m>x+\Zee8br<\Z5\\\ZI/~ghqeۥ]tE76,umO\"7\"3[M!{>8/+h9V>)䅬OfCG7yl.1Mmk\"vQ	*cu:YCaz\\Fm;rUQ\n˯a|ۘ̑L^FHMSQLS<sfc*sW1i60CsTLkexQ6cH\rEs1DG$}:V&x,8Z]Z(?g5W#Ma&楖-^3<8X-k\0m,߀5,^v@\\ʼ)+1f#P\r\'%V&z^\0\"{JF)*Fh>q1rFl{CH$ryD)7{[R]Q]d@O]b<;FcTF\0F{5I,Ln?</Q\0lWHpZʧs/<̲2M\0vCۛ[\0f4C]5BeHlgK\0X[}ቫMa6Ō<y.9sc#H}7aK(_kc/-6]jLi.N9[efQ˫#4]㮢vҕbh{y.A:f\r{[ka☈c$c}7j$68OzY>[.}\\V)W`emGu6=1jqЉ4\Z:vbhq(tzRTOowkW7I	}J,GW݊Z>H9XG\nZOPvW_l}2Mkj祇W1reh\rѥGz,yef:xovqIڿhnſ,OP\Zxzbj!`~QKSǓS	kumOG3!mģHapKs\\	*#<*aWq`q K\0k\0\\P)R$O2ڱLeDV4BsLid\'ܭi(S}̀d^TX%B@:vzhHJXӂ6\r׽,*~GL}e1*we	MJ8W{^\0%m=}DK^R;p8YrOJ,54,\r:SUtL{\0I&idxQRf2JU\"<ONiUx5}IQjZ%#(V[c>X1ұ_Q>xf{^ۨ\0V%op<ixɠh&ֱkV]v!+>]jtp[vWN%ԵQAdGJl4ą>*b?4)\Z#3iQ*Jn4IZTffyTTi \r:ڎT/-\Z=<R`_8w5O#N9QE5pIYMwG-=1]Q@)]N3HVJfwa动`QeB;{#2;^zfx&~yy7!#PL>˙kװ^Xz)L5qF:Ȗ&C<NQή_<Z(;*r;b0EIZ{QnXzNjD!VOlw*|a@Z@yfvrvcV}ܾv#b	#8\"zE\0WęM^!#kg+Dul*w[~_>mwOy2O(*(؈-M508G~X*(ԥm[\0~9ҷz%E,BVǼ{ݽ[Ix)B6S2mk4QUXLA}c̞UDVz9^[ĕ\'բ$gr八ٝA\"(J,;)P.B\"j%,ٸi1\"DZf^ڛstRa]:6xd	S\"ǐJ:՝AYKo/f)_EQ E=;bHj**/Xu@\nje&_SJ\"HC\0Ym50$I$T\r܍mGd?rƾ$bq̧8J\n)i^\\N1=+o<gR:2,TITFWڥ3NtcK4o:my)aWQH*ھr7f`4rꤨ\r^FP8(\'%,w;_\ZSÃ<JfzN!%,ɣTk=AVSIO&yA뷭qI49tsija\neaq}udBj_ذ)dJɪY8g	TG~<\Z}=9}-$Tnե}7̅K3)2Vꁔ]o˟+rWŊ	[.ale;,-61=mXK_!*c[pPeT+a0nÕc32*ijRQg}FZ`\0VB~8ziU$/Cle>XVDu!Vۖ&\\\\\\4=)wv\'MGTY652KYX\ZϩWia\Z]	(宇)\"2\0<s߶B9\"0;nFw\0)jR\"#2VJ1 D\'aolTŕe!^ւ?C#z{RUJQXEQq@LIP[+9Ky4Q&kۖ\087M& 1*gp)4k9r`A	\0dS>_?cD.K,a5VGS/WwKŹLѣ(\rxw2SO8=\'\"f:>X0<QN,_MDku>gs\0[paNM\r`?W3@Ԕ\r%3ky6TY13)E\0z5[	1+oAޖclA=N\ZHd6<;KZ7\nkik0gHAgc[q<SIFoT;T`,,WkƍXHAj,zhUʭ+ss>\0)\0\0\0\0\0!\01AQaq 0@P\0\0?!\0=980doUuw\rzӓ\ns_gzL6QxA\";/\rU)	JB.J08$DT0w%.!<$kSwx%ȯDH;Cqi@p̺Im#\rJ	$F1DBkv.LM54\rT{_$GµPY!yL\\C\\.ȑ6bQ1\0r=\nRX@Xx>8s-U²gLbLRBG|`4ptGXJ&L`D&piG[dYFʗR-`Tp W|-j1L*js/Yz	u\Z`*ap6tm|{B\r`fvcf	m?		ȁ>fOL8h,d\08@`N%k:\\d MfCȴ$Nq8\"8FD$0R\"gQlcIrYveRYZj*\" x(\0i-%Ӯ9h2%P ?Ļ<2e޸g])W\00, FX\"hiaF*\\F\nRkI%/fuU?9׸Z9̖+rFU.SRVgSrajvA Z>5j,֊HJ	_YY0ir5g-t@jQ! ډ8L#ӂ<a9MȞݦOu_YId$-F5DG=8qnܿ&M+bwBOˆHqd\Zs+ߛnQۇ{B׭aiL\0;1PhfE\r|.qN؜8hUUwJ*gFjsIRere?w~x0L4I-	2{3Ur=Taդ<ᘴI<\Z	 U10Zɜ\0!2ĶvUTkhéeTA$D&,$N]\Z\'#\0&M2?h%uD70>2	4\Z5ߌ4WQ254R\"Se-~hA7H#2\"H\'0I42@Z\\XMX˦\018.6^[ʝ7K4(#cͽa+ 寯;)Q$E*-;4\Z[@y\r\\dt\0%wnr{p\Z2\Z.E<rôF*P}4g>$te(4o\'kn\024\\)؅F8e7 lI\Zq^\0Z^\0RMf_?:p^egVjDBV tgHjK\\LAsv(nqfeWMaK\nbdT \ZjKNyH.@i%DƄc蔫XE\"ǒnS3 \0X&Z#e/8@L+T[/|qpY_3;!-74pC GK%G\"2\0ip\0ݻd`3\'w\Z	\rܪ߀gdA ͽzG`dDx8VAn0AKiWNF\"BT\"}_my9vgԓkx+4-0|@#~QdicPT[`ؕ	~L}b).B>W峖W,K0btz9sU0zpe\'By<88bd^tt+k[(p&έDxd+sRCDAT81b\n/Q%R΅f(sߕ`Cٰk:@֕AXIk#km	NcfR!w(Ӈ\"l1YJ>JƴGo?1rjLsNc8/syYH#asXbj$X ˎ7FJ\0<?\0!i%R\0э#B c>42HtܧS4_\'>hϨjTJ+	Nj:#ܮV/F{W֘j\ZPеd|DZ5s)DMgXbE#Zd=$>\'|d#{؏<<K{@\\zJjm\npS1\"d-9@`\rW[\\Z  8&:d&tRYř^I4zCN=aK<I*ºӄ6\0pZ`2(Nqwt+ˎ`T@|QeQѬ\"%/WqY>#S_f=-uXD|[E\'YѱmuUF/JD{[ʄ0\0~g>)2?QY\0}x7m²YD>$PgBdJ\n@Κ5mwR?rL8RcL@~]Lb6՜XB7}\rYXz\0m2nyxd9Ĥ&_@CH{l\'He;\0qU.B#y)EMfac;#ܰpu?(#\0\0\0\0\0\0\0I$	$I$I\0I$I$	 H$I$A$$I A H$I	 A$IH\0\0	$H\0	\0I$@$A	$\0\0I \0@H I\0\0A H$\0$H @H H$H  \0$ I$AH\0I$	\0	I$\0@I$\0	$	$I$A$I$H I$I$I\0I$I$	$I$I$I$I$I$I$I?\0\0\0\0\0\0\0\0\0\0\0\0\0\0\0\0\0?\0\0\0\0\0\0\0\0\0\0\0\0\0\0\0\0\0?\0\'\0\0\0\0!\01AQ 0a@qP\0\0?d\Z}-C z\r#.0ћFԎ:oV\nl{^:b6\nB9\Zdiv\n@	5Ш1JI_h9\0db`~\0i7vCŭФiaxL%2THb5`\nTDXL| es 0HTQ\"52pcՍ1@\nQAp/ω%c|R̂?4p!\r%0tE& E#3#*BE\0DJ	7S<pX4\',{lBE#ij<b8TUD>r@㾧.wI?$8	{ji~lR/kyMH)Xx>EUyY]ABI\0DX\"\"ZBkEb._NOR\0TzC8X\"v(=G+	>Xؽl5?#(T N`&KS*7C9C48Xj@a/	eeDfK#~P!ք*{4!qi9o,]eg\Zх\0d֯\n G\Zq3T0+#Y-@54tJ_/Tư	׸H\0b=Nx\0BĔN`@\0j\'hD}1ޠyU:@Q!deߟ\'@*0]meU)KIaV_紩ѣt\ZpvT^CdP)G-n]|(+\0Y{Jk,>\ZD\\Hx\ZK\ZHP`ֿ)>`)D&I_0+!T.ғ[\0EwP0H#5(aL#j`A˞NFdn#P5؂B׀+Z5KX^;90Ÿ+G+q/X	2P`]3aCE\nي\0PBᬲ-$>f\0J9ۻ>:O!\n/ie]\r=(\0`*Zc5\rhcl1TS/XMőMџ={jR\ngWdA&.1\"~B5l/\ZAhZ> Ǡ:kb \0*\0=:S	unI<VBN@\n)tp0(\0?`Gi`ȺAC	o˕TrY27g|\0\\*TZyCPBBХ,\0<@lFg@9\\8Hձq7hDH_d\0Uӧ(ZU@}8f\"Vw㋞FG2Gφa\\;\0B<y\0=}Y`\r\0A{_ j{64TDB4 A-9jR`HY!i$@H`ӰlO\'tH\0hxY8\0(\Z#Je)Ukq#8O@3¤j/%\'X&[P^HEEq\n(uF\Z_}v\0\0F0\0DZؒX㖐Fps[L*VL)\"xg#rw`=	_ox.4x=F4L)F4T&H!z#IgA`).vT\0[>D}Y!p5b*zB_g\n\'͂xQElS]\nDP}g/IVPCx_vJivcHVXؕ\'OGޚyȂų퐼@%50?^!VzR|@G\ZE{ah`{A\n	a?{7F~I|z|l\Z=\Z]H{[X#I:Fzh\0+\"cQdGX+oKc?5trP0>㢴SS\r!jBD&t5`K%X_f]l,2xēGJ\0`,E@aQ-7>pc\"ؒ>HcEUy6kJdŁr>PS*A-Hbwa,\"\0@Ae&)	U\ZUT\'Ԡ	OF&@K\0eR6,.Im?2Zh2oج,JЪ)#ņ`RN0xZDf|͍2Z^,udPH;_5A>Zܣ29\0e;	@@ޅ_oD/q]Wp&wq=蘱\"_\0qcK\"k(ڔ?fkJ\"\ZTķטLT剘섑=Piۑ(DshTE+o\0èCVUZk\nTgǓs-` ju\0aQ񾑼r>Bwb(S?Mz)P.\0jV}ybbX:OB*mCUY؀Y\"j\0V:\0?:T*Ij\rOuhbE ǂAdOX*\Zsrc-a+TxuazA[C>0zV	*y\"[H:+o\rFO[DWj)\0@I @\0a	\"\'\r!\ZD~c\\%%T_KMlȅwШ\n,@bXTJƥHxDhSbY}{	bl\\	e[\\NxaH HԔn0\'cPQC@鿲׮_^|rHa`+9sbk#Vm֓%\"p:%3$	 E;jU.pp#> ǋC޴(D@Á \rZ\\LexCpZ,|KJ\n*QzT\0mn8jJP	b4d\nm<Mˮ%XO;󜕣	EgZS9Fwս]`6&tkNc)2E!\0G,E_\rpbsa %t ','\0JFIF\0\0x\0x\0\0\0ZExif\0\0MM\0*\0\0\0\01\0\0\0\0\0\0\0>Q\0\0\0\0\0\0\0Q\0\0\0\0\0\0Q\0\0\0\0\0\0\0\0\0\0Adobe Fireworks CS6\0\0C\0		\n\n\r\n\n	\r\0C\0\0\0\"\0\0\0\0\0\0\0\0\0\0\0\0	\n\0\0\0\0}\0!1AQa\"q2#BR$3br	\n\Z%&\'()*456789:CDEFGHIJSTUVWXYZcdefghijstuvwxyz\0\0\0\0\0\0\0\0	\n\0\0\0w\0!1AQaq\"2B	#3Rbr\n$4%\Z&\'()*56789:CDEFGHIJSTUVWXYZcdefghijstuvwxyz\0\0\0?\0(\0(\0(\0(\0(\0(\0/Ÿ~x1ﶤ׳7kooS+k\0WG>3EO%G6a7T~|g>3^^;$~_)Y>4SY..5F=͝xc|\nk0[WRjL̊Zhs!ZA|}qnwFe#q1aORS4wo#|NAW^Tw?C#-#Y\"CK07`?Lqb#OEMtLZ~h	q $\0=X5z\ZHVO?	8f9e:%\'*ힿE~H<!gfKY	]5\'`e]!^7	\0Zgs&)+xD%[b}f&y>20?Y\rƒյ(˗J-TQE~RQE\0QE\0QE\0QE\0QE\0PNFQmFOaS*%QTEPo<G<-jҶ=|jSk:nό[ٵy$\0+}o[\'9~y_,׼><$o|Y<q3I_L~K\0/؃#Qv̡ \0:gþyL.wVA_R+YLi1z|mXz*_W?jC |#3:bI.\0\n-#t%bqPF?*?\Zkn侻y9y\0_GT[l#|C^7Tbk/>s]RM~$%xuU^uʟbkm\0s|\ZAK5բ\0>O\0}V\"Q))?8Fܽ9YE+Q@Q@Q@Q@y?O=b!	ZuVa~>pasd/e׎<Ky^17*쟀<k2`#GooU;7]m}qu㿛lx㗉}w$qH`-jG\\wE\"ȳM18oΙEeeyΣվmVF=\Zi.u3^_/Pq錁ǢM}QwwfD=>A:k<OCgm|\'{4s\Zy~>}kY\\O¸|N\ZX49jG]:\n)k;>$5I\"oW#N	b*?v)ɿ$~+\nr#7ۈ\"mLkIoͿJ$\'sw>cSf5+˖qu#K)f9?+sbs\ZmcK+W	O c;Up+/ٟ?| !By?>\0vɿ<\Z>X1JTA_ҟFR\'T޲??0|qy5#?8;Gǡ&e[bYyW[\r>l_\\\0ɨͦ=\Z58w}ξ7cqJ\0@2?)w?Џ\n\0bVTV{՗ݰW\'\'ċU@sH|}B?ux[)~\0|C\\0u\0?cOcx~EVqW_gRv*J}|EQEQE\0QE\0QE\0QE\0y\0Cp5ODCgUlX6?>\'x]|g\r[M<5ճG<W76i2A4~\\1E/GWW҇Z9/+I?Z>V[܎(-Pd(?4-Sr\\DS@kɰuqY-\r(Ɏ\ZXzܬFf}Է0?ȯ <iH66\\$\0+١ɅWkگG?o#IN-bLG_ߞ4N(?J/Gp?[#.cǠ\0뢑O$n\n\0<a~^e?vatJÞVk&V-͆%{oV	x\Z	ٺXwP>/|\0b?m+GOLҿUe\\?4/YYqmڤa\0nWWg⿏eyz׈5}p餌YSY4?N)EEt?؜=/	%蕑߲7?h__>\rU{[)#V?H6QiP8mcEP0~C\0\0*⯈7]>rj?Xk_y#\'Êeő)?w9{*\n(p(\0(\0(\0(\0+wj/f35ݜkWTWKK.Ii(\0W=,4U=zvgȥ$BC)]qI_txǆ|zM&iQ޸?rǞ+¹v>k\'22琭˂NP&.OӰ\"`?{NIm>Fˍ^+{Xfc\"739f_zy[U=rx;n\0.B0doVc}/Z,6,}~ςγu`w!wk]3qml,&19KNOƯp3wjRm3p!9\0};`kI$,^G=]$ss]Ǐ_@	Y-6ż=9+!w>g\\C\0}R\0/#?!_u+/~[vA]¿7~\"V?wup<5υbs\n	3>$>Kf=y;~?(+1\"y\'K3QMY|ϢCG_\0_ώӼ!k2g]5cG\\~OBeGSMo%ć#E,\0j?|WŞ1.<I咻\0\\/_\rTm}W\'ճCOEQR<چl!\0u~Ϳ	\0SĚHW>g\0J,C5R+\ZqUۏ#V\rx].aH/n\rcpǟdU[F`t[TH\"_U\0|\0\0/>ǩ@-\\}l5\r~{\n51\'W^U>!UUW)?n앒G?\0n߄m2֋2lC5Q~H#2\Z:KF%wWᦥM_Kuuq%%F<$Os5THcd\0C,ZFqSN2vlٟh}]ۼG)x V:Yoi+qo1Xt*}NW\nyoŐ[G#\"<aǨ\"$JNGůN30SĚ\\;Y5[}(l(k^)|7_Z:҄c_J=i(Ta);E]7_X\rK/DO3?Ŀlktْ],nU7/\0䷷ǵʽ(wz/;q$<|ƚ嶞<!qNk|mxxY,IB7h\0?l/xZq>6xO%^VHL%p!)pZH|\'E|wJu~_&3(Nr^_)Xopּ/~檭iy\'\'5$nu_M{3{+>{>*b5-Z?rI~e+0NzOSdai\"/Y[QMA-ݒZR㖉j\\o<a;=65kE\'9>\ny>Marr\'ܚُ~\0oaF^ ;[)^_kS <05qF?y\0?|m4-		6$\0BZqW?YIe8b+WǗ\0?>9U<?TGVW\0R@\Zw|}mɯOޣf\0Uy\0AkR]#OMnq7$>	Up>twT\0~|w\nxLúE֠\0Ɋ&q_OIyڄu\\=̤s,ĳ~$w\nͪ-Դxfh5;Hy\\7???e>ŋEWno8//h4\Z}Ut`GȬwh4Øaib0(Vgz5g3z-!xE,59K\Zȿ\n+\0eυ7ä<ȞUi{_4oU0.**xhIz&Qi-Dٰx;uׅKp$L.؟s޵> Mcf+D{6?_[YjړJ2Q)\'k/#-`T!W}(=E5|Oh<I.?K=uap8D:4&31Z4V\\u(Q^\r-:ln97S\0\0\0?zauUm_\\ ?%6MfVX9B?7v灋ϜK;;&\0}W>\nV@1F	8+<7~bz,Q+轏i,S_7e9VRoL߲ǋi2?rg9?G?CR:Ԙ|2}v\nۃ<J_杞ҵ|NmŘrp`GDQE~|y<GZjF?Ckr)XX\0R%~)J_\'+o?w=2[h\0?27x^)ԴmRK=KJ4Re?B_aõFTFD$ȱ9$:3_Z\0I<J[;OHKJqt ~)\r[5zs5c<weT9GSف{Wê%O%|1\"qY%Gom=M#{ִk_z})se}B\0vXJb	9\0˩~\0<}g7:l?BZ)j\0]Cn?f|?xn-Sܮ~ \\0]G\0,uvm\'ZVҵ#5al6rW~7/Kp/+gq/r|5\"zjXzQ_K~\0ImM;h7]#w.dׂ>\"\Z?5}XHd򯴣R<5qGabVjQnퟰ왩~_kyNm2^h8Gbv_7\'/ڴopg5bw1<1<b__\rFxdru\0\ne\\rOgt&~_FKVrZ2q\\J4Mtz}:UVѬQ 芣\0TWДwg|H[ZњuI\0G ˁ}7+l?e_M嶒響-;CTeX\"i$eD@Yԓ_qG7f/3N$,}V[Y\nIG\0اhgcak\0C^Z)r?;_O挐jq!^A\0|̿?hE^4#6t!>D@=;/W|ҿƹ_vU/SM7<4ֺ\r!O5жOҺmMƑp~5|V\0uK\"u$ֻq0\"cӟ~*ď9l<Ep\"tXQ<{;\0{fK&3<.\Z#䢭\0|#4u_5I?;?(~\0	G+x|4-bA119\0v\\O~)xZf,mg֧8#}\0J{IIM}8o8H8aS-/_v4#̔G	C/\0uXN1\rƳhS1ˑӟ+\Zy\0VsWt/\059t|1[^$\\T*>w}\0EbNS}H5E{1଑CGo2g1]>\0Ӿ׵{?u?\r\'&.gAiIgڋUHV\r%̄DI`AWY]KxSc\0úիdnG>\\܂_<3զek\0[qi3֯.7F\Z|3hMK\Zo1%F>o\n(H|7CGY5$H70\Zԓ@~P|ߋ|\'76gPմ1pU]<FWtũGu_~ bO;qx7Gת}\ZG\0J+/)R*\\3?%g.I&f;7Zw9Z5i\\\'řw\\59&5]yoٓޓO	޵?~	W1~\Z~XA`Rә.p\0/ ss^پ\'2[BK>,:N:A1Ͳď|{^`?m\0_G\\o>~>0_i:JG߁D㳩8#F\rvU𲋋V\\gMYMQR`QE\0g:/kZv:Vk-̟rʪIW=\0\Z\0|A)jS]k\Znt_#oIUgIp:\0+\0U\r|Z8}[R+_r\"݅*6b\0bZ+֝\\]me%?RQI!@v{9a\0=1E5Н+X(J?\nmpEwf/.c񗉤tk\\ߖ⾜M\0~9\'n;I1Zv:aסJ	zOܸѩ=j/>hZ<Y\0}\'\r\Z>q\\(Ŭ,}#p=|+LRR}tl8:ELVCVDtU;is^Q\r&W_O&9,̽xS?+8M.eKQ?J+(W+\rn?&Y8|I,lgMߎܚaG\0C_w\\m%[qʜdo+ևh+sg}m& `rr:m=AʖSY[E\0RO|;\0\Z(<g_đESk\0I-o\'cF7 fh~ʟ4_x\'TI״ysS#}eF`m|p<\rΝGg?#l.!ӕ?_9A3|#:-OE\"1Mȇ]O!B+/|A\r|eBԖmCh-\'̠as~6\0^\0|\nz?N	3m2ɍJO̦UoPw̲AM<d>\Z|*gf	x*Ui\r]WU?3Ez56xOx;6;W\n?u}	\'d\08#u}:y?l4f8:xJQ٧>\0g\0BO[µ\\x]\\1ڢ^?zezoKM?\\/=\'Unm.mA_\'3y2=+#տe\0_HuHFl8n+n&$<mB|O\n WT+\0ZnOEGeyg\r,΂Hz:GTN(9\0\0o\0n@<mSVK^f^;3+]@A5EzVs˪\\$_^Υ8ZG6j\'@v\re\\z]h{a\0rȲx/4<p$ߒJ&uUYTQKptCWW8]_\ZxUDu!\0v!|{=z\0~&.4x)s&\'<^kh癆+ⴥݾ퍣N1\r;H(XB\" ڨ\0\nuWhS\0	hZ}gi1nX`A՝؅U;i_9-nm/:/>&][Fe\\>I8\"x=\0Su/ګ>\Z2ٳ۾_$Q;u?^{5sJs6%u]ny؜k)׺{^cR\'wHp)Y$U֪]>?_\0l\rjD֮|k7B;QrئcsU輌\06td9xFkTFkvjyO_/&F[]D$6ee<k\0\0?aoIu|*.02<|7+d$\'-£\r\0+Z?čR}SR[vzܥ8cR䪺ϏR^iƇ۵n6*G k\\&3¹SX]$?c|1yН}<++U\0u|ni4>VBeM?>\nH!BWi9Ɔ?Eu%sƜ+=[4|c\r|t<w\rݛ-&ẒV0\r~\rx7[0jT\ZE/\\0W_o`0qk&}cGRrb`99*###rq5W.!|?.s$QMS#DOD܂`@5+Kᆹ[|IͥZ,NvA%#0\rD?aSnK4/?O\n		\0*jt 1H\Z#$On~$}5[յCtc7U]Oo+C\r[C.Ў#jֹ^xkXYeh. 62)Gb>Z;Qv?s^-(t٧,\07\0T2X\'l!5{757Az*++V+pa3sW7>SIqO\0~`,d\0O%|yoV[qfKS}[kɽ$>ꢊ+O(\0(\0(\0\0|or~)x++J?2ʍk^_Iov:g\0#jcbF[9F\0z&?břbO|߮sMy󢿭TUp(>+<x?ZTNbRsʐ{>mY^ǨCqy\"cWw<z|m5Aao\0K\"ƿ*:=KGkX\0_\Zj	-\04z~\0h?oc7մ\rj-&v4O$CʰAk?\0N\09~9Me<=~^Ǫ;؝t	Eו߱nڗibY6}J\0!ouс*x&OyU~Z|KNER>gFߗ0	W_/`	o,^zű,#/_`è#n\0hOֿتxQJ\\ђ}QqvgџMO(\0c&}Pt\'pPg\09ӖG\0W<~>h9Fr,2$MQJRD<2A䖾\0Q\0Qu\0\'\'5֩u y?vh8#ۃcA0b_ο\\W\"-)/?<Fr?UT}c8w \ZÂ\0q_ӗOZ/\0>(Ʃkx]KvsÃ#Ue W_EK|5🈯\\{:%KBH}_YNE\0t2Z ZQZSj{5C7kn>/I4:>\0gKT^DpxPzu)QdJc\\H=%_07i$#\\^^5\0&8\0w=mBT]:Z}:p+yu^!(c^ݬW=B(?(\0(\0(\0Ӿ\'x\\ֱ\\i>!L6$FȠʱz*\'tlȞ$h361GŪY>Uc,^NOܿOo\0P/KKa}ftj̈\r%SC)Q)l0w/_u{<u|GUGsp vF^X|>bhƖ:R*ͿG[$@\'rGUFڂW\Z8vke>d	_j9\0bunRկXx?EIhӥv>\\fFFHU豼]:+QճIQ?j[_śGφyf\0\"f=?~k=o\0\0>i~nch,mT}I$1<bY$y<kxv}\n>EWlxo-M0D֣5֋u{`+8eeV_|ak<m8\0!^`#7 *pT)K¿Q߂}G񦎯7u\0+sJAԘ~G9qtWkFO\0̿U>\\N+po@%YOHa#]߀^,,sFʞ\\u#nFW_M}Rvz8Uiї4^Gӳ?`?O[Z<kOOio\Z{R	_E6#T>#_\0lw[|92x}5|akE2m{Eq$\0α(	5eKS+Q_$tQ@Q@Q@Q@Q@Q@Q@Q@Q@Q@9b\0kON<xMYn&\rգb<eFylr}k/	O>x\0T.\Zzևv^/.-)2YZ\'f8u<En;!RI-n5G孬V6q*8B(\0\0qRQE|QE\0QE',1);
/*!40000 ALTER TABLE `configuracion` ENABLE KEYS */;
UNLOCK TABLES;

--
-- Table structure for table `control_liguilla`
--

DROP TABLE IF EXISTS `control_liguilla`;
/*!40101 SET @saved_cs_client     = @@character_set_client */;
/*!40101 SET character_set_client = utf8 */;
CREATE TABLE `control_liguilla` (
  `id_torneo` int(11) NOT NULL,
  `id_equipo` int(11) NOT NULL,
  `posicion` int(11) NOT NULL,
  `fuerza` int(11) DEFAULT NULL,
  `jornada` int(11) DEFAULT NULL,
  `eliminado` int(11) NOT NULL DEFAULT '0'
) ENGINE=InnoDB DEFAULT CHARSET=utf8;
/*!40101 SET character_set_client = @saved_cs_client */;

--
-- Dumping data for table `control_liguilla`
--

LOCK TABLES `control_liguilla` WRITE;
/*!40000 ALTER TABLE `control_liguilla` DISABLE KEYS */;
INSERT INTO `control_liguilla` VALUES (1,3,1,1,100,1),(1,12,2,1,99,1),(1,14,3,1,98,1),(1,15,4,1,98,1),(1,4,5,1,NULL,0),(1,9,6,1,99,1);
/*!40000 ALTER TABLE `control_liguilla` ENABLE KEYS */;
UNLOCK TABLES;

--
-- Table structure for table `equipos`
--

DROP TABLE IF EXISTS `equipos`;
/*!40101 SET @saved_cs_client     = @@character_set_client */;
/*!40101 SET character_set_client = utf8 */;
CREATE TABLE `equipos` (
  `id_equipo` int(11) NOT NULL AUTO_INCREMENT,
  `nombre` varchar(50) NOT NULL,
  `fuerza` int(11) NOT NULL,
  `fecha_registro` date NOT NULL,
  `fecha_baja` date DEFAULT NULL,
  `motivo_baja` varchar(50) DEFAULT NULL,
  PRIMARY KEY (`id_equipo`)
) ENGINE=InnoDB AUTO_INCREMENT=16 DEFAULT CHARSET=utf8;
/*!40101 SET character_set_client = @saved_cs_client */;

--
-- Dumping data for table `equipos`
--

LOCK TABLES `equipos` WRITE;
/*!40000 ALTER TABLE `equipos` DISABLE KEYS */;
INSERT INTO `equipos` VALUES (1,'DESCANSA',1,'2017-11-11',NULL,NULL),(2,'DESCANSA',2,'2017-11-11',NULL,NULL),(3,'ROSTICERIA EL POLLITO',1,'2017-11-11',NULL,NULL),(4,'EL CARRO',1,'2017-11-11',NULL,NULL),(5,'AGUILAS REALES',1,'2017-11-11',NULL,NULL),(6,'3 CRUCES',1,'2017-11-11',NULL,NULL),(7,'CAMPAMENTO',1,'2017-11-11',NULL,NULL),(8,'RANCHO JM',1,'2017-11-11',NULL,NULL),(9,'CORTIJO',1,'2017-11-11',NULL,NULL),(10,'DEP JUNIOR',1,'2017-11-11',NULL,NULL),(11,'DEP 2000',1,'2017-11-11',NULL,NULL),(12,'TOROS',1,'2017-11-11',NULL,NULL),(13,'COLONIA',1,'2017-11-11',NULL,NULL),(14,'LIRAS',1,'2017-11-11',NULL,NULL),(15,'18 PRIMOS',1,'2017-11-11',NULL,NULL);
/*!40000 ALTER TABLE `equipos` ENABLE KEYS */;
UNLOCK TABLES;

--
-- Table structure for table `estadisticas_equipo`
--

DROP TABLE IF EXISTS `estadisticas_equipo`;
/*!40101 SET @saved_cs_client     = @@character_set_client */;
/*!40101 SET character_set_client = utf8 */;
CREATE TABLE `estadisticas_equipo` (
  `id_estadistica` int(11) NOT NULL AUTO_INCREMENT,
  `id_juego` int(11) NOT NULL,
  `id_equipo` int(11) NOT NULL,
  `goles_favor` int(11) NOT NULL,
  `goles_contra` int(11) NOT NULL,
  `puntos` int(11) NOT NULL,
  PRIMARY KEY (`id_estadistica`),
  KEY `fk_eq_juego_idx` (`id_juego`),
  KEY `fk_eq_equipo_idx` (`id_equipo`),
  CONSTRAINT `fk_eq_equipo` FOREIGN KEY (`id_equipo`) REFERENCES `equipos` (`id_equipo`) ON DELETE NO ACTION ON UPDATE NO ACTION,
  CONSTRAINT `fk_eq_juego` FOREIGN KEY (`id_juego`) REFERENCES `juegos` (`id_juego`) ON DELETE NO ACTION ON UPDATE NO ACTION
) ENGINE=InnoDB AUTO_INCREMENT=367 DEFAULT CHARSET=utf8;
/*!40101 SET character_set_client = @saved_cs_client */;

--
-- Dumping data for table `estadisticas_equipo`
--

LOCK TABLES `estadisticas_equipo` WRITE;
/*!40000 ALTER TABLE `estadisticas_equipo` DISABLE KEYS */;
INSERT INTO `estadisticas_equipo` VALUES (1,2,12,1,3,0),(2,2,4,3,1,3),(3,3,15,1,2,0),(4,3,3,2,1,3),(5,4,7,3,3,1),(6,4,5,3,3,1),(7,5,14,3,2,3),(8,5,10,2,3,0),(9,6,11,1,0,3),(10,6,8,0,1,0),(11,7,13,0,0,1),(12,7,6,0,0,1),(13,8,6,1,2,0),(14,8,11,2,1,3),(15,9,10,2,2,1),(16,9,7,2,2,1),(17,10,5,0,2,0),(18,10,15,2,0,3),(19,12,9,1,0,3),(20,12,13,0,1,0),(21,13,8,3,2,3),(22,13,14,2,3,0),(23,14,3,0,0,1),(24,14,12,0,0,1),(25,15,12,2,1,3),(26,15,5,1,2,0),(27,16,15,1,1,1),(28,16,10,1,1,1),(29,17,7,3,1,3),(30,17,8,1,3,0),(31,18,3,1,3,0),(32,18,4,3,1,3),(33,19,14,2,1,3),(34,19,6,1,2,0),(35,20,11,2,1,3),(36,20,9,1,2,0),(37,22,6,2,2,1),(38,22,7,2,2,1),(39,23,10,2,3,0),(40,23,12,3,2,3),(41,25,5,0,1,0),(42,25,3,1,0,3),(43,26,4,0,0,1),(44,26,13,0,0,1),(45,27,9,1,2,0),(46,27,14,2,1,3),(47,28,8,1,1,1),(48,28,15,1,1,1),(49,29,5,0,1,0),(50,29,4,1,0,3),(51,30,12,1,2,0),(52,30,8,2,1,3),(53,31,15,1,1,1),(54,31,6,1,1,1),(55,32,7,1,2,0),(56,32,9,2,1,3),(57,33,3,3,1,3),(58,33,10,1,3,0),(61,35,11,1,4,0),(62,35,13,4,1,3),(63,36,6,1,4,0),(64,36,12,4,1,3),(65,37,10,1,1,1),(66,37,5,1,1,1),(67,39,4,4,2,3),(68,39,11,2,4,0),(69,40,9,3,0,3),(70,40,15,0,3,0),(71,41,8,1,2,0),(72,41,3,2,1,3),(73,42,13,0,0,1),(74,42,14,0,0,1),(75,43,10,0,0,1),(76,43,4,0,0,1),(77,44,5,1,1,1),(78,44,8,1,1,1),(79,45,12,1,0,3),(80,45,9,0,1,0),(81,47,7,2,1,3),(82,47,13,1,2,0),(83,48,3,3,2,3),(84,48,6,2,3,0),(85,49,14,1,2,0),(86,49,11,2,1,3),(87,50,6,1,2,0),(88,50,5,2,1,3),(89,52,4,2,3,0),(90,52,14,3,2,3),(91,53,9,0,0,1),(92,53,3,0,0,1),(93,54,8,2,1,3),(94,54,10,1,2,0),(95,55,11,2,2,1),(96,55,7,2,2,1),(97,56,13,2,1,3),(98,56,15,1,2,0),(99,57,10,2,3,0),(100,57,6,3,2,3),(101,58,5,1,2,0),(102,58,9,2,1,3),(103,59,12,1,1,1),(104,59,13,1,1,1),(105,60,15,4,2,3),(106,60,11,2,4,0),(107,61,7,3,0,3),(108,61,14,0,3,0),(109,62,8,1,2,0),(110,62,4,2,1,3),(111,64,6,1,1,1),(112,64,8,1,1,1),(113,66,4,3,3,1),(114,66,7,3,3,1),(115,67,9,2,2,1),(116,67,10,2,2,1),(117,68,14,2,2,1),(118,68,15,2,2,1),(119,69,11,3,4,0),(120,69,12,4,3,3),(121,70,13,0,2,0),(122,70,3,2,0,3),(123,71,6,2,4,0),(124,71,4,4,2,3),(125,73,5,4,2,3),(126,73,13,2,4,0),(127,74,12,2,1,3),(128,74,14,1,2,0),(129,75,15,3,1,3),(130,75,7,1,3,0),(131,76,8,2,0,3),(132,76,9,0,2,0),(133,77,3,6,0,3),(134,77,11,0,6,0),(137,79,15,6,4,3),(138,79,4,4,6,0),(139,80,9,1,0,3),(140,80,6,0,1,0),(141,81,7,0,1,0),(142,81,12,1,0,3),(143,82,14,2,2,1),(144,82,3,2,2,1),(145,83,11,1,1,1),(146,83,5,1,1,1),(147,84,13,1,0,3),(148,84,10,0,1,0),(149,86,10,2,1,3),(150,86,11,1,2,0),(151,87,5,1,1,1),(152,87,14,1,1,1),(153,88,12,3,2,3),(154,88,15,2,3,0),(155,89,4,2,3,0),(156,89,9,3,2,3),(157,90,8,0,0,1),(158,90,13,0,0,1),(159,91,3,3,0,3),(160,91,7,0,3,0),(161,93,4,2,1,3),(162,93,12,1,2,0),(163,94,3,2,1,3),(164,94,15,1,2,0),(165,95,5,0,0,1),(166,95,7,0,0,1),(167,96,10,1,2,0),(168,96,14,2,1,3),(169,97,8,2,3,0),(170,97,11,3,2,3),(171,98,6,1,0,3),(172,98,13,0,1,0),(173,99,11,1,1,1),(174,99,6,1,1,1),(175,100,7,2,1,3),(176,100,10,1,2,0),(179,101,15,3,2,3),(180,101,5,2,3,0),(181,103,13,1,3,0),(182,103,9,3,1,3),(183,104,14,4,2,3),(184,104,8,2,4,0),(185,105,12,0,0,1),(186,105,3,0,0,1),(187,113,5,0,0,1),(188,113,12,0,0,1),(191,114,10,2,3,0),(192,114,15,3,2,3),(193,115,8,2,1,3),(194,115,7,1,2,0),(195,116,4,1,2,0),(196,116,3,2,1,3),(197,117,6,1,3,0),(198,117,14,3,1,3),(199,118,9,2,1,3),(200,118,11,1,2,0),(201,106,7,2,1,3),(202,106,6,1,2,0),(203,107,12,2,1,3),(204,107,10,1,2,0),(205,109,3,0,4,0),(206,109,5,4,0,3),(207,110,13,1,3,0),(208,110,4,3,1,3),(209,111,14,0,0,1),(210,111,9,0,0,1),(211,112,15,2,0,3),(212,112,8,0,2,0),(213,127,4,1,2,0),(214,127,5,2,1,3),(215,128,8,1,3,0),(216,128,12,3,1,3),(217,129,6,2,2,1),(218,129,15,2,2,1),(219,130,9,0,0,1),(220,130,7,0,0,1),(221,131,10,2,1,3),(222,131,3,1,2,0),(223,133,13,0,0,1),(224,133,11,0,0,1),(225,120,12,3,3,1),(226,120,6,3,3,1),(227,121,5,2,0,3),(228,121,10,0,2,0),(229,123,11,0,3,0),(230,123,4,3,0,3),(231,124,15,1,1,1),(232,124,9,1,1,1),(233,125,3,3,1,3),(234,125,8,1,3,0),(235,126,14,2,0,3),(236,126,13,0,2,0),(237,141,4,2,2,1),(238,141,10,2,2,1),(239,142,8,0,0,1),(240,142,5,0,0,1),(241,143,9,1,3,0),(242,143,12,3,1,3),(243,145,13,1,3,0),(244,145,7,3,1,3),(245,146,6,1,1,1),(246,146,3,1,1,1),(247,147,11,2,2,1),(248,147,14,2,2,1),(249,134,5,1,2,0),(250,134,6,2,1,3),(251,136,14,2,0,3),(252,136,4,0,2,0),(253,137,3,3,2,3),(254,137,9,2,3,0),(255,138,10,1,2,0),(256,138,8,2,1,3),(257,139,7,3,2,3),(258,139,11,2,3,0),(259,140,15,2,0,3),(260,140,13,0,2,0),(263,155,6,3,5,0),(264,155,10,5,3,3),(265,156,9,0,0,1),(266,156,5,0,0,1),(267,157,13,0,0,1),(268,157,12,0,0,1),(269,158,11,2,1,3),(270,158,15,1,2,0),(271,159,14,1,0,3),(272,159,7,0,1,0),(273,160,4,1,1,1),(274,160,8,1,1,1),(275,148,8,3,1,3),(276,148,6,1,3,0),(277,150,7,1,2,0),(278,150,4,2,1,3),(279,151,10,1,2,0),(280,151,9,2,1,3),(281,152,15,2,1,3),(282,152,14,1,2,0),(283,153,12,2,2,1),(284,153,11,2,2,1),(285,154,3,4,1,3),(286,154,13,1,4,0),(287,169,4,1,1,1),(288,169,6,1,1,1),(289,171,13,2,3,0),(290,171,5,3,2,3),(291,172,14,3,3,1),(292,172,12,3,3,1),(295,173,7,2,2,1),(296,173,15,2,2,1),(297,174,9,1,2,0),(298,174,8,2,1,3),(299,175,11,1,2,0),(300,175,3,2,1,3),(303,163,4,0,1,0),(304,163,15,1,0,3),(305,164,6,1,1,1),(306,164,9,1,1,1),(307,165,12,2,0,3),(308,165,7,0,2,0),(309,166,3,3,3,1),(310,166,14,3,3,1),(311,167,5,0,0,1),(312,167,11,0,0,1),(313,168,10,0,1,0),(314,168,13,1,0,3),(315,177,11,1,2,0),(316,177,10,2,1,3),(317,178,14,1,0,3),(318,178,5,0,1,0),(319,179,15,3,1,3),(320,179,12,1,3,0),(321,180,9,1,2,0),(322,180,4,2,1,3),(323,181,13,1,1,1),(324,181,8,1,1,1),(325,182,7,3,1,3),(326,182,3,1,3,0),(351,199,14,1,2,0),(352,199,9,2,1,3),(353,200,15,0,1,0),(354,200,4,1,0,3),(355,201,3,0,0,1),(356,201,9,0,0,1),(357,202,12,0,1,0),(358,202,4,1,0,3),(359,203,9,1,1,1),(360,203,3,1,1,1),(361,204,4,2,1,3),(362,204,12,1,2,0),(363,205,3,2,1,3),(364,205,4,1,2,0),(365,206,4,3,1,3),(366,206,3,1,3,0);
/*!40000 ALTER TABLE `estadisticas_equipo` ENABLE KEYS */;
UNLOCK TABLES;

--
-- Table structure for table `estadisticas_jugador`
--

DROP TABLE IF EXISTS `estadisticas_jugador`;
/*!40101 SET @saved_cs_client     = @@character_set_client */;
/*!40101 SET character_set_client = utf8 */;
CREATE TABLE `estadisticas_jugador` (
  `id_estadistica` int(11) NOT NULL AUTO_INCREMENT,
  `id_jugador` int(11) NOT NULL,
  `id_juego` int(11) NOT NULL,
  `goles` int(11) DEFAULT NULL,
  `ta` int(11) DEFAULT NULL,
  `tr` int(11) DEFAULT NULL,
  `inicio_cambio_nj` varchar(2) NOT NULL,
  `id_equipo` int(11) NOT NULL,
  PRIMARY KEY (`id_estadistica`),
  KEY `fk_estadistica_jugador_idx` (`id_jugador`),
  KEY `fk_estadistica_juego_idx` (`id_juego`),
  KEY `fk_estadisticas_jug_equipo_idx` (`id_equipo`),
  CONSTRAINT `fk_estadistica_juego` FOREIGN KEY (`id_juego`) REFERENCES `juegos` (`id_juego`) ON DELETE NO ACTION ON UPDATE NO ACTION,
  CONSTRAINT `fk_estadistica_jugador` FOREIGN KEY (`id_jugador`) REFERENCES `jugadores` (`id_jugador`) ON DELETE NO ACTION ON UPDATE NO ACTION,
  CONSTRAINT `fk_estadisticas_jug_equipo` FOREIGN KEY (`id_equipo`) REFERENCES `equipos` (`id_equipo`) ON DELETE NO ACTION ON UPDATE NO ACTION
) ENGINE=InnoDB AUTO_INCREMENT=4577 DEFAULT CHARSET=utf8;
/*!40101 SET character_set_client = @saved_cs_client */;

--
-- Dumping data for table `estadisticas_jugador`
--

LOCK TABLES `estadisticas_jugador` WRITE;
/*!40000 ALTER TABLE `estadisticas_jugador` DISABLE KEYS */;
INSERT INTO `estadisticas_jugador` VALUES (1,109,2,0,0,0,'I',12),(2,110,2,0,0,0,'I',12),(3,111,2,0,0,0,'I',12),(4,31,2,1,0,0,'I',12),(5,112,2,0,0,0,'I',12),(6,113,2,0,0,0,'I',12),(7,114,2,0,0,0,'I',12),(8,115,2,0,0,0,'I',12),(9,116,2,0,0,0,'I',12),(10,117,2,0,0,0,'I',12),(11,118,2,0,0,0,'I',12),(12,119,2,0,0,0,'NJ',12),(13,73,2,0,0,0,'I',4),(14,74,2,0,0,0,'I',4),(15,75,2,3,0,0,'I',4),(16,76,2,0,0,0,'I',4),(17,77,2,0,0,0,'I',4),(18,78,2,0,0,0,'I',4),(19,79,2,0,0,0,'I',4),(20,80,2,0,0,0,'I',4),(21,81,2,0,0,0,'I',4),(22,28,2,0,0,0,'I',4),(23,82,2,0,0,0,'I',4),(24,83,2,0,0,0,'NJ',4),(25,19,3,0,0,0,'I',15),(26,8,3,1,0,0,'I',15),(27,11,3,0,0,0,'I',15),(28,22,3,0,1,0,'I',15),(29,23,3,0,0,0,'I',15),(30,32,3,0,0,0,'I',15),(31,122,3,0,0,0,'I',15),(32,123,3,0,0,0,'I',15),(33,124,3,0,0,0,'I',15),(34,125,3,0,0,0,'I',15),(35,126,3,0,0,0,'I',15),(36,127,3,0,0,0,'NJ',15),(37,13,3,0,0,0,'NJ',15),(38,17,3,0,0,0,'I',3),(39,15,3,0,0,0,'I',3),(40,10,3,0,0,0,'I',3),(41,18,3,0,0,0,'I',3),(42,21,3,0,0,0,'I',3),(43,9,3,0,0,0,'I',3),(44,16,3,2,0,0,'I',3),(45,6,3,0,0,0,'I',3),(46,4,3,0,0,0,'I',3),(47,14,3,0,0,0,'I',3),(48,12,3,0,0,0,'I',3),(49,1,3,0,0,0,'NJ',3),(50,150,4,1,0,0,'I',7),(51,151,4,1,0,0,'I',7),(52,35,4,0,0,0,'I',7),(53,152,4,1,0,0,'I',7),(54,153,4,0,0,0,'I',7),(55,154,4,0,0,0,'I',7),(56,155,4,0,0,0,'I',7),(57,156,4,0,0,0,'I',7),(58,157,4,0,0,0,'I',7),(59,158,4,0,0,0,'I',7),(60,159,4,0,0,0,'I',7),(61,160,4,0,0,0,'NJ',7),(62,161,4,0,0,0,'NJ',7),(63,139,4,0,0,0,'I',5),(64,140,4,0,0,0,'I',5),(65,141,4,3,0,0,'I',5),(66,34,4,0,0,0,'I',5),(67,142,4,0,0,0,'I',5),(68,143,4,0,0,0,'I',5),(69,144,4,0,0,0,'I',5),(70,145,4,0,0,0,'I',5),(71,146,4,0,0,0,'I',5),(72,147,4,0,0,0,'I',5),(73,148,4,0,0,0,'I',5),(74,149,4,0,0,0,'NJ',5),(75,84,5,0,0,0,'I',14),(76,85,5,0,0,0,'I',14),(77,86,5,0,0,0,'I',14),(78,87,5,1,0,0,'I',14),(79,88,5,0,0,0,'I',14),(80,89,5,0,0,0,'I',14),(81,90,5,0,0,0,'I',14),(82,91,5,1,0,0,'I',14),(83,29,5,0,0,0,'I',14),(84,92,5,1,0,0,'I',14),(85,93,5,0,0,0,'I',14),(86,94,5,0,0,0,'C',14),(87,62,5,0,0,0,'I',10),(88,63,5,1,0,0,'I',10),(89,64,5,0,0,0,'I',10),(90,65,5,0,0,0,'I',10),(91,66,5,0,0,0,'I',10),(92,67,5,0,0,0,'I',10),(93,68,5,1,0,0,'I',10),(94,69,5,0,0,0,'I',10),(95,70,5,0,0,0,'I',10),(96,71,5,0,0,0,'I',10),(97,27,5,0,0,0,'I',10),(98,72,5,0,0,0,'C',10),(99,25,6,1,0,0,'I',11),(100,52,6,0,0,0,'I',11),(101,53,6,0,0,0,'I',11),(102,54,6,0,0,0,'I',11),(103,55,6,0,0,0,'I',11),(104,56,6,0,0,0,'I',11),(105,57,6,0,0,0,'I',11),(106,58,6,0,0,0,'I',11),(107,59,6,0,0,0,'I',11),(108,60,6,0,0,0,'I',11),(109,61,6,0,0,0,'I',11),(110,26,6,0,0,0,'NJ',11),(111,95,6,0,0,0,'I',8),(112,96,6,0,0,0,'I',8),(113,97,6,0,0,0,'I',8),(114,98,6,0,0,0,'I',8),(115,99,6,0,0,0,'I',8),(116,100,6,0,0,0,'I',8),(117,101,6,0,0,0,'I',8),(118,30,6,0,0,0,'I',8),(119,102,6,0,0,0,'I',8),(120,103,6,0,0,0,'I',8),(121,104,6,0,0,0,'I',8),(122,105,6,0,0,0,'C',8),(123,106,6,0,0,0,'C',8),(124,107,6,0,0,0,'NJ',8),(125,108,6,0,0,0,'NJ',8),(126,36,7,0,0,0,'I',13),(127,162,7,0,0,0,'I',13),(128,163,7,0,0,0,'I',13),(129,164,7,0,0,0,'I',13),(130,165,7,0,0,0,'I',13),(131,166,7,0,0,0,'I',13),(132,167,7,0,0,0,'I',13),(133,168,7,0,0,0,'I',13),(134,169,7,0,0,0,'I',13),(135,170,7,0,0,0,'I',13),(136,171,7,0,0,0,'I',13),(137,37,7,0,0,0,'NJ',13),(138,38,7,0,0,0,'NJ',13),(139,39,7,0,0,0,'NJ',13),(140,128,7,0,0,0,'I',6),(141,129,7,0,0,0,'I',6),(142,130,7,0,0,0,'I',6),(143,131,7,0,0,0,'I',6),(144,33,7,0,0,0,'I',6),(145,132,7,0,0,0,'I',6),(146,133,7,0,0,0,'I',6),(147,134,7,0,0,0,'I',6),(148,135,7,0,0,0,'I',6),(149,136,7,0,0,0,'I',6),(150,137,7,0,0,0,'I',6),(151,138,7,0,0,0,'NJ',6),(152,128,8,0,0,0,'I',6),(153,129,8,1,0,0,'I',6),(154,130,8,0,0,0,'I',6),(155,131,8,0,0,0,'I',6),(156,33,8,0,0,0,'I',6),(157,132,8,0,0,0,'I',6),(158,133,8,0,0,0,'I',6),(159,134,8,0,0,0,'I',6),(160,135,8,0,0,0,'I',6),(161,136,8,0,0,0,'I',6),(162,137,8,0,0,0,'I',6),(163,138,8,0,0,0,'NJ',6),(164,25,8,0,0,0,'I',11),(165,52,8,0,0,0,'I',11),(166,53,8,0,0,0,'I',11),(167,54,8,2,0,0,'I',11),(168,55,8,0,0,0,'I',11),(169,56,8,0,0,0,'I',11),(170,57,8,0,0,0,'I',11),(171,58,8,0,0,0,'I',11),(172,59,8,0,0,0,'I',11),(173,60,8,0,0,0,'I',11),(174,61,8,0,0,0,'I',11),(175,26,8,0,0,0,'NJ',11),(176,62,9,1,0,0,'I',10),(177,63,9,0,0,0,'I',10),(178,64,9,0,0,0,'I',10),(179,65,9,1,0,0,'I',10),(180,66,9,0,0,0,'I',10),(181,67,9,0,0,0,'I',10),(182,68,9,0,0,0,'I',10),(183,69,9,0,0,0,'I',10),(184,70,9,0,0,0,'I',10),(185,71,9,0,0,0,'I',10),(186,27,9,0,0,0,'I',10),(187,72,9,0,0,0,'NJ',10),(188,150,9,0,0,0,'I',7),(189,151,9,0,0,0,'I',7),(190,35,9,1,0,0,'I',7),(191,152,9,0,0,0,'I',7),(192,153,9,0,0,0,'I',7),(193,154,9,0,0,0,'I',7),(194,155,9,1,0,0,'I',7),(195,156,9,0,0,0,'I',7),(196,157,9,0,0,0,'I',7),(197,158,9,0,0,0,'I',7),(198,159,9,0,0,0,'I',7),(199,160,9,0,0,0,'NJ',7),(200,161,9,0,0,0,'NJ',7),(201,139,10,0,0,0,'I',5),(202,140,10,0,0,0,'I',5),(203,141,10,0,0,0,'I',5),(204,34,10,0,0,0,'I',5),(205,142,10,0,0,0,'I',5),(206,143,10,0,0,0,'I',5),(207,144,10,0,0,0,'I',5),(208,145,10,0,0,0,'I',5),(209,146,10,0,0,0,'I',5),(210,147,10,0,0,0,'I',5),(211,148,10,0,0,0,'I',5),(212,149,10,0,0,0,'NJ',5),(213,19,10,1,0,0,'I',15),(214,8,10,0,0,0,'I',15),(215,11,10,0,0,0,'I',15),(216,22,10,0,0,0,'I',15),(217,23,10,0,0,0,'I',15),(218,32,10,0,0,0,'I',15),(219,122,10,1,0,0,'I',15),(220,123,10,0,0,0,'I',15),(221,124,10,0,0,0,'I',15),(222,125,10,0,0,0,'I',15),(223,126,10,0,0,0,'I',15),(224,127,10,0,0,0,'NJ',15),(225,13,10,0,0,0,'NJ',15),(226,41,12,0,0,0,'I',9),(227,24,12,1,0,0,'I',9),(228,42,12,0,0,0,'I',9),(229,43,12,0,0,0,'I',9),(230,44,12,0,0,0,'I',9),(231,45,12,0,0,0,'I',9),(232,46,12,0,0,0,'I',9),(233,47,12,0,0,0,'I',9),(234,48,12,0,0,0,'I',9),(235,49,12,0,0,0,'I',9),(236,50,12,0,0,0,'I',9),(237,51,12,0,0,0,'NJ',9),(238,36,12,0,0,0,'I',13),(239,162,12,0,0,0,'I',13),(240,163,12,0,0,0,'I',13),(241,164,12,0,0,0,'I',13),(242,165,12,0,0,0,'I',13),(243,166,12,0,0,0,'I',13),(244,167,12,0,0,0,'I',13),(245,168,12,0,0,0,'I',13),(246,169,12,0,0,0,'I',13),(247,170,12,0,0,0,'I',13),(248,171,12,0,0,0,'I',13),(249,37,12,0,0,0,'NJ',13),(250,38,12,0,0,0,'NJ',13),(251,39,12,0,0,0,'NJ',13),(252,95,13,0,0,0,'I',8),(253,96,13,0,0,0,'I',8),(254,97,13,0,0,0,'I',8),(255,98,13,0,0,0,'I',8),(256,99,13,0,0,0,'I',8),(257,100,13,3,0,0,'I',8),(258,101,13,0,0,0,'I',8),(259,30,13,0,0,0,'I',8),(260,102,13,0,0,0,'I',8),(261,103,13,0,0,0,'I',8),(262,104,13,0,0,0,'I',8),(263,105,13,0,0,0,'NJ',8),(264,106,13,0,0,0,'NJ',8),(265,107,13,0,0,0,'NJ',8),(266,108,13,0,0,0,'NJ',8),(267,84,13,0,0,0,'I',14),(268,85,13,2,0,0,'I',14),(269,86,13,0,0,0,'I',14),(270,87,13,0,0,0,'I',14),(271,88,13,0,0,0,'I',14),(272,89,13,0,0,0,'I',14),(273,90,13,0,0,0,'I',14),(274,91,13,0,0,0,'I',14),(275,29,13,0,0,0,'I',14),(276,92,13,0,0,0,'I',14),(277,93,13,0,0,0,'I',14),(278,94,13,0,0,0,'NJ',14),(279,17,14,0,0,0,'I',3),(280,15,14,0,0,0,'I',3),(281,10,14,0,0,0,'I',3),(282,18,14,0,0,0,'I',3),(283,21,14,0,0,0,'I',3),(284,9,14,0,0,0,'I',3),(285,16,14,0,0,0,'I',3),(286,6,14,0,0,0,'I',3),(287,4,14,0,0,0,'I',3),(288,14,14,0,0,0,'I',3),(289,12,14,0,0,0,'I',3),(290,1,14,0,0,0,'NJ',3),(291,109,14,0,0,0,'I',12),(292,110,14,0,0,0,'I',12),(293,111,14,0,0,0,'I',12),(294,31,14,0,0,0,'I',12),(295,112,14,0,0,0,'I',12),(296,113,14,0,0,0,'I',12),(297,114,14,0,0,0,'I',12),(298,115,14,0,0,0,'I',12),(299,116,14,0,0,0,'I',12),(300,117,14,0,0,0,'I',12),(301,118,14,0,0,0,'I',12),(302,119,14,0,0,0,'NJ',12),(303,109,15,0,0,0,'I',12),(304,110,15,0,0,0,'I',12),(305,111,15,1,0,0,'I',12),(306,31,15,0,0,0,'I',12),(307,112,15,0,0,0,'I',12),(308,113,15,1,0,0,'I',12),(309,114,15,0,0,0,'I',12),(310,115,15,0,0,0,'I',12),(311,116,15,0,0,0,'I',12),(312,117,15,0,0,0,'I',12),(313,118,15,0,0,0,'I',12),(314,119,15,0,0,0,'NJ',12),(315,139,15,0,0,0,'I',5),(316,140,15,0,0,0,'I',5),(317,141,15,0,0,0,'I',5),(318,34,15,1,0,0,'I',5),(319,142,15,0,0,0,'I',5),(320,143,15,0,0,0,'I',5),(321,144,15,0,0,0,'I',5),(322,145,15,0,0,0,'I',5),(323,146,15,0,0,0,'I',5),(324,147,15,0,0,0,'I',5),(325,148,15,0,0,0,'I',5),(326,149,15,0,0,0,'NJ',5),(327,19,16,0,0,0,'I',15),(328,8,16,0,0,0,'I',15),(329,11,16,0,0,0,'I',15),(330,22,16,0,0,0,'I',15),(331,23,16,0,0,0,'I',15),(332,32,16,1,0,0,'I',15),(333,122,16,0,0,0,'I',15),(334,123,16,0,0,0,'I',15),(335,124,16,0,0,0,'I',15),(336,125,16,0,0,0,'I',15),(337,126,16,0,0,0,'I',15),(338,127,16,0,0,0,'NJ',15),(339,13,16,0,0,0,'NJ',15),(340,62,16,0,0,0,'I',10),(341,63,16,0,0,0,'I',10),(342,64,16,1,0,0,'I',10),(343,65,16,0,0,0,'I',10),(344,66,16,0,0,0,'I',10),(345,67,16,0,0,0,'I',10),(346,68,16,0,0,0,'I',10),(347,69,16,0,0,0,'I',10),(348,70,16,0,0,0,'I',10),(349,71,16,0,0,0,'I',10),(350,27,16,0,0,0,'I',10),(351,72,16,0,0,0,'NJ',10),(352,150,17,0,0,0,'I',7),(353,151,17,0,0,0,'I',7),(354,35,17,1,0,0,'I',7),(355,152,17,0,0,0,'I',7),(356,153,17,0,0,0,'I',7),(357,154,17,2,0,0,'I',7),(358,155,17,0,0,0,'I',7),(359,156,17,0,0,0,'I',7),(360,157,17,0,0,0,'I',7),(361,158,17,0,0,0,'I',7),(362,159,17,0,0,0,'I',7),(363,160,17,0,0,0,'NJ',7),(364,161,17,0,0,0,'NJ',7),(365,95,17,0,0,0,'I',8),(366,96,17,1,0,0,'I',8),(367,97,17,0,0,0,'I',8),(368,98,17,0,0,0,'I',8),(369,99,17,0,0,0,'I',8),(370,100,17,0,0,0,'I',8),(371,101,17,0,0,0,'I',8),(372,30,17,0,0,0,'I',8),(373,102,17,0,0,0,'I',8),(374,103,17,0,0,0,'I',8),(375,104,17,0,0,0,'I',8),(376,105,17,0,0,0,'NJ',8),(377,106,17,0,0,0,'NJ',8),(378,107,17,0,0,0,'NJ',8),(379,108,17,0,0,0,'NJ',8),(380,17,18,0,0,0,'I',3),(381,15,18,0,0,0,'I',3),(382,10,18,1,0,0,'I',3),(383,18,18,0,0,0,'I',3),(384,21,18,0,0,0,'I',3),(385,9,18,0,0,0,'I',3),(386,16,18,0,0,0,'I',3),(387,6,18,0,0,0,'I',3),(388,4,18,0,0,0,'I',3),(389,14,18,0,0,0,'I',3),(390,12,18,0,0,0,'I',3),(391,1,18,0,0,0,'NJ',3),(392,73,18,0,0,0,'I',4),(393,74,18,0,0,0,'I',4),(394,75,18,3,0,0,'I',4),(395,76,18,0,0,0,'I',4),(396,77,18,0,0,0,'I',4),(397,78,18,0,0,0,'I',4),(398,79,18,0,0,0,'I',4),(399,80,18,0,0,0,'I',4),(400,81,18,0,0,0,'I',4),(401,28,18,0,0,0,'I',4),(402,82,18,0,0,0,'I',4),(403,83,18,0,0,0,'NJ',4),(404,84,19,0,0,0,'I',14),(405,85,19,0,0,0,'I',14),(406,86,19,1,0,0,'I',14),(407,87,19,0,0,0,'I',14),(408,88,19,0,0,0,'I',14),(409,89,19,0,0,0,'I',14),(410,90,19,1,0,0,'I',14),(411,91,19,0,0,0,'I',14),(412,29,19,0,0,0,'I',14),(413,92,19,0,0,0,'I',14),(414,93,19,0,0,0,'I',14),(415,94,19,0,0,0,'NJ',14),(416,128,19,0,0,0,'I',6),(417,129,19,0,0,0,'I',6),(418,130,19,0,0,0,'I',6),(419,131,19,0,0,0,'I',6),(420,33,19,1,0,0,'I',6),(421,132,19,0,0,0,'I',6),(422,133,19,0,0,0,'I',6),(423,134,19,0,0,0,'I',6),(424,135,19,0,0,0,'I',6),(425,136,19,0,0,0,'I',6),(426,137,19,0,0,0,'I',6),(427,138,19,0,0,0,'NJ',6),(428,25,20,0,0,0,'I',11),(429,52,20,0,0,0,'I',11),(430,53,20,0,0,0,'I',11),(431,54,20,0,0,0,'I',11),(432,55,20,2,0,0,'I',11),(433,56,20,0,0,0,'I',11),(434,57,20,0,0,0,'I',11),(435,58,20,0,0,0,'I',11),(436,59,20,0,0,0,'I',11),(437,60,20,0,0,0,'I',11),(438,61,20,0,0,0,'I',11),(439,26,20,0,0,0,'NJ',11),(440,41,20,0,0,0,'I',9),(441,24,20,0,0,0,'I',9),(442,42,20,1,0,0,'I',9),(443,43,20,0,0,0,'I',9),(444,44,20,0,0,0,'I',9),(445,45,20,0,0,0,'I',9),(446,46,20,0,0,0,'I',9),(447,47,20,0,0,0,'I',9),(448,48,20,0,0,0,'I',9),(449,49,20,0,0,0,'I',9),(450,50,20,0,0,0,'I',9),(451,51,20,0,0,0,'NJ',9),(452,128,22,0,0,0,'I',6),(453,129,22,0,0,0,'I',6),(454,130,22,0,0,0,'I',6),(455,131,22,1,0,0,'I',6),(456,33,22,0,0,0,'I',6),(457,132,22,0,0,0,'I',6),(458,133,22,1,0,0,'I',6),(459,134,22,0,0,0,'I',6),(460,135,22,0,0,0,'I',6),(461,136,22,0,0,0,'I',6),(462,137,22,0,0,0,'I',6),(463,138,22,0,0,0,'NJ',6),(464,150,22,0,0,0,'I',7),(465,151,22,0,0,0,'I',7),(466,35,22,1,0,0,'I',7),(467,152,22,0,0,0,'I',7),(468,153,22,0,0,0,'I',7),(469,154,22,0,0,0,'I',7),(470,155,22,1,0,0,'I',7),(471,156,22,0,0,0,'I',7),(472,157,22,0,0,0,'I',7),(473,158,22,0,0,0,'I',7),(474,159,22,0,0,0,'I',7),(475,160,22,0,0,0,'NJ',7),(476,161,22,0,0,0,'NJ',7),(477,62,23,0,0,0,'I',10),(478,63,23,0,0,0,'I',10),(479,64,23,1,0,0,'I',10),(480,65,23,0,0,0,'NJ',10),(481,66,23,1,0,0,'I',10),(482,67,23,0,0,0,'I',10),(483,68,23,0,0,0,'I',10),(484,69,23,0,0,0,'I',10),(485,70,23,0,0,0,'I',10),(486,71,23,0,0,0,'NJ',10),(487,27,23,0,0,0,'NJ',10),(488,72,23,0,0,0,'NJ',10),(489,109,23,0,0,0,'I',12),(490,110,23,1,0,0,'NJ',12),(491,111,23,0,0,0,'I',12),(492,31,23,0,0,0,'I',12),(493,112,23,0,0,0,'I',12),(494,113,23,0,0,0,'I',12),(495,114,23,2,0,0,'I',12),(496,115,23,0,0,0,'I',12),(497,116,23,0,0,0,'I',12),(498,117,23,0,0,0,'I',12),(499,118,23,0,0,0,'I',12),(500,119,23,0,0,0,'I',12),(501,139,25,0,0,0,'I',5),(502,140,25,0,0,0,'NJ',5),(503,141,25,0,0,0,'I',5),(504,34,25,0,0,0,'I',5),(505,142,25,0,0,0,'I',5),(506,143,25,0,0,0,'I',5),(507,144,25,0,0,0,'I',5),(508,145,25,0,0,0,'I',5),(509,146,25,0,0,0,'I',5),(510,147,25,0,0,0,'I',5),(511,148,25,0,0,0,'I',5),(512,149,25,0,0,0,'NJ',5),(513,17,25,0,0,0,'I',3),(514,15,25,0,0,0,'I',3),(515,10,25,0,0,0,'I',3),(516,18,25,0,0,0,'I',3),(517,21,25,1,0,0,'I',3),(518,9,25,0,0,0,'I',3),(519,16,25,0,0,0,'I',3),(520,6,25,0,0,0,'I',3),(521,4,25,0,0,0,'I',3),(522,14,25,0,0,0,'I',3),(523,12,25,0,0,0,'NJ',3),(524,1,25,0,0,0,'I',3),(525,73,26,0,0,0,'I',4),(526,74,26,0,0,0,'I',4),(527,75,26,0,0,0,'I',4),(528,76,26,0,0,0,'I',4),(529,77,26,0,0,0,'I',4),(530,78,26,0,0,0,'I',4),(531,79,26,0,0,0,'I',4),(532,80,26,0,0,0,'I',4),(533,81,26,0,0,0,'I',4),(534,28,26,0,0,0,'I',4),(535,82,26,0,0,0,'I',4),(536,83,26,0,0,0,'NJ',4),(537,36,26,0,0,0,'I',13),(538,162,26,0,0,0,'I',13),(539,163,26,0,0,0,'I',13),(540,164,26,0,0,0,'I',13),(541,165,26,0,0,0,'I',13),(542,166,26,0,0,0,'I',13),(543,167,26,0,0,0,'I',13),(544,168,26,0,0,0,'I',13),(545,169,26,0,0,0,'I',13),(546,170,26,0,0,0,'I',13),(547,171,26,0,0,0,'NJ',13),(548,37,26,0,0,0,'I',13),(549,38,26,0,0,0,'NJ',13),(550,39,26,0,0,0,'NJ',13),(551,41,27,0,0,0,'I',9),(552,24,27,0,0,0,'I',9),(553,42,27,0,0,0,'I',9),(554,43,27,1,0,0,'I',9),(555,44,27,0,0,0,'I',9),(556,45,27,0,0,0,'I',9),(557,46,27,0,0,0,'I',9),(558,47,27,0,0,0,'I',9),(559,48,27,0,0,0,'NJ',9),(560,49,27,0,0,0,'I',9),(561,50,27,0,0,0,'I',9),(562,51,27,0,0,0,'I',9),(563,84,27,0,0,0,'I',14),(564,85,27,0,0,0,'I',14),(565,86,27,2,0,0,'I',14),(566,87,27,0,0,0,'I',14),(567,88,27,0,0,0,'I',14),(568,89,27,0,0,0,'I',14),(569,90,27,0,0,0,'I',14),(570,91,27,0,0,0,'I',14),(571,29,27,0,0,0,'I',14),(572,92,27,0,0,0,'I',14),(573,93,27,0,0,0,'I',14),(574,94,27,0,0,0,'NJ',14),(575,95,28,0,0,0,'I',8),(576,96,28,0,0,0,'I',8),(577,97,28,1,0,0,'I',8),(578,98,28,0,0,0,'I',8),(579,99,28,0,0,0,'I',8),(580,100,28,0,0,0,'I',8),(581,101,28,0,0,0,'I',8),(582,30,28,0,0,0,'I',8),(583,102,28,0,0,0,'I',8),(584,103,28,0,0,0,'I',8),(585,104,28,0,0,0,'I',8),(586,105,28,0,0,0,'NJ',8),(587,106,28,0,0,0,'NJ',8),(588,107,28,0,0,0,'NJ',8),(589,108,28,0,0,0,'NJ',8),(590,19,28,0,0,0,'I',15),(591,8,28,0,0,0,'I',15),(592,11,28,0,0,0,'I',15),(593,22,28,1,0,0,'I',15),(594,23,28,0,0,0,'I',15),(595,32,28,0,0,0,'I',15),(596,122,28,0,0,0,'I',15),(597,123,28,0,0,0,'I',15),(598,124,28,0,0,0,'I',15),(599,125,28,0,0,0,'I',15),(600,126,28,0,0,0,'I',15),(601,127,28,0,0,0,'NJ',15),(602,13,28,0,0,0,'NJ',15),(603,139,29,0,0,0,'I',5),(604,140,29,0,0,0,'I',5),(605,141,29,0,0,0,'I',5),(606,34,29,0,0,0,'I',5),(607,142,29,0,0,0,'I',5),(608,143,29,0,0,0,'I',5),(609,144,29,0,0,0,'I',5),(610,145,29,0,0,0,'I',5),(611,146,29,0,0,0,'I',5),(612,147,29,0,0,0,'I',5),(613,148,29,0,0,0,'I',5),(614,149,29,0,0,0,'NJ',5),(615,73,29,0,0,0,'I',4),(616,74,29,0,0,0,'I',4),(617,75,29,0,0,0,'I',4),(618,76,29,1,0,0,'I',4),(619,77,29,0,0,0,'I',4),(620,78,29,0,0,0,'I',4),(621,79,29,0,0,0,'I',4),(622,80,29,0,0,0,'I',4),(623,81,29,0,0,0,'I',4),(624,28,29,0,0,0,'I',4),(625,82,29,0,0,0,'I',4),(626,83,29,0,0,0,'NJ',4),(627,109,30,0,0,0,'I',12),(628,110,30,1,0,0,'I',12),(629,111,30,0,0,0,'I',12),(630,31,30,0,0,0,'I',12),(631,112,30,0,0,0,'I',12),(632,113,30,0,0,0,'I',12),(633,114,30,0,0,0,'I',12),(634,115,30,0,0,0,'I',12),(635,116,30,0,0,0,'I',12),(636,117,30,0,0,0,'I',12),(637,118,30,0,0,0,'I',12),(638,119,30,0,0,0,'NJ',12),(639,95,30,0,0,0,'I',8),(640,96,30,0,0,0,'I',8),(641,97,30,1,0,0,'I',8),(642,98,30,0,0,0,'I',8),(643,99,30,1,0,0,'I',8),(644,100,30,0,0,0,'I',8),(645,101,30,0,0,0,'I',8),(646,30,30,0,0,0,'I',8),(647,102,30,0,0,0,'I',8),(648,103,30,0,0,0,'I',8),(649,104,30,0,0,0,'I',8),(650,105,30,0,0,0,'NJ',8),(651,106,30,0,0,0,'NJ',8),(652,107,30,0,0,0,'NJ',8),(653,108,30,0,0,0,'NJ',8),(654,19,31,0,0,0,'I',15),(655,8,31,0,0,0,'I',15),(656,11,31,0,0,0,'I',15),(657,22,31,1,0,0,'I',15),(658,23,31,0,0,0,'I',15),(659,32,31,0,0,0,'I',15),(660,122,31,0,0,0,'I',15),(661,123,31,0,0,0,'I',15),(662,124,31,0,0,0,'I',15),(663,125,31,0,0,0,'I',15),(664,126,31,0,0,0,'I',15),(665,127,31,0,0,0,'NJ',15),(666,13,31,0,0,0,'NJ',15),(667,128,31,0,0,0,'I',6),(668,129,31,1,0,0,'I',6),(669,130,31,0,0,0,'I',6),(670,131,31,0,0,0,'I',6),(671,33,31,0,0,0,'I',6),(672,132,31,0,0,0,'I',6),(673,133,31,0,0,0,'I',6),(674,134,31,0,0,0,'I',6),(675,135,31,0,0,0,'I',6),(676,136,31,0,0,0,'I',6),(677,137,31,0,0,0,'I',6),(678,138,31,0,0,0,'NJ',6),(679,150,32,0,0,0,'I',7),(680,151,32,0,0,0,'I',7),(681,35,32,0,0,0,'I',7),(682,152,32,0,0,0,'NJ',7),(683,153,32,0,0,0,'NJ',7),(684,154,32,1,0,0,'NJ',7),(685,155,32,0,0,0,'NJ',7),(686,156,32,0,0,0,'NJ',7),(687,157,32,0,0,0,'NJ',7),(688,158,32,0,0,0,'NJ',7),(689,159,32,0,0,0,'NJ',7),(690,160,32,0,0,0,'NJ',7),(691,161,32,0,0,0,'NJ',7),(692,41,32,2,0,0,'NJ',9),(693,24,32,0,0,0,'NJ',9),(694,42,32,0,0,0,'NJ',9),(695,43,32,0,0,0,'NJ',9),(696,44,32,0,0,0,'NJ',9),(697,45,32,0,0,0,'NJ',9),(698,46,32,0,0,0,'NJ',9),(699,47,32,0,0,0,'NJ',9),(700,48,32,0,0,0,'NJ',9),(701,49,32,0,0,0,'NJ',9),(702,50,32,0,0,0,'NJ',9),(703,51,32,0,0,0,'NJ',9),(704,17,33,0,0,0,'NJ',3),(705,15,33,0,0,0,'NJ',3),(706,10,33,0,0,0,'NJ',3),(707,18,33,0,0,0,'NJ',3),(708,21,33,0,0,0,'NJ',3),(709,9,33,1,0,0,'NJ',3),(710,16,33,0,0,0,'NJ',3),(711,6,33,2,0,0,'NJ',3),(712,4,33,0,0,0,'NJ',3),(713,14,33,0,0,0,'NJ',3),(714,12,33,0,0,0,'NJ',3),(715,1,33,0,0,0,'NJ',3),(716,62,33,0,0,0,'NJ',10),(717,63,33,0,0,0,'NJ',10),(718,64,33,0,0,0,'NJ',10),(719,65,33,1,0,0,'NJ',10),(720,66,33,0,0,0,'NJ',10),(721,67,33,0,0,0,'NJ',10),(722,68,33,0,0,0,'NJ',10),(723,69,33,0,0,0,'NJ',10),(724,70,33,0,0,0,'NJ',10),(725,71,33,0,0,0,'NJ',10),(726,27,33,0,0,0,'NJ',10),(727,72,33,0,0,0,'NJ',10),(728,25,35,0,0,0,'NJ',11),(729,52,35,0,0,0,'NJ',11),(730,53,35,1,0,0,'NJ',11),(731,54,35,0,0,0,'NJ',11),(732,55,35,0,0,0,'NJ',11),(733,56,35,0,0,0,'NJ',11),(734,57,35,0,0,0,'NJ',11),(735,58,35,0,0,0,'NJ',11),(736,59,35,0,0,0,'NJ',11),(737,60,35,0,0,0,'NJ',11),(738,61,35,0,0,0,'NJ',11),(739,26,35,0,0,0,'NJ',11),(740,36,35,0,0,0,'NJ',13),(741,162,35,0,0,0,'NJ',13),(742,163,35,0,0,0,'NJ',13),(743,164,35,1,0,0,'NJ',13),(744,165,35,0,0,0,'NJ',13),(745,166,35,0,0,0,'NJ',13),(746,167,35,0,0,0,'NJ',13),(747,168,35,0,0,0,'NJ',13),(748,169,35,0,0,0,'NJ',13),(749,170,35,0,0,0,'NJ',13),(750,171,35,0,0,0,'NJ',13),(751,37,35,0,0,0,'NJ',13),(752,38,35,0,0,0,'NJ',13),(753,39,35,0,0,0,'NJ',13),(754,25,35,0,0,0,'NJ',11),(755,52,35,0,0,0,'NJ',11),(756,53,35,1,0,0,'NJ',11),(757,54,35,0,0,0,'NJ',11),(758,55,35,0,0,0,'NJ',11),(759,56,35,0,0,0,'NJ',11),(760,57,35,0,0,0,'NJ',11),(761,58,35,0,0,0,'NJ',11),(762,59,35,0,0,0,'NJ',11),(763,60,35,0,0,0,'NJ',11),(764,61,35,0,0,0,'NJ',11),(765,26,35,0,0,0,'NJ',11),(766,36,35,0,0,0,'NJ',13),(767,162,35,0,0,0,'NJ',13),(768,163,35,0,0,0,'NJ',13),(769,164,35,1,0,0,'NJ',13),(770,165,35,0,0,0,'NJ',13),(771,166,35,0,0,0,'NJ',13),(772,167,35,0,0,0,'NJ',13),(773,168,35,0,0,0,'NJ',13),(774,169,35,0,0,0,'NJ',13),(775,170,35,3,0,0,'NJ',13),(776,171,35,0,0,0,'NJ',13),(777,37,35,0,0,0,'NJ',13),(778,38,35,0,0,0,'NJ',13),(779,39,35,0,0,0,'NJ',13),(780,128,36,0,0,0,'NJ',6),(781,129,36,1,0,0,'NJ',6),(782,130,36,0,0,0,'NJ',6),(783,131,36,0,0,0,'NJ',6),(784,33,36,0,0,0,'NJ',6),(785,132,36,0,0,0,'NJ',6),(786,133,36,0,0,0,'NJ',6),(787,134,36,0,0,0,'NJ',6),(788,135,36,0,0,0,'NJ',6),(789,136,36,0,0,0,'NJ',6),(790,137,36,0,0,0,'NJ',6),(791,138,36,0,0,0,'NJ',6),(792,109,36,0,0,0,'NJ',12),(793,110,36,2,0,0,'NJ',12),(794,111,36,0,0,0,'NJ',12),(795,31,36,1,0,0,'NJ',12),(796,112,36,0,0,0,'NJ',12),(797,113,36,1,0,0,'NJ',12),(798,114,36,0,0,0,'NJ',12),(799,115,36,0,0,0,'NJ',12),(800,116,36,0,0,0,'NJ',12),(801,117,36,0,0,0,'NJ',12),(802,118,36,0,0,0,'NJ',12),(803,119,36,0,0,0,'NJ',12),(804,62,37,0,0,0,'NJ',10),(805,63,37,0,0,0,'NJ',10),(806,64,37,0,0,0,'NJ',10),(807,65,37,1,0,0,'NJ',10),(808,66,37,0,0,0,'NJ',10),(809,67,37,0,0,0,'NJ',10),(810,68,37,0,0,0,'NJ',10),(811,69,37,0,0,0,'NJ',10),(812,70,37,0,0,0,'NJ',10),(813,71,37,0,0,0,'NJ',10),(814,27,37,0,0,0,'NJ',10),(815,72,37,0,0,0,'NJ',10),(816,139,37,0,0,0,'NJ',5),(817,140,37,1,0,0,'NJ',5),(818,141,37,0,0,0,'NJ',5),(819,34,37,0,0,0,'NJ',5),(820,142,37,0,0,0,'NJ',5),(821,143,37,0,0,0,'NJ',5),(822,144,37,0,0,0,'NJ',5),(823,145,37,0,0,0,'NJ',5),(824,146,37,0,0,0,'NJ',5),(825,147,37,0,0,0,'NJ',5),(826,148,37,0,0,0,'NJ',5),(827,149,37,0,0,0,'NJ',5),(828,73,39,0,0,0,'NJ',4),(829,74,39,0,0,0,'NJ',4),(830,75,39,1,0,0,'NJ',4),(831,76,39,1,0,0,'NJ',4),(832,77,39,0,0,0,'NJ',4),(833,78,39,0,0,0,'NJ',4),(834,79,39,2,0,0,'NJ',4),(835,80,39,0,0,0,'NJ',4),(836,81,39,0,0,0,'NJ',4),(837,28,39,0,0,0,'NJ',4),(838,82,39,0,0,0,'NJ',4),(839,83,39,0,0,0,'NJ',4),(840,25,39,0,0,0,'NJ',11),(841,52,39,1,0,0,'NJ',11),(842,53,39,0,0,0,'NJ',11),(843,54,39,1,0,0,'NJ',11),(844,55,39,0,0,0,'NJ',11),(845,56,39,0,0,0,'NJ',11),(846,57,39,0,0,0,'NJ',11),(847,58,39,0,0,0,'NJ',11),(848,59,39,0,0,0,'NJ',11),(849,60,39,0,0,0,'NJ',11),(850,61,39,0,0,0,'NJ',11),(851,26,39,0,0,0,'NJ',11),(852,41,40,0,0,0,'NJ',9),(853,24,40,3,0,0,'NJ',9),(854,42,40,0,0,0,'NJ',9),(855,43,40,0,0,0,'NJ',9),(856,44,40,0,0,0,'NJ',9),(857,45,40,0,0,0,'NJ',9),(858,46,40,0,0,0,'NJ',9),(859,47,40,0,0,0,'NJ',9),(860,48,40,0,0,0,'NJ',9),(861,49,40,0,0,0,'NJ',9),(862,50,40,0,0,0,'NJ',9),(863,51,40,0,0,0,'NJ',9),(864,19,40,0,0,0,'NJ',15),(865,8,40,0,0,0,'NJ',15),(866,11,40,0,0,0,'NJ',15),(867,22,40,0,0,0,'NJ',15),(868,23,40,0,0,0,'NJ',15),(869,32,40,0,0,0,'NJ',15),(870,122,40,0,0,0,'NJ',15),(871,123,40,0,0,0,'NJ',15),(872,124,40,0,0,0,'NJ',15),(873,125,40,0,0,0,'NJ',15),(874,126,40,0,0,0,'NJ',15),(875,127,40,0,0,0,'NJ',15),(876,13,40,0,0,0,'NJ',15),(877,95,41,0,0,0,'NJ',8),(878,96,41,1,0,0,'NJ',8),(879,97,41,0,0,0,'NJ',8),(880,98,41,0,0,0,'NJ',8),(881,99,41,0,0,0,'NJ',8),(882,100,41,0,0,0,'NJ',8),(883,101,41,0,0,0,'NJ',8),(884,30,41,0,0,0,'NJ',8),(885,102,41,0,0,0,'NJ',8),(886,103,41,0,0,0,'NJ',8),(887,104,41,0,0,0,'NJ',8),(888,105,41,0,0,0,'NJ',8),(889,106,41,0,0,0,'NJ',8),(890,107,41,0,0,0,'NJ',8),(891,108,41,0,0,0,'NJ',8),(892,17,41,0,0,0,'NJ',3),(893,15,41,1,0,0,'NJ',3),(894,10,41,0,0,0,'NJ',3),(895,18,41,1,0,0,'NJ',3),(896,21,41,0,0,0,'NJ',3),(897,9,41,0,0,0,'NJ',3),(898,16,41,0,0,0,'NJ',3),(899,6,41,0,0,0,'NJ',3),(900,4,41,0,0,0,'NJ',3),(901,14,41,0,0,0,'NJ',3),(902,12,41,0,0,0,'NJ',3),(903,1,41,0,0,0,'NJ',3),(904,36,42,0,0,0,'NJ',13),(905,162,42,0,0,0,'NJ',13),(906,163,42,0,0,0,'NJ',13),(907,164,42,0,0,0,'NJ',13),(908,165,42,0,0,0,'NJ',13),(909,166,42,0,0,0,'NJ',13),(910,167,42,0,0,0,'NJ',13),(911,168,42,0,0,0,'NJ',13),(912,169,42,0,0,0,'NJ',13),(913,170,42,0,0,0,'NJ',13),(914,171,42,0,0,0,'NJ',13),(915,37,42,0,0,0,'NJ',13),(916,38,42,0,0,0,'NJ',13),(917,39,42,0,0,0,'NJ',13),(918,84,42,0,0,0,'NJ',14),(919,85,42,0,0,0,'NJ',14),(920,86,42,0,0,0,'NJ',14),(921,87,42,0,0,0,'NJ',14),(922,88,42,0,0,0,'NJ',14),(923,89,42,0,0,0,'NJ',14),(924,90,42,0,0,0,'NJ',14),(925,91,42,0,0,0,'NJ',14),(926,29,42,0,0,0,'NJ',14),(927,92,42,0,0,0,'NJ',14),(928,93,42,0,0,0,'NJ',14),(929,94,42,0,0,0,'NJ',14),(930,62,43,0,0,0,'NJ',10),(931,63,43,0,0,0,'NJ',10),(932,64,43,0,0,0,'NJ',10),(933,65,43,0,0,0,'NJ',10),(934,66,43,0,0,0,'NJ',10),(935,67,43,0,0,0,'NJ',10),(936,68,43,0,0,0,'NJ',10),(937,69,43,0,0,0,'NJ',10),(938,70,43,0,0,0,'NJ',10),(939,71,43,0,0,0,'NJ',10),(940,27,43,0,0,0,'NJ',10),(941,72,43,0,0,0,'NJ',10),(942,73,43,0,0,0,'NJ',4),(943,74,43,0,0,0,'NJ',4),(944,75,43,0,0,0,'NJ',4),(945,76,43,0,0,0,'NJ',4),(946,77,43,0,0,0,'NJ',4),(947,78,43,0,0,0,'NJ',4),(948,79,43,0,0,0,'NJ',4),(949,80,43,0,0,0,'NJ',4),(950,81,43,0,0,0,'NJ',4),(951,28,43,0,0,0,'NJ',4),(952,82,43,0,0,0,'NJ',4),(953,83,43,0,0,0,'NJ',4),(954,139,44,0,0,0,'NJ',5),(955,140,44,0,0,0,'NJ',5),(956,141,44,0,0,0,'NJ',5),(957,34,44,0,0,0,'NJ',5),(958,142,44,1,0,0,'NJ',5),(959,143,44,0,0,0,'NJ',5),(960,144,44,0,0,0,'NJ',5),(961,145,44,0,0,0,'NJ',5),(962,146,44,0,0,0,'NJ',5),(963,147,44,0,0,0,'NJ',5),(964,148,44,0,0,0,'NJ',5),(965,149,44,0,0,0,'NJ',5),(966,95,44,0,0,0,'NJ',8),(967,96,44,0,0,0,'NJ',8),(968,97,44,0,0,0,'NJ',8),(969,98,44,0,0,0,'NJ',8),(970,99,44,0,0,0,'NJ',8),(971,100,44,1,0,0,'NJ',8),(972,101,44,0,0,0,'NJ',8),(973,30,44,0,0,0,'NJ',8),(974,102,44,0,0,0,'NJ',8),(975,103,44,0,0,0,'NJ',8),(976,104,44,0,0,0,'NJ',8),(977,105,44,0,0,0,'NJ',8),(978,106,44,0,0,0,'NJ',8),(979,107,44,0,0,0,'NJ',8),(980,108,44,0,0,0,'NJ',8),(981,109,45,0,0,0,'NJ',12),(982,110,45,0,0,0,'NJ',12),(983,111,45,1,0,0,'NJ',12),(984,31,45,0,0,0,'NJ',12),(985,112,45,0,0,0,'NJ',12),(986,113,45,0,0,0,'NJ',12),(987,114,45,0,0,0,'NJ',12),(988,115,45,0,0,0,'NJ',12),(989,116,45,0,0,0,'NJ',12),(990,117,45,0,0,0,'NJ',12),(991,118,45,0,0,0,'NJ',12),(992,119,45,0,0,0,'NJ',12),(993,41,45,0,0,0,'NJ',9),(994,24,45,0,0,0,'NJ',9),(995,42,45,0,0,0,'NJ',9),(996,43,45,0,0,0,'NJ',9),(997,44,45,0,0,0,'NJ',9),(998,45,45,0,0,0,'NJ',9),(999,46,45,0,0,0,'NJ',9),(1000,47,45,0,0,0,'NJ',9),(1001,48,45,0,0,0,'NJ',9),(1002,49,45,0,0,0,'NJ',9),(1003,50,45,0,0,0,'NJ',9),(1004,51,45,0,0,0,'NJ',9),(1005,150,47,0,0,0,'NJ',7),(1006,151,47,0,0,0,'NJ',7),(1007,35,47,0,0,0,'NJ',7),(1008,152,47,0,0,0,'NJ',7),(1009,153,47,2,0,0,'NJ',7),(1010,154,47,0,0,0,'NJ',7),(1011,155,47,0,0,0,'NJ',7),(1012,156,47,0,0,0,'NJ',7),(1013,157,47,0,0,0,'NJ',7),(1014,158,47,0,0,0,'NJ',7),(1015,159,47,0,0,0,'NJ',7),(1016,160,47,0,0,0,'NJ',7),(1017,161,47,0,0,0,'NJ',7),(1018,36,47,0,0,0,'NJ',13),(1019,162,47,0,0,0,'NJ',13),(1020,163,47,0,0,0,'NJ',13),(1021,164,47,1,0,0,'NJ',13),(1022,165,47,0,0,0,'NJ',13),(1023,166,47,0,0,0,'NJ',13),(1024,167,47,0,0,0,'NJ',13),(1025,168,47,0,0,0,'NJ',13),(1026,169,47,0,0,0,'NJ',13),(1027,170,47,0,0,0,'NJ',13),(1028,171,47,0,0,0,'NJ',13),(1029,37,47,0,0,0,'NJ',13),(1030,38,47,0,0,0,'NJ',13),(1031,39,47,0,0,0,'NJ',13),(1032,17,48,0,0,0,'NJ',3),(1033,15,48,0,0,0,'NJ',3),(1034,10,48,0,0,0,'NJ',3),(1035,18,48,1,0,0,'NJ',3),(1036,21,48,0,0,0,'NJ',3),(1037,9,48,0,0,0,'NJ',3),(1038,16,48,1,0,0,'NJ',3),(1039,6,48,0,0,0,'NJ',3),(1040,4,48,1,0,0,'NJ',3),(1041,14,48,0,0,0,'NJ',3),(1042,12,48,0,0,0,'NJ',3),(1043,1,48,0,0,0,'NJ',3),(1044,128,48,0,0,0,'NJ',6),(1045,129,48,0,0,0,'NJ',6),(1046,130,48,0,0,0,'NJ',6),(1047,131,48,2,0,0,'NJ',6),(1048,33,48,0,0,0,'NJ',6),(1049,132,48,0,0,0,'NJ',6),(1050,133,48,0,0,0,'NJ',6),(1051,134,48,0,0,0,'NJ',6),(1052,135,48,0,0,0,'NJ',6),(1053,136,48,0,0,0,'NJ',6),(1054,137,48,0,0,0,'NJ',6),(1055,138,48,0,0,0,'NJ',6),(1056,84,49,0,0,0,'NJ',14),(1057,85,49,0,0,0,'NJ',14),(1058,86,49,0,0,0,'NJ',14),(1059,87,49,0,0,0,'NJ',14),(1060,88,49,1,0,0,'NJ',14),(1061,89,49,0,0,0,'NJ',14),(1062,90,49,0,0,0,'NJ',14),(1063,91,49,0,0,0,'NJ',14),(1064,29,49,0,0,0,'NJ',14),(1065,92,49,0,0,0,'NJ',14),(1066,93,49,0,0,0,'NJ',14),(1067,94,49,0,0,0,'NJ',14),(1068,25,49,0,0,0,'NJ',11),(1069,52,49,0,0,0,'NJ',11),(1070,53,49,1,0,0,'NJ',11),(1071,54,49,0,0,0,'NJ',11),(1072,55,49,0,0,0,'NJ',11),(1073,56,49,0,0,0,'NJ',11),(1074,57,49,1,0,0,'NJ',11),(1075,58,49,0,0,0,'NJ',11),(1076,59,49,0,0,0,'NJ',11),(1077,60,49,0,0,0,'NJ',11),(1078,61,49,0,0,0,'NJ',11),(1079,26,49,0,0,0,'NJ',11),(1080,128,50,0,0,0,'NJ',6),(1081,129,50,1,0,0,'NJ',6),(1082,130,50,0,0,0,'NJ',6),(1083,131,50,0,0,0,'NJ',6),(1084,33,50,0,0,0,'NJ',6),(1085,132,50,0,0,0,'NJ',6),(1086,133,50,0,0,0,'NJ',6),(1087,134,50,0,0,0,'NJ',6),(1088,135,50,0,0,0,'NJ',6),(1089,136,50,0,0,0,'NJ',6),(1090,137,50,0,0,0,'NJ',6),(1091,138,50,0,0,0,'NJ',6),(1092,139,50,0,0,0,'NJ',5),(1093,140,50,2,0,0,'NJ',5),(1094,141,50,0,0,0,'NJ',5),(1095,34,50,0,0,0,'NJ',5),(1096,142,50,0,0,0,'NJ',5),(1097,143,50,0,0,0,'NJ',5),(1098,144,50,0,0,0,'NJ',5),(1099,145,50,0,0,0,'NJ',5),(1100,146,50,0,0,0,'NJ',5),(1101,147,50,0,0,0,'NJ',5),(1102,148,50,0,0,0,'NJ',5),(1103,149,50,0,0,0,'NJ',5),(1104,73,52,2,0,0,'NJ',4),(1105,74,52,0,0,0,'NJ',4),(1106,75,52,0,0,0,'NJ',4),(1107,76,52,0,0,0,'NJ',4),(1108,77,52,0,0,0,'NJ',4),(1109,78,52,0,0,0,'NJ',4),(1110,79,52,0,0,0,'NJ',4),(1111,80,52,0,0,0,'NJ',4),(1112,81,52,0,0,0,'NJ',4),(1113,28,52,0,0,0,'NJ',4),(1114,82,52,0,0,0,'NJ',4),(1115,83,52,0,0,0,'NJ',4),(1116,84,52,0,0,0,'NJ',14),(1117,85,52,0,0,0,'NJ',14),(1118,86,52,0,0,0,'NJ',14),(1119,87,52,1,0,0,'NJ',14),(1120,88,52,0,0,0,'NJ',14),(1121,89,52,0,0,0,'NJ',14),(1122,90,52,1,0,0,'NJ',14),(1123,91,52,0,0,0,'NJ',14),(1124,29,52,0,0,0,'NJ',14),(1125,92,52,0,0,0,'NJ',14),(1126,93,52,1,0,0,'NJ',14),(1127,94,52,0,0,0,'NJ',14),(1128,41,53,0,0,0,'NJ',9),(1129,24,53,0,0,0,'NJ',9),(1130,42,53,0,0,0,'NJ',9),(1131,43,53,0,0,0,'NJ',9),(1132,44,53,0,0,0,'NJ',9),(1133,45,53,0,0,0,'NJ',9),(1134,46,53,0,0,0,'NJ',9),(1135,47,53,0,0,0,'NJ',9),(1136,48,53,0,0,0,'NJ',9),(1137,49,53,0,0,0,'NJ',9),(1138,50,53,0,0,0,'NJ',9),(1139,51,53,0,0,0,'NJ',9),(1140,17,53,0,0,0,'NJ',3),(1141,15,53,0,0,0,'NJ',3),(1142,10,53,0,0,0,'NJ',3),(1143,18,53,0,0,0,'NJ',3),(1144,21,53,0,0,0,'NJ',3),(1145,9,53,0,0,0,'NJ',3),(1146,16,53,0,0,0,'NJ',3),(1147,6,53,0,0,0,'NJ',3),(1148,4,53,0,0,0,'NJ',3),(1149,14,53,0,0,0,'NJ',3),(1150,12,53,0,0,0,'NJ',3),(1151,1,53,0,0,0,'NJ',3),(1152,95,54,0,0,0,'NJ',8),(1153,96,54,2,0,0,'NJ',8),(1154,97,54,0,0,0,'NJ',8),(1155,98,54,0,0,0,'NJ',8),(1156,99,54,0,0,0,'NJ',8),(1157,100,54,0,0,0,'NJ',8),(1158,101,54,0,0,0,'NJ',8),(1159,30,54,0,0,0,'NJ',8),(1160,102,54,0,0,0,'NJ',8),(1161,103,54,0,0,0,'NJ',8),(1162,104,54,0,0,0,'NJ',8),(1163,105,54,0,0,0,'NJ',8),(1164,106,54,0,0,0,'NJ',8),(1165,107,54,0,0,0,'NJ',8),(1166,108,54,0,0,0,'NJ',8),(1167,62,54,0,0,0,'NJ',10),(1168,63,54,0,0,0,'NJ',10),(1169,64,54,1,0,0,'NJ',10),(1170,65,54,0,0,0,'NJ',10),(1171,66,54,0,0,0,'NJ',10),(1172,67,54,0,0,0,'NJ',10),(1173,68,54,0,0,0,'NJ',10),(1174,69,54,0,0,0,'NJ',10),(1175,70,54,0,0,0,'NJ',10),(1176,71,54,0,0,0,'NJ',10),(1177,27,54,0,0,0,'NJ',10),(1178,72,54,0,0,0,'NJ',10),(1179,25,55,0,0,0,'NJ',11),(1180,52,55,0,0,0,'NJ',11),(1181,53,55,2,0,0,'NJ',11),(1182,54,55,0,0,0,'NJ',11),(1183,55,55,0,0,0,'NJ',11),(1184,56,55,0,0,0,'NJ',11),(1185,57,55,0,0,0,'NJ',11),(1186,58,55,0,0,0,'NJ',11),(1187,59,55,0,0,0,'NJ',11),(1188,60,55,0,0,0,'NJ',11),(1189,61,55,0,0,0,'NJ',11),(1190,26,55,0,0,0,'NJ',11),(1191,150,55,0,0,0,'NJ',7),(1192,151,55,0,0,0,'NJ',7),(1193,35,55,2,0,0,'NJ',7),(1194,152,55,0,0,0,'NJ',7),(1195,153,55,0,0,0,'NJ',7),(1196,154,55,0,0,0,'NJ',7),(1197,155,55,0,0,0,'NJ',7),(1198,156,55,0,0,0,'NJ',7),(1199,157,55,0,0,0,'NJ',7),(1200,158,55,0,0,0,'NJ',7),(1201,159,55,0,0,0,'NJ',7),(1202,160,55,0,0,0,'NJ',7),(1203,161,55,0,0,0,'NJ',7),(1204,36,56,0,0,0,'NJ',13),(1205,162,56,0,0,0,'NJ',13),(1206,163,56,0,0,0,'NJ',13),(1207,164,56,2,0,0,'NJ',13),(1208,165,56,0,0,0,'NJ',13),(1209,166,56,0,0,0,'NJ',13),(1210,167,56,0,0,0,'NJ',13),(1211,168,56,0,0,0,'NJ',13),(1212,169,56,0,0,0,'NJ',13),(1213,170,56,0,0,0,'NJ',13),(1214,171,56,0,0,0,'NJ',13),(1215,37,56,0,0,0,'NJ',13),(1216,38,56,0,0,0,'NJ',13),(1217,39,56,0,0,0,'NJ',13),(1218,19,56,0,0,0,'NJ',15),(1219,8,56,0,0,0,'NJ',15),(1220,11,56,1,0,0,'NJ',15),(1221,22,56,0,0,0,'NJ',15),(1222,23,56,0,0,0,'NJ',15),(1223,32,56,0,0,0,'NJ',15),(1224,122,56,0,0,0,'NJ',15),(1225,123,56,0,0,0,'NJ',15),(1226,124,56,0,0,0,'NJ',15),(1227,125,56,0,0,0,'NJ',15),(1228,126,56,0,0,0,'NJ',15),(1229,127,56,0,0,0,'NJ',15),(1230,13,56,0,0,0,'NJ',15),(1231,62,57,0,0,0,'NJ',10),(1232,63,57,0,0,0,'NJ',10),(1233,64,57,2,0,0,'NJ',10),(1234,65,57,0,0,0,'NJ',10),(1235,66,57,0,0,0,'NJ',10),(1236,67,57,0,0,0,'NJ',10),(1237,68,57,0,0,0,'NJ',10),(1238,69,57,0,0,0,'NJ',10),(1239,70,57,0,0,0,'NJ',10),(1240,71,57,0,0,0,'NJ',10),(1241,27,57,0,0,0,'NJ',10),(1242,72,57,0,0,0,'NJ',10),(1243,128,57,0,0,0,'NJ',6),(1244,129,57,0,0,0,'NJ',6),(1245,130,57,0,0,0,'NJ',6),(1246,131,57,2,0,0,'NJ',6),(1247,33,57,0,0,0,'NJ',6),(1248,132,57,0,0,0,'NJ',6),(1249,133,57,0,0,0,'NJ',6),(1250,134,57,1,0,0,'NJ',6),(1251,135,57,0,0,0,'NJ',6),(1252,136,57,0,0,0,'NJ',6),(1253,137,57,0,0,0,'NJ',6),(1254,138,57,0,0,0,'NJ',6),(1255,139,58,0,0,0,'NJ',5),(1256,140,58,0,0,0,'NJ',5),(1257,141,58,1,0,0,'NJ',5),(1258,34,58,0,0,0,'NJ',5),(1259,142,58,0,0,0,'NJ',5),(1260,143,58,0,0,0,'NJ',5),(1261,144,58,0,0,0,'NJ',5),(1262,145,58,0,0,0,'NJ',5),(1263,146,58,0,0,0,'NJ',5),(1264,147,58,0,0,0,'NJ',5),(1265,148,58,0,0,0,'NJ',5),(1266,149,58,0,0,0,'NJ',5),(1267,41,58,0,0,0,'NJ',9),(1268,24,58,1,0,0,'NJ',9),(1269,42,58,0,0,0,'NJ',9),(1270,43,58,0,0,0,'NJ',9),(1271,44,58,0,0,0,'NJ',9),(1272,45,58,0,0,0,'NJ',9),(1273,46,58,0,0,0,'NJ',9),(1274,47,58,0,0,0,'NJ',9),(1275,48,58,1,0,0,'NJ',9),(1276,49,58,0,0,0,'NJ',9),(1277,50,58,0,0,0,'NJ',9),(1278,51,58,0,0,0,'NJ',9),(1279,109,59,0,0,0,'NJ',12),(1280,110,59,1,0,0,'NJ',12),(1281,111,59,0,0,0,'NJ',12),(1282,31,59,0,0,0,'NJ',12),(1283,112,59,0,0,0,'NJ',12),(1284,113,59,0,0,0,'NJ',12),(1285,114,59,0,0,0,'NJ',12),(1286,115,59,0,0,0,'NJ',12),(1287,116,59,0,0,0,'NJ',12),(1288,117,59,0,0,0,'NJ',12),(1289,118,59,0,0,0,'NJ',12),(1290,119,59,0,0,0,'NJ',12),(1291,36,59,0,0,0,'NJ',13),(1292,162,59,0,0,0,'NJ',13),(1293,163,59,0,0,0,'NJ',13),(1294,164,59,0,0,0,'NJ',13),(1295,165,59,1,0,0,'NJ',13),(1296,166,59,0,0,0,'NJ',13),(1297,167,59,0,0,0,'NJ',13),(1298,168,59,0,0,0,'NJ',13),(1299,169,59,0,0,0,'NJ',13),(1300,170,59,0,0,0,'NJ',13),(1301,171,59,0,0,0,'NJ',13),(1302,37,59,0,0,0,'NJ',13),(1303,38,59,0,0,0,'NJ',13),(1304,39,59,0,0,0,'NJ',13),(1305,19,60,0,0,0,'NJ',15),(1306,8,60,1,0,0,'NJ',15),(1307,11,60,0,0,0,'NJ',15),(1308,22,60,0,0,0,'NJ',15),(1309,23,60,0,0,0,'NJ',15),(1310,32,60,0,0,0,'NJ',15),(1311,122,60,0,0,0,'NJ',15),(1312,123,60,0,0,0,'NJ',15),(1313,124,60,0,0,0,'NJ',15),(1314,125,60,0,0,0,'NJ',15),(1315,126,60,0,0,0,'NJ',15),(1316,127,60,0,0,0,'NJ',15),(1317,13,60,3,0,0,'NJ',15),(1318,25,60,0,0,0,'NJ',11),(1319,52,60,1,0,0,'NJ',11),(1320,53,60,0,0,0,'NJ',11),(1321,54,60,0,0,0,'NJ',11),(1322,55,60,0,0,0,'NJ',11),(1323,56,60,1,0,0,'NJ',11),(1324,57,60,0,0,0,'NJ',11),(1325,58,60,0,0,0,'NJ',11),(1326,59,60,0,0,0,'NJ',11),(1327,60,60,0,0,0,'NJ',11),(1328,61,60,0,0,0,'NJ',11),(1329,26,60,0,0,0,'NJ',11),(1330,150,61,0,0,0,'NJ',7),(1331,151,61,3,0,0,'NJ',7),(1332,35,61,0,0,0,'NJ',7),(1333,152,61,0,0,0,'NJ',7),(1334,153,61,0,0,0,'NJ',7),(1335,154,61,0,0,0,'NJ',7),(1336,155,61,0,0,0,'NJ',7),(1337,156,61,0,0,0,'NJ',7),(1338,157,61,0,0,0,'NJ',7),(1339,158,61,0,0,0,'NJ',7),(1340,159,61,0,0,0,'NJ',7),(1341,160,61,0,0,0,'NJ',7),(1342,161,61,0,0,0,'NJ',7),(1343,84,61,0,0,0,'NJ',14),(1344,85,61,0,0,0,'NJ',14),(1345,86,61,0,0,0,'NJ',14),(1346,87,61,0,0,0,'NJ',14),(1347,88,61,0,0,0,'NJ',14),(1348,89,61,0,0,0,'NJ',14),(1349,90,61,0,0,0,'NJ',14),(1350,91,61,0,0,0,'NJ',14),(1351,29,61,0,0,0,'NJ',14),(1352,92,61,0,0,0,'NJ',14),(1353,93,61,0,0,0,'NJ',14),(1354,94,61,0,0,0,'NJ',14),(1355,95,62,0,0,0,'NJ',8),(1356,96,62,1,0,0,'NJ',8),(1357,97,62,0,0,0,'NJ',8),(1358,98,62,0,0,0,'NJ',8),(1359,99,62,0,0,0,'NJ',8),(1360,100,62,0,0,0,'NJ',8),(1361,101,62,0,0,0,'NJ',8),(1362,30,62,0,0,0,'NJ',8),(1363,102,62,0,0,0,'NJ',8),(1364,103,62,0,0,0,'NJ',8),(1365,104,62,0,0,0,'NJ',8),(1366,105,62,0,0,0,'NJ',8),(1367,106,62,0,0,0,'NJ',8),(1368,107,62,0,0,0,'NJ',8),(1369,108,62,0,0,0,'NJ',8),(1370,73,62,0,0,0,'NJ',4),(1371,74,62,0,0,0,'NJ',4),(1372,75,62,0,0,0,'NJ',4),(1373,76,62,2,0,0,'NJ',4),(1374,77,62,0,0,0,'NJ',4),(1375,78,62,0,0,0,'NJ',4),(1376,79,62,0,0,0,'NJ',4),(1377,80,62,0,0,0,'NJ',4),(1378,81,62,0,0,0,'NJ',4),(1379,28,62,0,0,0,'NJ',4),(1380,82,62,0,0,0,'NJ',4),(1381,83,62,0,0,0,'NJ',4),(1382,128,64,1,0,0,'NJ',6),(1383,129,64,0,0,0,'NJ',6),(1384,130,64,0,0,0,'NJ',6),(1385,131,64,0,0,0,'NJ',6),(1386,33,64,0,0,0,'NJ',6),(1387,132,64,0,0,0,'NJ',6),(1388,133,64,0,0,0,'NJ',6),(1389,134,64,0,0,0,'NJ',6),(1390,135,64,0,0,0,'NJ',6),(1391,136,64,0,0,0,'NJ',6),(1392,137,64,0,0,0,'NJ',6),(1393,138,64,0,0,0,'NJ',6),(1394,95,64,0,0,0,'NJ',8),(1395,96,64,0,0,0,'NJ',8),(1396,97,64,0,0,0,'NJ',8),(1397,98,64,1,0,0,'NJ',8),(1398,99,64,0,0,0,'NJ',8),(1399,100,64,0,0,0,'NJ',8),(1400,101,64,0,0,0,'NJ',8),(1401,30,64,0,0,0,'NJ',8),(1402,102,64,0,0,0,'NJ',8),(1403,103,64,0,0,0,'NJ',8),(1404,104,64,0,0,0,'NJ',8),(1405,105,64,0,0,0,'NJ',8),(1406,106,64,0,0,0,'NJ',8),(1407,107,64,0,0,0,'NJ',8),(1408,108,64,0,0,0,'NJ',8),(1409,73,66,0,0,0,'NJ',4),(1410,74,66,2,0,0,'NJ',4),(1411,75,66,0,0,0,'NJ',4),(1412,76,66,0,0,0,'NJ',4),(1413,77,66,0,0,0,'NJ',4),(1414,78,66,1,0,0,'NJ',4),(1415,79,66,0,0,0,'NJ',4),(1416,80,66,0,0,0,'NJ',4),(1417,81,66,0,0,0,'NJ',4),(1418,28,66,0,0,0,'NJ',4),(1419,82,66,0,0,0,'NJ',4),(1420,83,66,0,0,0,'NJ',4),(1421,150,66,0,0,0,'NJ',7),(1422,151,66,0,0,0,'NJ',7),(1423,35,66,2,0,0,'NJ',7),(1424,152,66,0,0,0,'NJ',7),(1425,153,66,1,0,0,'NJ',7),(1426,154,66,0,0,0,'NJ',7),(1427,155,66,0,0,0,'NJ',7),(1428,156,66,0,0,0,'NJ',7),(1429,157,66,0,0,0,'NJ',7),(1430,158,66,0,0,0,'NJ',7),(1431,159,66,0,0,0,'NJ',7),(1432,160,66,0,0,0,'NJ',7),(1433,161,66,0,0,0,'NJ',7),(1434,41,67,0,0,0,'NJ',9),(1435,24,67,0,0,0,'NJ',9),(1436,42,67,0,0,0,'NJ',9),(1437,43,67,0,0,0,'NJ',9),(1438,44,67,2,0,0,'NJ',9),(1439,45,67,0,0,0,'NJ',9),(1440,46,67,0,0,0,'NJ',9),(1441,47,67,0,0,0,'NJ',9),(1442,48,67,0,0,0,'NJ',9),(1443,49,67,0,0,0,'NJ',9),(1444,50,67,0,0,0,'NJ',9),(1445,51,67,0,0,0,'NJ',9),(1446,62,67,0,0,0,'NJ',10),(1447,63,67,1,0,0,'NJ',10),(1448,64,67,0,0,0,'NJ',10),(1449,65,67,0,0,0,'NJ',10),(1450,66,67,0,0,0,'NJ',10),(1451,67,67,1,0,0,'NJ',10),(1452,68,67,0,0,0,'NJ',10),(1453,69,67,0,0,0,'NJ',10),(1454,70,67,0,0,0,'NJ',10),(1455,71,67,0,0,0,'NJ',10),(1456,27,67,0,0,0,'NJ',10),(1457,72,67,0,0,0,'NJ',10),(1458,84,68,0,0,0,'NJ',14),(1459,85,68,0,0,0,'NJ',14),(1460,86,68,2,0,0,'NJ',14),(1461,87,68,0,0,0,'NJ',14),(1462,88,68,0,0,0,'NJ',14),(1463,89,68,0,0,0,'NJ',14),(1464,90,68,0,0,0,'NJ',14),(1465,91,68,0,0,0,'NJ',14),(1466,29,68,0,0,0,'NJ',14),(1467,92,68,0,0,0,'NJ',14),(1468,93,68,0,0,0,'NJ',14),(1469,94,68,0,0,0,'NJ',14),(1470,19,68,0,0,0,'NJ',15),(1471,8,68,0,0,0,'NJ',15),(1472,11,68,1,0,0,'NJ',15),(1473,22,68,1,0,0,'NJ',15),(1474,23,68,0,0,0,'NJ',15),(1475,32,68,0,0,0,'NJ',15),(1476,122,68,0,0,0,'NJ',15),(1477,123,68,0,0,0,'NJ',15),(1478,124,68,0,0,0,'NJ',15),(1479,125,68,0,0,0,'NJ',15),(1480,126,68,0,0,0,'NJ',15),(1481,127,68,0,0,0,'NJ',15),(1482,13,68,0,0,0,'NJ',15),(1483,25,69,0,0,0,'NJ',11),(1484,52,69,0,0,0,'NJ',11),(1485,53,69,3,0,0,'NJ',11),(1486,54,69,0,0,0,'NJ',11),(1487,55,69,0,0,0,'NJ',11),(1488,56,69,0,0,0,'NJ',11),(1489,57,69,0,0,0,'NJ',11),(1490,58,69,0,0,0,'NJ',11),(1491,59,69,0,0,0,'NJ',11),(1492,60,69,0,0,0,'NJ',11),(1493,61,69,0,0,0,'NJ',11),(1494,26,69,0,0,0,'NJ',11),(1495,109,69,0,0,0,'NJ',12),(1496,110,69,0,0,0,'NJ',12),(1497,111,69,3,0,0,'NJ',12),(1498,31,69,0,0,0,'NJ',12),(1499,112,69,0,0,0,'NJ',12),(1500,113,69,1,0,0,'NJ',12),(1501,114,69,0,0,0,'NJ',12),(1502,115,69,0,0,0,'NJ',12),(1503,116,69,0,0,0,'NJ',12),(1504,117,69,0,0,0,'NJ',12),(1505,118,69,0,0,0,'NJ',12),(1506,119,69,0,0,0,'NJ',12),(1507,36,70,0,0,0,'NJ',13),(1508,162,70,0,0,0,'NJ',13),(1509,163,70,0,0,0,'NJ',13),(1510,164,70,0,0,0,'NJ',13),(1511,165,70,0,0,0,'NJ',13),(1512,166,70,0,0,0,'NJ',13),(1513,167,70,0,0,0,'NJ',13),(1514,168,70,0,0,0,'NJ',13),(1515,169,70,0,0,0,'NJ',13),(1516,170,70,0,0,0,'NJ',13),(1517,171,70,0,0,0,'NJ',13),(1518,37,70,0,0,0,'NJ',13),(1519,38,70,0,0,0,'NJ',13),(1520,39,70,0,0,0,'NJ',13),(1521,17,70,0,0,0,'NJ',3),(1522,15,70,1,0,0,'NJ',3),(1523,10,70,0,0,0,'NJ',3),(1524,18,70,0,0,0,'NJ',3),(1525,21,70,0,0,0,'NJ',3),(1526,9,70,1,0,0,'NJ',3),(1527,16,70,0,0,0,'NJ',3),(1528,6,70,0,0,0,'NJ',3),(1529,4,70,0,0,0,'NJ',3),(1530,14,70,0,0,0,'NJ',3),(1531,12,70,0,0,0,'NJ',3),(1532,1,70,0,0,0,'NJ',3),(1533,128,71,1,0,0,'NJ',6),(1534,129,71,0,0,0,'NJ',6),(1535,130,71,0,0,0,'NJ',6),(1536,131,71,0,0,0,'NJ',6),(1537,33,71,0,0,0,'NJ',6),(1538,132,71,1,0,0,'NJ',6),(1539,133,71,0,0,0,'NJ',6),(1540,134,71,0,0,0,'NJ',6),(1541,135,71,0,0,0,'NJ',6),(1542,136,71,0,0,0,'NJ',6),(1543,137,71,0,0,0,'NJ',6),(1544,138,71,0,0,0,'NJ',6),(1545,73,71,0,0,0,'NJ',4),(1546,74,71,0,0,0,'NJ',4),(1547,75,71,1,0,0,'NJ',4),(1548,76,71,0,0,0,'NJ',4),(1549,77,71,1,0,0,'NJ',4),(1550,78,71,0,0,0,'NJ',4),(1551,79,71,1,0,0,'NJ',4),(1552,80,71,0,0,0,'NJ',4),(1553,81,71,1,0,0,'NJ',4),(1554,28,71,0,0,0,'NJ',4),(1555,82,71,0,0,0,'NJ',4),(1556,83,71,0,0,0,'NJ',4),(1557,139,73,2,0,0,'NJ',5),(1558,140,73,0,0,0,'NJ',5),(1559,141,73,0,0,0,'NJ',5),(1560,34,73,0,0,0,'NJ',5),(1561,142,73,2,0,0,'NJ',5),(1562,143,73,0,0,0,'NJ',5),(1563,144,73,0,0,0,'NJ',5),(1564,145,73,0,0,0,'NJ',5),(1565,146,73,0,0,0,'NJ',5),(1566,147,73,0,0,0,'NJ',5),(1567,148,73,0,0,0,'NJ',5),(1568,149,73,0,0,0,'NJ',5),(1569,36,73,0,0,0,'NJ',13),(1570,162,73,1,0,0,'NJ',13),(1571,163,73,0,0,0,'NJ',13),(1572,164,73,0,0,0,'NJ',13),(1573,165,73,0,0,0,'NJ',13),(1574,166,73,0,0,0,'NJ',13),(1575,167,73,0,0,0,'NJ',13),(1576,168,73,0,0,0,'NJ',13),(1577,169,73,1,0,0,'NJ',13),(1578,170,73,0,0,0,'NJ',13),(1579,171,73,0,0,0,'NJ',13),(1580,37,73,0,0,0,'NJ',13),(1581,38,73,0,0,0,'NJ',13),(1582,39,73,0,0,0,'NJ',13),(1583,109,74,0,0,0,'NJ',12),(1584,110,74,1,0,0,'NJ',12),(1585,111,74,0,0,0,'NJ',12),(1586,31,74,0,0,0,'NJ',12),(1587,112,74,1,0,0,'NJ',12),(1588,113,74,0,0,0,'NJ',12),(1589,114,74,0,0,0,'NJ',12),(1590,115,74,0,0,0,'NJ',12),(1591,116,74,0,0,0,'NJ',12),(1592,117,74,0,0,0,'NJ',12),(1593,118,74,0,0,0,'NJ',12),(1594,119,74,0,0,0,'NJ',12),(1595,84,74,0,0,0,'NJ',14),(1596,85,74,0,0,0,'NJ',14),(1597,86,74,1,0,0,'NJ',14),(1598,87,74,0,0,0,'NJ',14),(1599,88,74,0,0,0,'NJ',14),(1600,89,74,0,0,0,'NJ',14),(1601,90,74,0,0,0,'NJ',14),(1602,91,74,0,0,0,'NJ',14),(1603,29,74,0,0,0,'NJ',14),(1604,92,74,0,0,0,'NJ',14),(1605,93,74,0,0,0,'NJ',14),(1606,94,74,0,0,0,'NJ',14),(1607,19,75,0,0,0,'NJ',15),(1608,8,75,2,0,0,'NJ',15),(1609,11,75,0,0,0,'NJ',15),(1610,22,75,0,0,0,'NJ',15),(1611,23,75,0,0,0,'NJ',15),(1612,32,75,1,0,0,'NJ',15),(1613,122,75,0,0,0,'NJ',15),(1614,123,75,0,0,0,'NJ',15),(1615,124,75,0,0,0,'NJ',15),(1616,125,75,0,0,0,'NJ',15),(1617,126,75,0,0,0,'NJ',15),(1618,127,75,0,0,0,'NJ',15),(1619,13,75,0,0,0,'NJ',15),(1620,150,75,0,0,0,'NJ',7),(1621,151,75,0,0,0,'NJ',7),(1622,35,75,0,0,0,'NJ',7),(1623,152,75,1,0,0,'NJ',7),(1624,153,75,0,0,0,'NJ',7),(1625,154,75,0,0,0,'NJ',7),(1626,155,75,0,0,0,'NJ',7),(1627,156,75,0,0,0,'NJ',7),(1628,157,75,0,0,0,'NJ',7),(1629,158,75,0,0,0,'NJ',7),(1630,159,75,0,0,0,'NJ',7),(1631,160,75,0,0,0,'NJ',7),(1632,161,75,0,0,0,'NJ',7),(1633,95,76,0,0,0,'NJ',8),(1634,96,76,0,0,0,'NJ',8),(1635,97,76,0,0,0,'NJ',8),(1636,98,76,0,0,0,'NJ',8),(1637,99,76,2,0,0,'NJ',8),(1638,100,76,0,0,0,'NJ',8),(1639,101,76,0,0,0,'NJ',8),(1640,30,76,0,0,0,'NJ',8),(1641,102,76,0,0,0,'NJ',8),(1642,103,76,0,0,0,'NJ',8),(1643,104,76,0,0,0,'NJ',8),(1644,105,76,0,0,0,'NJ',8),(1645,106,76,0,0,0,'NJ',8),(1646,107,76,0,0,0,'NJ',8),(1647,108,76,0,0,0,'NJ',8),(1648,41,76,0,0,0,'NJ',9),(1649,24,76,0,0,0,'NJ',9),(1650,42,76,0,0,0,'NJ',9),(1651,43,76,0,0,0,'NJ',9),(1652,44,76,0,0,0,'NJ',9),(1653,45,76,0,0,0,'NJ',9),(1654,46,76,0,0,0,'NJ',9),(1655,47,76,0,0,0,'NJ',9),(1656,48,76,0,0,0,'NJ',9),(1657,49,76,0,0,0,'NJ',9),(1658,50,76,0,0,0,'NJ',9),(1659,51,76,0,0,0,'NJ',9),(1660,17,77,0,0,0,'NJ',3),(1661,15,77,1,0,0,'NJ',3),(1662,10,77,0,0,0,'NJ',3),(1663,18,77,1,0,0,'NJ',3),(1664,21,77,2,0,0,'NJ',3),(1665,9,77,0,0,0,'NJ',3),(1666,16,77,0,0,0,'NJ',3),(1667,6,77,1,0,0,'NJ',3),(1668,4,77,0,0,0,'NJ',3),(1669,14,77,0,0,0,'NJ',3),(1670,12,77,0,0,0,'NJ',3),(1671,1,77,1,0,0,'NJ',3),(1672,25,77,0,0,0,'NJ',11),(1673,52,77,0,0,0,'NJ',11),(1674,53,77,0,0,0,'NJ',11),(1675,54,77,0,0,0,'NJ',11),(1676,55,77,0,0,0,'NJ',11),(1677,56,77,0,0,0,'NJ',11),(1678,57,77,0,0,0,'NJ',11),(1679,58,77,0,0,0,'NJ',11),(1680,59,77,0,0,0,'NJ',11),(1681,60,77,0,0,0,'NJ',11),(1682,61,77,0,0,0,'NJ',11),(1683,26,77,0,0,0,'NJ',11),(1684,19,79,0,0,0,'NJ',15),(1685,8,79,1,0,0,'NJ',15),(1686,11,79,0,0,0,'NJ',15),(1687,22,79,0,0,0,'NJ',15),(1688,23,79,0,0,0,'NJ',15),(1689,32,79,0,0,0,'NJ',15),(1690,122,79,0,0,0,'NJ',15),(1691,123,79,1,0,0,'NJ',15),(1692,124,79,0,0,0,'NJ',15),(1693,125,79,0,0,0,'NJ',15),(1694,126,79,0,0,0,'NJ',15),(1695,127,79,0,0,0,'NJ',15),(1696,13,79,2,0,0,'NJ',15),(1697,73,79,0,0,0,'NJ',4),(1698,74,79,0,0,0,'NJ',4),(1699,75,79,2,0,0,'NJ',4),(1700,76,79,0,0,0,'NJ',4),(1701,77,79,0,0,0,'NJ',4),(1702,78,79,0,0,0,'NJ',4),(1703,79,79,0,0,0,'NJ',4),(1704,80,79,0,0,0,'NJ',4),(1705,81,79,0,0,0,'NJ',4),(1706,28,79,0,0,0,'NJ',4),(1707,82,79,0,0,0,'NJ',4),(1708,83,79,0,0,0,'NJ',4),(1709,19,79,0,0,0,'NJ',15),(1710,8,79,1,0,0,'NJ',15),(1711,11,79,0,0,0,'NJ',15),(1712,22,79,0,0,0,'NJ',15),(1713,23,79,0,0,0,'NJ',15),(1714,32,79,0,0,0,'NJ',15),(1715,122,79,0,0,0,'NJ',15),(1716,123,79,1,0,0,'NJ',15),(1717,124,79,0,0,0,'NJ',15),(1718,125,79,0,0,0,'NJ',15),(1719,126,79,0,0,0,'NJ',15),(1720,127,79,0,0,0,'NJ',15),(1721,13,79,2,0,0,'NJ',15),(1722,73,79,0,0,0,'NJ',4),(1723,74,79,0,0,0,'NJ',4),(1724,75,79,2,0,0,'NJ',4),(1725,76,79,0,0,0,'NJ',4),(1726,77,79,0,0,0,'NJ',4),(1727,78,79,0,0,0,'NJ',4),(1728,79,79,0,0,0,'NJ',4),(1729,80,79,0,0,0,'NJ',4),(1730,81,79,0,0,0,'NJ',4),(1731,28,79,0,0,0,'NJ',4),(1732,82,79,0,0,0,'NJ',4),(1733,83,79,0,0,0,'NJ',4),(1734,41,80,0,0,0,'NJ',9),(1735,24,80,1,0,0,'NJ',9),(1736,42,80,0,0,0,'NJ',9),(1737,43,80,0,0,0,'NJ',9),(1738,44,80,0,0,0,'NJ',9),(1739,45,80,0,0,0,'NJ',9),(1740,46,80,0,0,0,'NJ',9),(1741,47,80,0,0,0,'NJ',9),(1742,48,80,0,0,0,'NJ',9),(1743,49,80,0,0,0,'NJ',9),(1744,50,80,0,0,0,'NJ',9),(1745,51,80,0,0,0,'NJ',9),(1746,128,80,0,0,0,'NJ',6),(1747,129,80,0,0,0,'NJ',6),(1748,130,80,0,0,0,'NJ',6),(1749,131,80,0,0,0,'NJ',6),(1750,33,80,0,0,0,'NJ',6),(1751,132,80,0,0,0,'NJ',6),(1752,133,80,0,0,0,'NJ',6),(1753,134,80,0,0,0,'NJ',6),(1754,135,80,0,0,0,'NJ',6),(1755,136,80,0,0,0,'NJ',6),(1756,137,80,0,0,0,'NJ',6),(1757,138,80,0,0,0,'NJ',6),(1758,150,81,0,0,0,'NJ',7),(1759,151,81,0,0,0,'NJ',7),(1760,35,81,0,0,0,'NJ',7),(1761,152,81,0,0,0,'NJ',7),(1762,153,81,0,0,0,'NJ',7),(1763,154,81,0,0,0,'NJ',7),(1764,155,81,0,0,0,'NJ',7),(1765,156,81,0,0,0,'NJ',7),(1766,157,81,0,0,0,'NJ',7),(1767,158,81,0,0,0,'NJ',7),(1768,159,81,0,0,0,'NJ',7),(1769,160,81,0,0,0,'NJ',7),(1770,161,81,0,0,0,'NJ',7),(1771,109,81,0,0,0,'NJ',12),(1772,110,81,1,0,0,'NJ',12),(1773,111,81,0,0,0,'NJ',12),(1774,31,81,0,0,0,'NJ',12),(1775,112,81,0,0,0,'NJ',12),(1776,113,81,0,0,0,'NJ',12),(1777,114,81,0,0,0,'NJ',12),(1778,115,81,0,0,0,'NJ',12),(1779,116,81,0,0,0,'NJ',12),(1780,117,81,0,0,0,'NJ',12),(1781,118,81,0,0,0,'NJ',12),(1782,119,81,0,0,0,'NJ',12),(1783,84,82,0,0,0,'NJ',14),(1784,85,82,0,0,0,'NJ',14),(1785,86,82,2,0,0,'NJ',14),(1786,87,82,0,0,0,'NJ',14),(1787,88,82,0,0,0,'NJ',14),(1788,89,82,0,0,0,'NJ',14),(1789,90,82,0,0,0,'NJ',14),(1790,91,82,0,0,0,'NJ',14),(1791,29,82,0,0,0,'NJ',14),(1792,92,82,0,0,0,'NJ',14),(1793,93,82,0,0,0,'NJ',14),(1794,94,82,0,0,0,'NJ',14),(1795,17,82,0,0,0,'NJ',3),(1796,15,82,0,0,0,'NJ',3),(1797,10,82,1,0,0,'NJ',3),(1798,18,82,0,0,0,'NJ',3),(1799,21,82,0,0,0,'NJ',3),(1800,9,82,1,0,0,'NJ',3),(1801,16,82,0,0,0,'NJ',3),(1802,6,82,0,0,0,'NJ',3),(1803,4,82,0,0,0,'NJ',3),(1804,14,82,0,0,0,'NJ',3),(1805,12,82,0,0,0,'NJ',3),(1806,1,82,0,0,0,'NJ',3),(1807,25,83,0,0,0,'NJ',11),(1808,52,83,0,0,0,'NJ',11),(1809,53,83,0,0,0,'NJ',11),(1810,54,83,1,0,0,'NJ',11),(1811,55,83,0,0,0,'NJ',11),(1812,56,83,0,0,0,'NJ',11),(1813,57,83,0,0,0,'NJ',11),(1814,58,83,0,0,0,'NJ',11),(1815,59,83,0,0,0,'NJ',11),(1816,60,83,0,0,0,'NJ',11),(1817,61,83,0,0,0,'NJ',11),(1818,26,83,0,0,0,'NJ',11),(1819,139,83,0,0,0,'NJ',5),(1820,140,83,0,0,0,'NJ',5),(1821,141,83,1,0,0,'NJ',5),(1822,34,83,0,0,0,'NJ',5),(1823,142,83,0,0,0,'NJ',5),(1824,143,83,0,0,0,'NJ',5),(1825,144,83,0,0,0,'NJ',5),(1826,145,83,0,0,0,'NJ',5),(1827,146,83,0,0,0,'NJ',5),(1828,147,83,0,0,0,'NJ',5),(1829,148,83,0,0,0,'NJ',5),(1830,149,83,0,0,0,'NJ',5),(1831,36,84,0,0,0,'NJ',13),(1832,162,84,0,0,0,'NJ',13),(1833,163,84,0,0,0,'NJ',13),(1834,164,84,0,0,0,'NJ',13),(1835,165,84,0,0,0,'NJ',13),(1836,166,84,1,0,0,'NJ',13),(1837,167,84,0,0,0,'NJ',13),(1838,168,84,0,0,0,'NJ',13),(1839,169,84,0,0,0,'NJ',13),(1840,170,84,0,0,0,'NJ',13),(1841,171,84,0,0,0,'NJ',13),(1842,37,84,0,0,0,'NJ',13),(1843,38,84,0,0,0,'NJ',13),(1844,39,84,0,0,0,'NJ',13),(1845,62,84,0,0,0,'NJ',10),(1846,63,84,0,0,0,'NJ',10),(1847,64,84,0,0,0,'NJ',10),(1848,65,84,0,0,0,'NJ',10),(1849,66,84,0,0,0,'NJ',10),(1850,67,84,0,0,0,'NJ',10),(1851,68,84,0,0,0,'NJ',10),(1852,69,84,0,0,0,'NJ',10),(1853,70,84,0,0,0,'NJ',10),(1854,71,84,0,0,0,'NJ',10),(1855,27,84,0,0,0,'NJ',10),(1856,72,84,0,0,0,'NJ',10),(1857,62,86,0,0,0,'NJ',10),(1858,63,86,2,0,0,'NJ',10),(1859,64,86,0,0,0,'NJ',10),(1860,65,86,0,0,0,'NJ',10),(1861,66,86,0,0,0,'NJ',10),(1862,67,86,0,0,0,'NJ',10),(1863,68,86,0,0,0,'NJ',10),(1864,69,86,0,0,0,'NJ',10),(1865,70,86,0,0,0,'NJ',10),(1866,71,86,0,0,0,'NJ',10),(1867,27,86,0,0,0,'NJ',10),(1868,72,86,0,0,0,'NJ',10),(1869,25,86,0,0,0,'NJ',11),(1870,52,86,0,0,0,'NJ',11),(1871,53,86,0,0,0,'NJ',11),(1872,54,86,1,0,0,'NJ',11),(1873,55,86,0,0,0,'NJ',11),(1874,56,86,0,0,0,'NJ',11),(1875,57,86,0,0,0,'NJ',11),(1876,58,86,0,0,0,'NJ',11),(1877,59,86,0,0,0,'NJ',11),(1878,60,86,0,0,0,'NJ',11),(1879,61,86,0,0,0,'NJ',11),(1880,26,86,0,0,0,'NJ',11),(1881,139,87,0,0,0,'NJ',5),(1882,140,87,0,0,0,'NJ',5),(1883,141,87,0,0,0,'NJ',5),(1884,34,87,0,0,0,'NJ',5),(1885,142,87,0,0,0,'NJ',5),(1886,143,87,0,0,0,'NJ',5),(1887,144,87,1,0,0,'NJ',5),(1888,145,87,0,0,0,'NJ',5),(1889,146,87,0,0,0,'NJ',5),(1890,147,87,0,0,0,'NJ',5),(1891,148,87,0,0,0,'NJ',5),(1892,149,87,0,0,0,'NJ',5),(1893,84,87,0,0,0,'NJ',14),(1894,85,87,1,0,0,'NJ',14),(1895,86,87,0,0,0,'NJ',14),(1896,87,87,0,0,0,'NJ',14),(1897,88,87,0,0,0,'NJ',14),(1898,89,87,0,0,0,'NJ',14),(1899,90,87,0,0,0,'NJ',14),(1900,91,87,0,0,0,'NJ',14),(1901,29,87,0,0,0,'NJ',14),(1902,92,87,0,0,0,'NJ',14),(1903,93,87,0,0,0,'NJ',14),(1904,94,87,0,0,0,'NJ',14),(1905,109,88,0,0,0,'NJ',12),(1906,110,88,3,0,0,'NJ',12),(1907,111,88,0,0,0,'NJ',12),(1908,31,88,0,0,0,'NJ',12),(1909,112,88,0,0,0,'NJ',12),(1910,113,88,0,0,0,'NJ',12),(1911,114,88,0,0,0,'NJ',12),(1912,115,88,0,0,0,'NJ',12),(1913,116,88,0,0,0,'NJ',12),(1914,117,88,0,0,0,'NJ',12),(1915,118,88,0,0,0,'NJ',12),(1916,119,88,0,0,0,'NJ',12),(1917,19,88,0,0,0,'NJ',15),(1918,8,88,0,0,0,'NJ',15),(1919,11,88,1,0,0,'NJ',15),(1920,22,88,0,0,0,'NJ',15),(1921,23,88,0,0,0,'NJ',15),(1922,32,88,1,0,0,'NJ',15),(1923,122,88,0,0,0,'NJ',15),(1924,123,88,0,0,0,'NJ',15),(1925,124,88,0,0,0,'NJ',15),(1926,125,88,0,0,0,'NJ',15),(1927,126,88,0,0,0,'NJ',15),(1928,127,88,0,0,0,'NJ',15),(1929,13,88,0,0,0,'NJ',15),(1930,73,89,0,0,0,'NJ',4),(1931,74,89,0,0,0,'NJ',4),(1932,75,89,2,0,0,'NJ',4),(1933,76,89,0,0,0,'NJ',4),(1934,77,89,0,0,0,'NJ',4),(1935,78,89,0,0,0,'NJ',4),(1936,79,89,0,0,0,'NJ',4),(1937,80,89,0,0,0,'NJ',4),(1938,81,89,0,0,0,'NJ',4),(1939,28,89,0,0,0,'NJ',4),(1940,82,89,0,0,0,'NJ',4),(1941,83,89,0,0,0,'NJ',4),(1942,41,89,0,0,0,'NJ',9),(1943,24,89,0,0,0,'NJ',9),(1944,42,89,0,0,0,'NJ',9),(1945,43,89,1,0,0,'NJ',9),(1946,44,89,0,0,0,'NJ',9),(1947,45,89,1,0,0,'NJ',9),(1948,46,89,1,0,0,'NJ',9),(1949,47,89,0,0,0,'NJ',9),(1950,48,89,0,0,0,'NJ',9),(1951,49,89,0,0,0,'NJ',9),(1952,50,89,0,0,0,'NJ',9),(1953,51,89,0,0,0,'NJ',9),(1954,95,90,0,0,0,'NJ',8),(1955,96,90,0,0,0,'NJ',8),(1956,97,90,0,0,0,'NJ',8),(1957,98,90,0,0,0,'NJ',8),(1958,99,90,0,0,0,'NJ',8),(1959,100,90,0,0,0,'NJ',8),(1960,101,90,0,0,0,'NJ',8),(1961,30,90,0,0,0,'NJ',8),(1962,102,90,0,0,0,'NJ',8),(1963,103,90,0,0,0,'NJ',8),(1964,104,90,0,0,0,'NJ',8),(1965,105,90,0,0,0,'NJ',8),(1966,106,90,0,0,0,'NJ',8),(1967,107,90,0,0,0,'NJ',8),(1968,108,90,0,0,0,'NJ',8),(1969,36,90,0,0,0,'NJ',13),(1970,162,90,0,0,0,'NJ',13),(1971,163,90,0,0,0,'NJ',13),(1972,164,90,0,0,0,'NJ',13),(1973,165,90,0,0,0,'NJ',13),(1974,166,90,0,0,0,'NJ',13),(1975,167,90,0,0,0,'NJ',13),(1976,168,90,0,0,0,'NJ',13),(1977,169,90,0,0,0,'NJ',13),(1978,170,90,0,0,0,'NJ',13),(1979,171,90,0,0,0,'NJ',13),(1980,37,90,0,0,0,'NJ',13),(1981,38,90,0,0,0,'NJ',13),(1982,39,90,0,0,0,'NJ',13),(1983,17,91,0,0,0,'NJ',3),(1984,15,91,0,0,0,'NJ',3),(1985,10,91,2,0,0,'NJ',3),(1986,18,91,0,0,0,'NJ',3),(1987,21,91,0,0,0,'NJ',3),(1988,9,91,0,0,0,'NJ',3),(1989,16,91,1,0,0,'NJ',3),(1990,6,91,0,0,0,'NJ',3),(1991,4,91,0,0,0,'NJ',3),(1992,14,91,0,0,0,'NJ',3),(1993,12,91,0,0,0,'NJ',3),(1994,1,91,0,0,0,'NJ',3),(1995,150,91,0,0,0,'NJ',7),(1996,151,91,0,0,0,'NJ',7),(1997,35,91,0,0,0,'NJ',7),(1998,152,91,0,0,0,'NJ',7),(1999,153,91,0,0,0,'NJ',7),(2000,154,91,0,0,0,'NJ',7),(2001,155,91,0,0,0,'NJ',7),(2002,156,91,0,0,0,'NJ',7),(2003,157,91,0,0,0,'NJ',7),(2004,158,91,0,0,0,'NJ',7),(2005,159,91,0,0,0,'NJ',7),(2006,160,91,0,0,0,'NJ',7),(2007,161,91,0,0,0,'NJ',7),(2008,73,93,2,0,0,'NJ',4),(2009,74,93,0,0,0,'NJ',4),(2010,75,93,0,0,0,'NJ',4),(2011,76,93,0,0,0,'NJ',4),(2012,77,93,0,0,0,'NJ',4),(2013,78,93,0,0,0,'NJ',4),(2014,79,93,0,0,0,'NJ',4),(2015,80,93,0,0,0,'NJ',4),(2016,81,93,0,0,0,'NJ',4),(2017,28,93,0,0,0,'NJ',4),(2018,82,93,0,0,0,'NJ',4),(2019,83,93,0,0,0,'NJ',4),(2020,109,93,0,0,0,'NJ',12),(2021,110,93,1,0,0,'NJ',12),(2022,111,93,0,0,0,'NJ',12),(2023,31,93,0,0,0,'NJ',12),(2024,112,93,0,0,0,'NJ',12),(2025,113,93,0,0,0,'NJ',12),(2026,114,93,0,0,0,'NJ',12),(2027,115,93,0,0,0,'NJ',12),(2028,116,93,0,0,0,'NJ',12),(2029,117,93,0,0,0,'NJ',12),(2030,118,93,0,0,0,'NJ',12),(2031,119,93,0,0,0,'NJ',12),(2032,17,94,0,0,0,'NJ',3),(2033,15,94,0,0,0,'NJ',3),(2034,10,94,0,0,0,'NJ',3),(2035,18,94,1,0,0,'NJ',3),(2036,21,94,1,0,0,'NJ',3),(2037,9,94,0,0,0,'NJ',3),(2038,16,94,0,0,0,'NJ',3),(2039,6,94,0,0,0,'NJ',3),(2040,4,94,0,0,0,'NJ',3),(2041,14,94,0,0,0,'NJ',3),(2042,12,94,0,0,0,'NJ',3),(2043,1,94,0,0,0,'NJ',3),(2044,19,94,0,0,0,'NJ',15),(2045,8,94,0,0,0,'NJ',15),(2046,11,94,0,0,0,'NJ',15),(2047,22,94,0,0,0,'NJ',15),(2048,23,94,0,0,0,'NJ',15),(2049,32,94,0,0,0,'NJ',15),(2050,122,94,0,0,0,'NJ',15),(2051,123,94,0,0,0,'NJ',15),(2052,124,94,0,0,0,'NJ',15),(2053,125,94,0,0,0,'NJ',15),(2054,126,94,0,0,0,'NJ',15),(2055,127,94,0,0,0,'NJ',15),(2056,13,94,1,0,0,'NJ',15),(2057,139,95,0,0,0,'NJ',5),(2058,140,95,0,0,0,'NJ',5),(2059,141,95,0,0,0,'NJ',5),(2060,34,95,0,0,0,'NJ',5),(2061,142,95,0,0,0,'NJ',5),(2062,143,95,0,0,0,'NJ',5),(2063,144,95,0,0,0,'NJ',5),(2064,145,95,0,0,0,'NJ',5),(2065,146,95,0,0,0,'NJ',5),(2066,147,95,0,0,0,'NJ',5),(2067,148,95,0,0,0,'NJ',5),(2068,149,95,0,0,0,'NJ',5),(2069,150,95,0,0,0,'NJ',7),(2070,151,95,0,0,0,'NJ',7),(2071,35,95,0,0,0,'NJ',7),(2072,152,95,0,0,0,'NJ',7),(2073,153,95,0,0,0,'NJ',7),(2074,154,95,0,0,0,'NJ',7),(2075,155,95,0,0,0,'NJ',7),(2076,156,95,0,0,0,'NJ',7),(2077,157,95,0,0,0,'NJ',7),(2078,158,95,0,0,0,'NJ',7),(2079,159,95,0,0,0,'NJ',7),(2080,160,95,0,0,0,'NJ',7),(2081,161,95,0,0,0,'NJ',7),(2082,62,96,0,0,0,'NJ',10),(2083,63,96,0,0,0,'NJ',10),(2084,64,96,0,0,0,'NJ',10),(2085,65,96,0,0,0,'NJ',10),(2086,66,96,1,0,0,'NJ',10),(2087,67,96,0,0,0,'NJ',10),(2088,68,96,0,0,0,'NJ',10),(2089,69,96,0,0,0,'NJ',10),(2090,70,96,0,0,0,'NJ',10),(2091,71,96,0,0,0,'NJ',10),(2092,27,96,0,0,0,'NJ',10),(2093,72,96,0,0,0,'NJ',10),(2094,84,96,0,0,0,'NJ',14),(2095,85,96,1,0,0,'NJ',14),(2096,86,96,0,0,0,'NJ',14),(2097,87,96,1,0,0,'NJ',14),(2098,88,96,0,0,0,'NJ',14),(2099,89,96,0,0,0,'NJ',14),(2100,90,96,0,0,0,'NJ',14),(2101,91,96,0,0,0,'NJ',14),(2102,29,96,0,0,0,'NJ',14),(2103,92,96,0,0,0,'NJ',14),(2104,93,96,0,0,0,'NJ',14),(2105,94,96,0,0,0,'NJ',14),(2106,95,97,0,0,0,'NJ',8),(2107,96,97,0,0,0,'NJ',8),(2108,97,97,1,0,0,'NJ',8),(2109,98,97,0,0,0,'NJ',8),(2110,99,97,1,0,0,'NJ',8),(2111,100,97,0,0,0,'NJ',8),(2112,101,97,0,0,0,'NJ',8),(2113,30,97,0,0,0,'NJ',8),(2114,102,97,0,0,0,'NJ',8),(2115,103,97,0,0,0,'NJ',8),(2116,104,97,0,0,0,'NJ',8),(2117,105,97,0,0,0,'NJ',8),(2118,106,97,0,0,0,'NJ',8),(2119,107,97,0,0,0,'NJ',8),(2120,108,97,0,0,0,'NJ',8),(2121,25,97,0,0,0,'NJ',11),(2122,52,97,0,0,0,'NJ',11),(2123,53,97,2,0,0,'NJ',11),(2124,54,97,0,0,0,'NJ',11),(2125,55,97,0,0,0,'NJ',11),(2126,56,97,1,0,0,'NJ',11),(2127,57,97,0,0,0,'NJ',11),(2128,58,97,0,0,0,'NJ',11),(2129,59,97,0,0,0,'NJ',11),(2130,60,97,0,0,0,'NJ',11),(2131,61,97,0,0,0,'NJ',11),(2132,26,97,0,0,0,'NJ',11),(2133,128,98,0,0,0,'NJ',6),(2134,129,98,0,0,0,'NJ',6),(2135,130,98,1,0,0,'NJ',6),(2136,131,98,0,0,0,'NJ',6),(2137,33,98,0,0,0,'NJ',6),(2138,132,98,0,0,0,'NJ',6),(2139,133,98,0,0,0,'NJ',6),(2140,134,98,0,0,0,'NJ',6),(2141,135,98,0,0,0,'NJ',6),(2142,136,98,0,0,0,'NJ',6),(2143,137,98,0,0,0,'NJ',6),(2144,138,98,0,0,0,'NJ',6),(2145,36,98,0,0,0,'NJ',13),(2146,162,98,0,0,0,'NJ',13),(2147,163,98,0,0,0,'NJ',13),(2148,164,98,0,0,0,'NJ',13),(2149,165,98,0,0,0,'NJ',13),(2150,166,98,0,0,0,'NJ',13),(2151,167,98,0,0,0,'NJ',13),(2152,168,98,0,0,0,'NJ',13),(2153,169,98,0,0,0,'NJ',13),(2154,170,98,0,0,0,'NJ',13),(2155,171,98,0,0,0,'NJ',13),(2156,37,98,0,0,0,'NJ',13),(2157,38,98,0,0,0,'NJ',13),(2158,39,98,0,0,0,'NJ',13),(2159,25,99,1,0,0,'NJ',11),(2160,52,99,0,0,0,'NJ',11),(2161,53,99,0,0,0,'NJ',11),(2162,54,99,0,0,0,'NJ',11),(2163,55,99,0,0,0,'NJ',11),(2164,56,99,0,0,0,'NJ',11),(2165,57,99,0,0,0,'NJ',11),(2166,58,99,0,0,0,'NJ',11),(2167,59,99,0,0,0,'NJ',11),(2168,60,99,0,0,0,'NJ',11),(2169,61,99,0,0,0,'NJ',11),(2170,26,99,0,0,0,'NJ',11),(2171,128,99,0,0,0,'NJ',6),(2172,129,99,1,0,0,'NJ',6),(2173,130,99,0,0,0,'NJ',6),(2174,131,99,0,0,0,'NJ',6),(2175,33,99,0,0,0,'NJ',6),(2176,132,99,0,0,0,'NJ',6),(2177,133,99,0,0,0,'NJ',6),(2178,134,99,0,0,0,'NJ',6),(2179,135,99,0,0,0,'NJ',6),(2180,136,99,0,0,0,'NJ',6),(2181,137,99,0,0,0,'NJ',6),(2182,138,99,0,0,0,'NJ',6),(2183,150,100,0,0,0,'NJ',7),(2184,151,100,0,0,0,'NJ',7),(2185,35,100,0,0,0,'NJ',7),(2186,152,100,0,0,0,'NJ',7),(2187,153,100,2,0,0,'NJ',7),(2188,154,100,0,0,0,'NJ',7),(2189,155,100,0,0,0,'NJ',7),(2190,156,100,0,0,0,'NJ',7),(2191,157,100,0,0,0,'NJ',7),(2192,158,100,0,0,0,'NJ',7),(2193,159,100,0,0,0,'NJ',7),(2194,160,100,0,0,0,'NJ',7),(2195,161,100,0,0,0,'NJ',7),(2196,62,100,1,0,0,'NJ',10),(2197,63,100,0,0,0,'NJ',10),(2198,64,100,0,0,0,'NJ',10),(2199,65,100,0,0,0,'NJ',10),(2200,66,100,0,0,0,'NJ',10),(2201,67,100,0,0,0,'NJ',10),(2202,68,100,0,0,0,'NJ',10),(2203,69,100,0,0,0,'NJ',10),(2204,70,100,0,0,0,'NJ',10),(2205,71,100,0,0,0,'NJ',10),(2206,27,100,0,0,0,'NJ',10),(2207,72,100,0,0,0,'NJ',10),(2208,19,101,0,0,0,'NJ',15),(2209,8,101,1,0,0,'NJ',15),(2210,11,101,0,0,0,'NJ',15),(2211,22,101,0,0,0,'NJ',15),(2212,23,101,1,0,0,'NJ',15),(2213,32,101,0,0,0,'NJ',15),(2214,122,101,0,0,0,'NJ',15),(2215,123,101,0,0,0,'NJ',15),(2216,124,101,0,0,0,'NJ',15),(2217,125,101,0,0,0,'NJ',15),(2218,126,101,0,0,0,'NJ',15),(2219,127,101,0,0,0,'NJ',15),(2220,13,101,0,0,0,'NJ',15),(2221,139,101,0,0,0,'NJ',5),(2222,140,101,1,0,0,'NJ',5),(2223,141,101,0,0,0,'NJ',5),(2224,34,101,1,0,0,'NJ',5),(2225,142,101,0,0,0,'NJ',5),(2226,143,101,0,0,0,'NJ',5),(2227,144,101,0,0,0,'NJ',5),(2228,145,101,0,0,0,'NJ',5),(2229,146,101,0,0,0,'NJ',5),(2230,147,101,0,0,0,'NJ',5),(2231,148,101,0,0,0,'NJ',5),(2232,149,101,0,0,0,'NJ',5),(2233,19,101,0,0,0,'NJ',15),(2234,8,101,1,0,0,'NJ',15),(2235,11,101,0,0,0,'NJ',15),(2236,22,101,0,0,0,'NJ',15),(2237,23,101,1,0,0,'NJ',15),(2238,32,101,0,0,0,'NJ',15),(2239,122,101,0,0,0,'NJ',15),(2240,123,101,0,0,0,'NJ',15),(2241,124,101,0,0,0,'NJ',15),(2242,125,101,0,0,0,'NJ',15),(2243,126,101,0,0,0,'NJ',15),(2244,127,101,0,0,0,'NJ',15),(2245,13,101,1,0,0,'NJ',15),(2246,139,101,0,0,0,'NJ',5),(2247,140,101,1,0,0,'NJ',5),(2248,141,101,0,0,0,'NJ',5),(2249,34,101,1,0,0,'NJ',5),(2250,142,101,0,0,0,'NJ',5),(2251,143,101,0,0,0,'NJ',5),(2252,144,101,0,0,0,'NJ',5),(2253,145,101,0,0,0,'NJ',5),(2254,146,101,0,0,0,'NJ',5),(2255,147,101,0,0,0,'NJ',5),(2256,148,101,0,0,0,'NJ',5),(2257,149,101,0,0,0,'NJ',5),(2258,36,103,0,0,0,'NJ',13),(2259,162,103,0,0,0,'NJ',13),(2260,163,103,1,0,0,'NJ',13),(2261,164,103,0,0,0,'NJ',13),(2262,165,103,0,0,0,'NJ',13),(2263,166,103,0,0,0,'NJ',13),(2264,167,103,0,0,0,'NJ',13),(2265,168,103,0,0,0,'NJ',13),(2266,169,103,0,0,0,'NJ',13),(2267,170,103,0,0,0,'NJ',13),(2268,171,103,0,0,0,'NJ',13),(2269,37,103,0,0,0,'NJ',13),(2270,38,103,0,0,0,'NJ',13),(2271,39,103,0,0,0,'NJ',13),(2272,41,103,0,0,0,'NJ',9),(2273,24,103,0,0,0,'NJ',9),(2274,42,103,2,0,0,'NJ',9),(2275,43,103,0,0,0,'NJ',9),(2276,44,103,1,0,0,'NJ',9),(2277,45,103,0,0,0,'NJ',9),(2278,46,103,0,0,0,'NJ',9),(2279,47,103,0,0,0,'NJ',9),(2280,48,103,0,0,0,'NJ',9),(2281,49,103,0,0,0,'NJ',9),(2282,50,103,0,0,0,'NJ',9),(2283,51,103,0,0,0,'NJ',9),(2284,84,104,0,0,0,'NJ',14),(2285,85,104,0,0,0,'NJ',14),(2286,86,104,0,0,0,'NJ',14),(2287,87,104,3,0,0,'NJ',14),(2288,88,104,0,0,0,'NJ',14),(2289,89,104,1,0,0,'NJ',14),(2290,90,104,0,0,0,'NJ',14),(2291,91,104,0,0,0,'NJ',14),(2292,29,104,0,0,0,'NJ',14),(2293,92,104,0,0,0,'NJ',14),(2294,93,104,0,0,0,'NJ',14),(2295,94,104,0,0,0,'NJ',14),(2296,95,104,0,0,0,'NJ',8),(2297,96,104,0,0,0,'NJ',8),(2298,97,104,0,0,0,'NJ',8),(2299,98,104,0,0,0,'NJ',8),(2300,99,104,1,0,0,'NJ',8),(2301,100,104,0,0,0,'NJ',8),(2302,101,104,1,0,0,'NJ',8),(2303,30,104,0,0,0,'NJ',8),(2304,102,104,0,0,0,'NJ',8),(2305,103,104,0,0,0,'NJ',8),(2306,104,104,0,0,0,'NJ',8),(2307,105,104,0,0,0,'NJ',8),(2308,106,104,0,0,0,'NJ',8),(2309,107,104,0,0,0,'NJ',8),(2310,108,104,0,0,0,'NJ',8),(2311,109,105,0,0,0,'NJ',12),(2312,110,105,0,0,0,'NJ',12),(2313,111,105,0,0,0,'NJ',12),(2314,31,105,0,0,0,'NJ',12),(2315,112,105,0,0,0,'NJ',12),(2316,113,105,0,0,0,'NJ',12),(2317,114,105,0,0,0,'NJ',12),(2318,115,105,0,0,0,'NJ',12),(2319,116,105,0,0,0,'NJ',12),(2320,117,105,0,0,0,'NJ',12),(2321,118,105,0,0,0,'NJ',12),(2322,119,105,0,0,0,'NJ',12),(2323,17,105,0,0,0,'NJ',3),(2324,15,105,0,0,0,'NJ',3),(2325,10,105,0,0,0,'NJ',3),(2326,18,105,0,0,0,'NJ',3),(2327,21,105,0,0,0,'NJ',3),(2328,9,105,0,0,0,'NJ',3),(2329,16,105,0,0,0,'NJ',3),(2330,6,105,0,0,0,'NJ',3),(2331,4,105,0,0,0,'NJ',3),(2332,14,105,0,0,0,'NJ',3),(2333,12,105,0,0,0,'NJ',3),(2334,1,105,0,0,0,'NJ',3),(2335,139,113,0,0,0,'NJ',5),(2336,140,113,0,0,0,'NJ',5),(2337,141,113,0,0,0,'NJ',5),(2338,34,113,0,0,0,'NJ',5),(2339,142,113,0,0,0,'NJ',5),(2340,143,113,0,0,0,'NJ',5),(2341,144,113,0,0,0,'NJ',5),(2342,145,113,0,0,0,'NJ',5),(2343,146,113,0,0,0,'NJ',5),(2344,147,113,0,0,0,'NJ',5),(2345,148,113,0,0,0,'NJ',5),(2346,149,113,0,0,0,'NJ',5),(2347,109,113,0,0,0,'NJ',12),(2348,110,113,0,0,0,'NJ',12),(2349,111,113,0,0,0,'NJ',12),(2350,31,113,0,0,0,'NJ',12),(2351,112,113,0,0,0,'NJ',12),(2352,113,113,0,0,0,'NJ',12),(2353,114,113,0,0,0,'NJ',12),(2354,115,113,0,0,0,'NJ',12),(2355,116,113,0,0,0,'NJ',12),(2356,117,113,0,0,0,'NJ',12),(2357,118,113,0,0,0,'NJ',12),(2358,119,113,0,0,0,'NJ',12),(2359,62,114,0,0,0,'NJ',10),(2360,63,114,0,0,0,'NJ',10),(2361,64,114,1,0,0,'NJ',10),(2362,65,114,0,0,0,'NJ',10),(2363,66,114,0,0,0,'NJ',10),(2364,67,114,0,0,0,'NJ',10),(2365,68,114,0,0,0,'NJ',10),(2366,69,114,0,0,0,'NJ',10),(2367,70,114,0,0,0,'NJ',10),(2368,71,114,0,0,0,'NJ',10),(2369,27,114,0,0,0,'NJ',10),(2370,72,114,0,0,0,'NJ',10),(2371,19,114,0,0,0,'NJ',15),(2372,8,114,0,0,0,'NJ',15),(2373,11,114,1,0,0,'NJ',15),(2374,22,114,1,0,0,'NJ',15),(2375,23,114,0,0,0,'NJ',15),(2376,32,114,0,0,0,'NJ',15),(2377,122,114,0,0,0,'NJ',15),(2378,123,114,0,0,0,'NJ',15),(2379,124,114,0,0,0,'NJ',15),(2380,125,114,0,0,0,'NJ',15),(2381,126,114,0,0,0,'NJ',15),(2382,127,114,0,0,0,'NJ',15),(2383,13,114,0,0,0,'NJ',15),(2384,62,114,0,0,0,'NJ',10),(2385,63,114,0,0,0,'NJ',10),(2386,64,114,1,0,0,'NJ',10),(2387,65,114,0,0,0,'NJ',10),(2388,66,114,0,0,0,'NJ',10),(2389,67,114,0,0,0,'NJ',10),(2390,68,114,1,0,0,'NJ',10),(2391,69,114,0,0,0,'NJ',10),(2392,70,114,0,0,0,'NJ',10),(2393,71,114,0,0,0,'NJ',10),(2394,27,114,0,0,0,'NJ',10),(2395,72,114,0,0,0,'NJ',10),(2396,19,114,0,0,0,'NJ',15),(2397,8,114,0,0,0,'NJ',15),(2398,11,114,1,0,0,'NJ',15),(2399,22,114,1,0,0,'NJ',15),(2400,23,114,0,0,0,'NJ',15),(2401,32,114,0,0,0,'NJ',15),(2402,122,114,0,0,0,'NJ',15),(2403,123,114,0,0,0,'NJ',15),(2404,124,114,0,0,0,'NJ',15),(2405,125,114,0,0,0,'NJ',15),(2406,126,114,0,0,0,'NJ',15),(2407,127,114,0,0,0,'NJ',15),(2408,13,114,1,0,0,'NJ',15),(2409,95,115,0,0,0,'NJ',8),(2410,96,115,0,0,0,'NJ',8),(2411,97,115,0,0,0,'NJ',8),(2412,98,115,0,0,0,'NJ',8),(2413,99,115,2,0,0,'NJ',8),(2414,100,115,0,0,0,'NJ',8),(2415,101,115,0,0,0,'NJ',8),(2416,30,115,0,0,0,'NJ',8),(2417,102,115,0,0,0,'NJ',8),(2418,103,115,0,0,0,'NJ',8),(2419,104,115,0,0,0,'NJ',8),(2420,105,115,0,0,0,'NJ',8),(2421,106,115,0,0,0,'NJ',8),(2422,107,115,0,0,0,'NJ',8),(2423,108,115,0,0,0,'NJ',8),(2424,150,115,0,0,0,'NJ',7),(2425,151,115,0,0,0,'NJ',7),(2426,35,115,1,0,0,'NJ',7),(2427,152,115,0,0,0,'NJ',7),(2428,153,115,0,0,0,'NJ',7),(2429,154,115,0,0,0,'NJ',7),(2430,155,115,0,0,0,'NJ',7),(2431,156,115,0,0,0,'NJ',7),(2432,157,115,0,0,0,'NJ',7),(2433,158,115,0,0,0,'NJ',7),(2434,159,115,0,0,0,'NJ',7),(2435,160,115,0,0,0,'NJ',7),(2436,161,115,0,0,0,'NJ',7),(2437,73,116,0,0,0,'NJ',4),(2438,74,116,0,0,0,'NJ',4),(2439,75,116,1,0,0,'NJ',4),(2440,76,116,0,0,0,'NJ',4),(2441,77,116,0,0,0,'NJ',4),(2442,78,116,0,0,0,'NJ',4),(2443,79,116,0,0,0,'NJ',4),(2444,80,116,0,0,0,'NJ',4),(2445,81,116,0,0,0,'NJ',4),(2446,28,116,0,0,0,'NJ',4),(2447,82,116,0,0,0,'NJ',4),(2448,83,116,0,0,0,'NJ',4),(2449,17,116,0,0,0,'NJ',3),(2450,15,116,0,0,0,'NJ',3),(2451,10,116,0,0,0,'NJ',3),(2452,18,116,1,0,0,'NJ',3),(2453,21,116,1,0,0,'NJ',3),(2454,9,116,0,0,0,'NJ',3),(2455,16,116,0,0,0,'NJ',3),(2456,6,116,0,0,0,'NJ',3),(2457,4,116,0,0,0,'NJ',3),(2458,14,116,0,0,0,'NJ',3),(2459,12,116,0,0,0,'NJ',3),(2460,1,116,0,0,0,'NJ',3),(2461,128,117,0,0,0,'NJ',6),(2462,129,117,0,0,0,'NJ',6),(2463,130,117,1,0,0,'NJ',6),(2464,131,117,0,0,0,'NJ',6),(2465,33,117,0,0,0,'NJ',6),(2466,132,117,0,0,0,'NJ',6),(2467,133,117,0,0,0,'NJ',6),(2468,134,117,0,0,0,'NJ',6),(2469,135,117,0,0,0,'NJ',6),(2470,136,117,0,0,0,'NJ',6),(2471,137,117,0,0,0,'NJ',6),(2472,138,117,0,0,0,'NJ',6),(2473,84,117,0,0,0,'NJ',14),(2474,85,117,2,0,0,'NJ',14),(2475,86,117,0,0,0,'NJ',14),(2476,87,117,0,0,0,'NJ',14),(2477,88,117,0,0,0,'NJ',14),(2478,89,117,1,0,0,'NJ',14),(2479,90,117,0,0,0,'NJ',14),(2480,91,117,0,0,0,'NJ',14),(2481,29,117,0,0,0,'NJ',14),(2482,92,117,0,0,0,'NJ',14),(2483,93,117,0,0,0,'NJ',14),(2484,94,117,0,0,0,'NJ',14),(2485,41,118,0,0,0,'NJ',9),(2486,24,118,0,0,0,'NJ',9),(2487,42,118,0,0,0,'NJ',9),(2488,43,118,0,0,0,'NJ',9),(2489,44,118,1,0,0,'NJ',9),(2490,45,118,0,0,0,'NJ',9),(2491,46,118,1,0,0,'NJ',9),(2492,47,118,0,0,0,'NJ',9),(2493,48,118,0,0,0,'NJ',9),(2494,49,118,0,0,0,'NJ',9),(2495,50,118,0,0,0,'NJ',9),(2496,51,118,0,0,0,'NJ',9),(2497,25,118,0,0,0,'NJ',11),(2498,52,118,1,0,0,'NJ',11),(2499,53,118,0,0,0,'NJ',11),(2500,54,118,0,0,0,'NJ',11),(2501,55,118,0,0,0,'NJ',11),(2502,56,118,0,0,0,'NJ',11),(2503,57,118,0,0,0,'NJ',11),(2504,58,118,0,0,0,'NJ',11),(2505,59,118,0,0,0,'NJ',11),(2506,60,118,0,0,0,'NJ',11),(2507,61,118,0,0,0,'NJ',11),(2508,26,118,0,0,0,'NJ',11),(2509,150,106,0,0,0,'NJ',7),(2510,151,106,2,0,0,'NJ',7),(2511,35,106,0,0,0,'NJ',7),(2512,152,106,0,0,0,'NJ',7),(2513,153,106,0,0,0,'NJ',7),(2514,154,106,0,0,0,'NJ',7),(2515,155,106,0,0,0,'NJ',7),(2516,156,106,0,0,0,'NJ',7),(2517,157,106,0,0,0,'NJ',7),(2518,158,106,0,0,0,'NJ',7),(2519,159,106,0,0,0,'NJ',7),(2520,160,106,0,0,0,'NJ',7),(2521,161,106,0,0,0,'NJ',7),(2522,128,106,0,0,0,'NJ',6),(2523,129,106,0,0,0,'NJ',6),(2524,130,106,1,0,0,'NJ',6),(2525,131,106,0,0,0,'NJ',6),(2526,33,106,0,0,0,'NJ',6),(2527,132,106,0,0,0,'NJ',6),(2528,133,106,0,0,0,'NJ',6),(2529,134,106,0,0,0,'NJ',6),(2530,135,106,0,0,0,'NJ',6),(2531,136,106,0,0,0,'NJ',6),(2532,137,106,0,0,0,'NJ',6),(2533,138,106,0,0,0,'NJ',6),(2534,109,107,0,0,0,'NJ',12),(2535,110,107,1,0,0,'NJ',12),(2536,111,107,0,0,0,'NJ',12),(2537,31,107,1,0,0,'NJ',12),(2538,112,107,0,0,0,'NJ',12),(2539,113,107,0,0,0,'NJ',12),(2540,114,107,0,0,0,'NJ',12),(2541,115,107,0,0,0,'NJ',12),(2542,116,107,0,0,0,'NJ',12),(2543,117,107,0,0,0,'NJ',12),(2544,118,107,0,0,0,'NJ',12),(2545,119,107,0,0,0,'NJ',12),(2546,62,107,1,0,0,'NJ',10),(2547,63,107,0,0,0,'NJ',10),(2548,64,107,0,0,0,'NJ',10),(2549,65,107,0,0,0,'NJ',10),(2550,66,107,0,0,0,'NJ',10),(2551,67,107,0,0,0,'NJ',10),(2552,68,107,0,0,0,'NJ',10),(2553,69,107,0,0,0,'NJ',10),(2554,70,107,0,0,0,'NJ',10),(2555,71,107,0,0,0,'NJ',10),(2556,27,107,0,0,0,'NJ',10),(2557,72,107,0,0,0,'NJ',10),(2558,17,109,0,0,0,'NJ',3),(2559,15,109,0,0,0,'NJ',3),(2560,10,109,0,0,0,'NJ',3),(2561,18,109,0,0,0,'NJ',3),(2562,21,109,0,0,0,'NJ',3),(2563,9,109,0,0,0,'NJ',3),(2564,16,109,0,0,0,'NJ',3),(2565,6,109,0,0,0,'NJ',3),(2566,4,109,0,0,0,'NJ',3),(2567,14,109,0,0,0,'NJ',3),(2568,12,109,0,0,0,'NJ',3),(2569,1,109,0,0,0,'NJ',3),(2570,139,109,0,0,0,'NJ',5),(2571,140,109,0,0,0,'NJ',5),(2572,141,109,2,0,0,'NJ',5),(2573,34,109,0,0,0,'NJ',5),(2574,142,109,0,0,0,'NJ',5),(2575,143,109,1,0,0,'NJ',5),(2576,144,109,0,0,0,'NJ',5),(2577,145,109,1,0,0,'NJ',5),(2578,146,109,0,0,0,'NJ',5),(2579,147,109,0,0,0,'NJ',5),(2580,148,109,0,0,0,'NJ',5),(2581,149,109,0,0,0,'NJ',5),(2582,36,110,0,0,0,'NJ',13),(2583,162,110,0,0,0,'NJ',13),(2584,163,110,0,0,0,'NJ',13),(2585,164,110,1,0,0,'NJ',13),(2586,165,110,0,0,0,'NJ',13),(2587,166,110,0,0,0,'NJ',13),(2588,167,110,0,0,0,'NJ',13),(2589,168,110,0,0,0,'NJ',13),(2590,169,110,0,0,0,'NJ',13),(2591,170,110,0,0,0,'NJ',13),(2592,171,110,0,0,0,'NJ',13),(2593,37,110,0,0,0,'NJ',13),(2594,38,110,0,0,0,'NJ',13),(2595,39,110,0,0,0,'NJ',13),(2596,73,110,0,0,0,'NJ',4),(2597,74,110,0,0,0,'NJ',4),(2598,75,110,1,0,0,'NJ',4),(2599,76,110,0,0,0,'NJ',4),(2600,77,110,1,0,0,'NJ',4),(2601,78,110,0,0,0,'NJ',4),(2602,79,110,0,0,0,'NJ',4),(2603,80,110,1,0,0,'NJ',4),(2604,81,110,0,0,0,'NJ',4),(2605,28,110,0,0,0,'NJ',4),(2606,82,110,0,0,0,'NJ',4),(2607,83,110,0,0,0,'NJ',4),(2608,84,111,0,0,0,'NJ',14),(2609,85,111,0,0,0,'NJ',14),(2610,86,111,0,0,0,'NJ',14),(2611,87,111,0,0,0,'NJ',14),(2612,88,111,0,0,0,'NJ',14),(2613,89,111,0,0,0,'NJ',14),(2614,90,111,0,0,0,'NJ',14),(2615,91,111,0,0,0,'NJ',14),(2616,29,111,0,0,0,'NJ',14),(2617,92,111,0,0,0,'NJ',14),(2618,93,111,0,0,0,'NJ',14),(2619,94,111,0,0,0,'NJ',14),(2620,41,111,0,0,0,'NJ',9),(2621,24,111,0,0,0,'NJ',9),(2622,42,111,0,0,0,'NJ',9),(2623,43,111,0,0,0,'NJ',9),(2624,44,111,0,0,0,'NJ',9),(2625,45,111,0,0,0,'NJ',9),(2626,46,111,0,0,0,'NJ',9),(2627,47,111,0,0,0,'NJ',9),(2628,48,111,0,0,0,'NJ',9),(2629,49,111,0,0,0,'NJ',9),(2630,50,111,0,0,0,'NJ',9),(2631,51,111,0,0,0,'NJ',9),(2632,19,112,0,0,0,'NJ',15),(2633,8,112,0,0,0,'NJ',15),(2634,11,112,0,0,0,'NJ',15),(2635,22,112,0,0,0,'NJ',15),(2636,23,112,0,0,0,'NJ',15),(2637,32,112,0,0,0,'NJ',15),(2638,122,112,0,0,0,'NJ',15),(2639,123,112,0,0,0,'NJ',15),(2640,124,112,0,0,0,'NJ',15),(2641,125,112,0,0,0,'NJ',15),(2642,126,112,0,0,0,'NJ',15),(2643,127,112,0,0,0,'NJ',15),(2644,13,112,2,0,0,'NJ',15),(2645,95,112,0,0,0,'NJ',8),(2646,96,112,0,0,0,'NJ',8),(2647,97,112,0,0,0,'NJ',8),(2648,98,112,0,0,0,'NJ',8),(2649,99,112,0,0,0,'NJ',8),(2650,100,112,0,0,0,'NJ',8),(2651,101,112,0,0,0,'NJ',8),(2652,30,112,0,0,0,'NJ',8),(2653,102,112,0,0,0,'NJ',8),(2654,103,112,0,0,0,'NJ',8),(2655,104,112,0,0,0,'NJ',8),(2656,105,112,0,0,0,'NJ',8),(2657,106,112,0,0,0,'NJ',8),(2658,107,112,0,0,0,'NJ',8),(2659,108,112,0,0,0,'NJ',8),(2660,73,127,0,0,0,'NJ',4),(2661,74,127,1,0,0,'NJ',4),(2662,75,127,0,0,0,'NJ',4),(2663,76,127,0,0,0,'NJ',4),(2664,77,127,0,0,0,'NJ',4),(2665,78,127,0,0,0,'NJ',4),(2666,79,127,0,0,0,'NJ',4),(2667,80,127,0,0,0,'NJ',4),(2668,81,127,0,0,0,'NJ',4),(2669,28,127,0,0,0,'NJ',4),(2670,82,127,0,0,0,'NJ',4),(2671,83,127,0,0,0,'NJ',4),(2672,139,127,0,0,0,'NJ',5),(2673,140,127,0,0,0,'NJ',5),(2674,141,127,0,0,0,'NJ',5),(2675,34,127,0,0,0,'NJ',5),(2676,142,127,0,0,0,'NJ',5),(2677,143,127,2,0,0,'NJ',5),(2678,144,127,0,0,0,'NJ',5),(2679,145,127,0,0,0,'NJ',5),(2680,146,127,0,0,0,'NJ',5),(2681,147,127,0,0,0,'NJ',5),(2682,148,127,0,0,0,'NJ',5),(2683,149,127,0,0,0,'NJ',5),(2684,95,128,0,0,0,'NJ',8),(2685,96,128,0,0,0,'NJ',8),(2686,97,128,1,0,0,'NJ',8),(2687,98,128,0,0,0,'NJ',8),(2688,99,128,0,0,0,'NJ',8),(2689,100,128,0,0,0,'NJ',8),(2690,101,128,0,0,0,'NJ',8),(2691,30,128,0,0,0,'NJ',8),(2692,102,128,0,0,0,'NJ',8),(2693,103,128,0,0,0,'NJ',8),(2694,104,128,0,0,0,'NJ',8),(2695,105,128,0,0,0,'NJ',8),(2696,106,128,0,0,0,'NJ',8),(2697,107,128,0,0,0,'NJ',8),(2698,108,128,0,0,0,'NJ',8),(2699,109,128,0,0,0,'NJ',12),(2700,110,128,0,0,0,'NJ',12),(2701,111,128,2,0,0,'NJ',12),(2702,31,128,0,0,0,'NJ',12),(2703,112,128,0,0,0,'NJ',12),(2704,113,128,1,0,0,'NJ',12),(2705,114,128,0,0,0,'NJ',12),(2706,115,128,0,0,0,'NJ',12),(2707,116,128,0,0,0,'NJ',12),(2708,117,128,0,0,0,'NJ',12),(2709,118,128,0,0,0,'NJ',12),(2710,119,128,0,0,0,'NJ',12),(2711,128,129,2,0,0,'NJ',6),(2712,129,129,0,0,0,'NJ',6),(2713,130,129,0,0,0,'NJ',6),(2714,131,129,0,0,0,'NJ',6),(2715,33,129,0,0,0,'NJ',6),(2716,132,129,0,0,0,'NJ',6),(2717,133,129,0,0,0,'NJ',6),(2718,134,129,0,0,0,'NJ',6),(2719,135,129,0,0,0,'NJ',6),(2720,136,129,0,0,0,'NJ',6),(2721,137,129,0,0,0,'NJ',6),(2722,138,129,0,0,0,'NJ',6),(2723,19,129,0,0,0,'NJ',15),(2724,8,129,2,0,0,'NJ',15),(2725,11,129,0,0,0,'NJ',15),(2726,22,129,0,0,0,'NJ',15),(2727,23,129,0,0,0,'NJ',15),(2728,32,129,0,0,0,'NJ',15),(2729,122,129,0,0,0,'NJ',15),(2730,123,129,0,0,0,'NJ',15),(2731,124,129,0,0,0,'NJ',15),(2732,125,129,0,0,0,'NJ',15),(2733,126,129,0,0,0,'NJ',15),(2734,127,129,0,0,0,'NJ',15),(2735,13,129,0,0,0,'NJ',15),(2736,41,130,0,0,0,'NJ',9),(2737,24,130,0,0,0,'NJ',9),(2738,42,130,0,0,0,'NJ',9),(2739,43,130,0,0,0,'NJ',9),(2740,44,130,0,0,0,'NJ',9),(2741,45,130,0,0,0,'NJ',9),(2742,46,130,0,0,0,'NJ',9),(2743,47,130,0,0,0,'NJ',9),(2744,48,130,0,0,0,'NJ',9),(2745,49,130,0,0,0,'NJ',9),(2746,50,130,0,0,0,'NJ',9),(2747,51,130,0,0,0,'NJ',9),(2748,150,130,0,0,0,'NJ',7),(2749,151,130,0,0,0,'NJ',7),(2750,35,130,0,0,0,'NJ',7),(2751,152,130,0,0,0,'NJ',7),(2752,153,130,0,0,0,'NJ',7),(2753,154,130,0,0,0,'NJ',7),(2754,155,130,0,0,0,'NJ',7),(2755,156,130,0,0,0,'NJ',7),(2756,157,130,0,0,0,'NJ',7),(2757,158,130,0,0,0,'NJ',7),(2758,159,130,0,0,0,'NJ',7),(2759,160,130,0,0,0,'NJ',7),(2760,161,130,0,0,0,'NJ',7),(2761,62,131,0,0,0,'NJ',10),(2762,63,131,0,0,0,'NJ',10),(2763,64,131,1,0,0,'NJ',10),(2764,65,131,1,0,0,'NJ',10),(2765,66,131,0,0,0,'NJ',10),(2766,67,131,0,0,0,'NJ',10),(2767,68,131,0,0,0,'NJ',10),(2768,69,131,0,0,0,'NJ',10),(2769,70,131,0,0,0,'NJ',10),(2770,71,131,0,0,0,'NJ',10),(2771,27,131,0,0,0,'NJ',10),(2772,72,131,0,0,0,'NJ',10),(2773,17,131,0,0,0,'NJ',3),(2774,15,131,0,0,0,'NJ',3),(2775,10,131,0,0,0,'NJ',3),(2776,18,131,0,0,0,'NJ',3),(2777,21,131,1,0,0,'NJ',3),(2778,9,131,0,0,0,'NJ',3),(2779,16,131,0,0,0,'NJ',3),(2780,6,131,0,0,0,'NJ',3),(2781,4,131,0,0,0,'NJ',3),(2782,14,131,0,0,0,'NJ',3),(2783,12,131,0,0,0,'NJ',3),(2784,1,131,0,0,0,'NJ',3),(2785,36,133,0,0,0,'NJ',13),(2786,162,133,0,0,0,'NJ',13),(2787,163,133,0,0,0,'NJ',13),(2788,164,133,0,0,0,'NJ',13),(2789,165,133,0,0,0,'NJ',13),(2790,166,133,0,0,0,'NJ',13),(2791,167,133,0,0,0,'NJ',13),(2792,168,133,0,0,0,'NJ',13),(2793,169,133,0,0,0,'NJ',13),(2794,170,133,0,0,0,'NJ',13),(2795,171,133,0,0,0,'NJ',13),(2796,37,133,0,0,0,'NJ',13),(2797,38,133,0,0,0,'NJ',13),(2798,39,133,0,0,0,'NJ',13),(2799,25,133,0,0,0,'NJ',11),(2800,52,133,0,0,0,'NJ',11),(2801,53,133,0,0,0,'NJ',11),(2802,54,133,0,0,0,'NJ',11),(2803,55,133,0,0,0,'NJ',11),(2804,56,133,0,0,0,'NJ',11),(2805,57,133,0,0,0,'NJ',11),(2806,58,133,0,0,0,'NJ',11),(2807,59,133,0,0,0,'NJ',11),(2808,60,133,0,0,0,'NJ',11),(2809,61,133,0,0,0,'NJ',11),(2810,26,133,0,0,0,'NJ',11),(2811,109,120,0,0,0,'NJ',12),(2812,110,120,1,0,0,'NJ',12),(2813,111,120,0,0,0,'NJ',12),(2814,31,120,0,0,0,'NJ',12),(2815,112,120,1,0,0,'NJ',12),(2816,113,120,0,0,0,'NJ',12),(2817,114,120,1,0,0,'NJ',12),(2818,115,120,0,0,0,'NJ',12),(2819,116,120,0,0,0,'NJ',12),(2820,117,120,0,0,0,'NJ',12),(2821,118,120,0,0,0,'NJ',12),(2822,119,120,0,0,0,'NJ',12),(2823,128,120,0,0,0,'NJ',6),(2824,129,120,1,0,0,'NJ',6),(2825,130,120,0,0,0,'NJ',6),(2826,131,120,1,0,0,'NJ',6),(2827,33,120,0,0,0,'NJ',6),(2828,132,120,1,0,0,'NJ',6),(2829,133,120,0,0,0,'NJ',6),(2830,134,120,0,0,0,'NJ',6),(2831,135,120,0,0,0,'NJ',6),(2832,136,120,0,0,0,'NJ',6),(2833,137,120,0,0,0,'NJ',6),(2834,138,120,0,0,0,'NJ',6),(2835,139,121,0,0,0,'NJ',5),(2836,140,121,0,0,0,'NJ',5),(2837,141,121,0,0,0,'NJ',5),(2838,34,121,0,0,0,'NJ',5),(2839,142,121,2,0,0,'NJ',5),(2840,143,121,0,0,0,'NJ',5),(2841,144,121,0,0,0,'NJ',5),(2842,145,121,0,0,0,'NJ',5),(2843,146,121,0,0,0,'NJ',5),(2844,147,121,0,0,0,'NJ',5),(2845,148,121,0,0,0,'NJ',5),(2846,149,121,0,0,0,'NJ',5),(2847,62,121,0,0,0,'NJ',10),(2848,63,121,0,0,0,'NJ',10),(2849,64,121,0,0,0,'NJ',10),(2850,65,121,0,0,0,'NJ',10),(2851,66,121,0,0,0,'NJ',10),(2852,67,121,0,0,0,'NJ',10),(2853,68,121,0,0,0,'NJ',10),(2854,69,121,0,0,0,'NJ',10),(2855,70,121,0,0,0,'NJ',10),(2856,71,121,0,0,0,'NJ',10),(2857,27,121,0,0,0,'NJ',10),(2858,72,121,0,0,0,'NJ',10),(2859,25,123,0,0,0,'NJ',11),(2860,52,123,0,0,0,'NJ',11),(2861,53,123,0,0,0,'NJ',11),(2862,54,123,0,0,0,'NJ',11),(2863,55,123,0,0,0,'NJ',11),(2864,56,123,0,0,0,'NJ',11),(2865,57,123,0,0,0,'NJ',11),(2866,58,123,0,0,0,'NJ',11),(2867,59,123,0,0,0,'NJ',11),(2868,60,123,0,0,0,'NJ',11),(2869,61,123,0,0,0,'NJ',11),(2870,26,123,0,0,0,'NJ',11),(2871,73,123,0,0,0,'NJ',4),(2872,74,123,0,0,0,'NJ',4),(2873,75,123,0,0,0,'NJ',4),(2874,76,123,0,0,0,'NJ',4),(2875,77,123,0,0,0,'NJ',4),(2876,78,123,0,0,0,'NJ',4),(2877,79,123,1,0,0,'NJ',4),(2878,80,123,0,0,0,'NJ',4),(2879,81,123,2,0,0,'NJ',4),(2880,28,123,0,0,0,'NJ',4),(2881,82,123,0,0,0,'NJ',4),(2882,83,123,0,0,0,'NJ',4),(2883,19,124,0,0,0,'NJ',15),(2884,8,124,0,0,0,'NJ',15),(2885,11,124,0,0,0,'NJ',15),(2886,22,124,0,0,0,'NJ',15),(2887,23,124,0,0,0,'NJ',15),(2888,32,124,1,0,0,'NJ',15),(2889,122,124,0,0,0,'NJ',15),(2890,123,124,0,0,0,'NJ',15),(2891,124,124,0,0,0,'NJ',15),(2892,125,124,0,0,0,'NJ',15),(2893,126,124,0,0,0,'NJ',15),(2894,127,124,0,0,0,'NJ',15),(2895,13,124,0,0,0,'NJ',15),(2896,41,124,0,0,0,'NJ',9),(2897,24,124,0,0,0,'NJ',9),(2898,42,124,0,0,0,'NJ',9),(2899,43,124,1,0,0,'NJ',9),(2900,44,124,0,0,0,'NJ',9),(2901,45,124,0,0,0,'NJ',9),(2902,46,124,0,0,0,'NJ',9),(2903,47,124,0,0,0,'NJ',9),(2904,48,124,0,0,0,'NJ',9),(2905,49,124,0,0,0,'NJ',9),(2906,50,124,0,0,0,'NJ',9),(2907,51,124,0,0,0,'NJ',9),(2908,17,125,0,0,0,'NJ',3),(2909,15,125,0,0,0,'NJ',3),(2910,10,125,1,0,0,'NJ',3),(2911,18,125,1,0,0,'NJ',3),(2912,21,125,1,0,0,'NJ',3),(2913,9,125,0,0,0,'NJ',3),(2914,16,125,0,0,0,'NJ',3),(2915,6,125,0,0,0,'NJ',3),(2916,4,125,0,0,0,'NJ',3),(2917,14,125,0,0,0,'NJ',3),(2918,12,125,0,0,0,'NJ',3),(2919,1,125,0,0,0,'NJ',3),(2920,95,125,0,0,0,'NJ',8),(2921,96,125,0,0,0,'NJ',8),(2922,97,125,0,0,0,'NJ',8),(2923,98,125,0,0,0,'NJ',8),(2924,99,125,0,0,0,'NJ',8),(2925,100,125,1,0,0,'NJ',8),(2926,101,125,0,0,0,'NJ',8),(2927,30,125,0,0,0,'NJ',8),(2928,102,125,0,0,0,'NJ',8),(2929,103,125,0,0,0,'NJ',8),(2930,104,125,0,0,0,'NJ',8),(2931,105,125,0,0,0,'NJ',8),(2932,106,125,0,0,0,'NJ',8),(2933,107,125,0,0,0,'NJ',8),(2934,108,125,0,0,0,'NJ',8),(2935,84,126,0,0,0,'NJ',14),(2936,85,126,0,0,0,'NJ',14),(2937,86,126,2,0,0,'NJ',14),(2938,87,126,0,0,0,'NJ',14),(2939,88,126,0,0,0,'NJ',14),(2940,89,126,0,0,0,'NJ',14),(2941,90,126,0,0,0,'NJ',14),(2942,91,126,0,0,0,'NJ',14),(2943,29,126,0,0,0,'NJ',14),(2944,92,126,0,0,0,'NJ',14),(2945,93,126,0,0,0,'NJ',14),(2946,94,126,0,0,0,'NJ',14),(2947,36,126,0,0,0,'NJ',13),(2948,162,126,0,0,0,'NJ',13),(2949,163,126,0,0,0,'NJ',13),(2950,164,126,0,0,0,'NJ',13),(2951,165,126,0,0,0,'NJ',13),(2952,166,126,0,0,0,'NJ',13),(2953,167,126,0,0,0,'NJ',13),(2954,168,126,0,0,0,'NJ',13),(2955,169,126,0,0,0,'NJ',13),(2956,170,126,0,0,0,'NJ',13),(2957,171,126,0,0,0,'NJ',13),(2958,37,126,0,0,0,'NJ',13),(2959,38,126,0,0,0,'NJ',13),(2960,39,126,0,0,0,'NJ',13),(2961,73,141,0,0,0,'NJ',4),(2962,74,141,2,0,0,'NJ',4),(2963,75,141,0,0,0,'NJ',4),(2964,76,141,0,0,0,'NJ',4),(2965,77,141,0,0,0,'NJ',4),(2966,78,141,0,0,0,'NJ',4),(2967,79,141,0,0,0,'NJ',4),(2968,80,141,0,0,0,'NJ',4),(2969,81,141,0,0,0,'NJ',4),(2970,28,141,0,0,0,'NJ',4),(2971,82,141,0,0,0,'NJ',4),(2972,83,141,0,0,0,'NJ',4),(2973,62,141,0,0,0,'NJ',10),(2974,63,141,0,0,0,'NJ',10),(2975,64,141,1,0,0,'NJ',10),(2976,65,141,0,0,0,'NJ',10),(2977,66,141,0,0,0,'NJ',10),(2978,67,141,0,0,0,'NJ',10),(2979,68,141,0,0,0,'NJ',10),(2980,69,141,1,0,0,'NJ',10),(2981,70,141,0,0,0,'NJ',10),(2982,71,141,0,0,0,'NJ',10),(2983,27,141,0,0,0,'NJ',10),(2984,72,141,0,0,0,'NJ',10),(2985,95,142,0,0,0,'NJ',8),(2986,96,142,0,0,0,'NJ',8),(2987,97,142,0,0,0,'NJ',8),(2988,98,142,0,0,0,'NJ',8),(2989,99,142,0,0,0,'NJ',8),(2990,100,142,0,0,0,'NJ',8),(2991,101,142,0,0,0,'NJ',8),(2992,30,142,0,0,0,'NJ',8),(2993,102,142,0,0,0,'NJ',8),(2994,103,142,0,0,0,'NJ',8),(2995,104,142,0,0,0,'NJ',8),(2996,105,142,0,0,0,'NJ',8),(2997,106,142,0,0,0,'NJ',8),(2998,107,142,0,0,0,'NJ',8),(2999,108,142,0,0,0,'NJ',8),(3000,139,142,0,0,0,'NJ',5),(3001,140,142,0,0,0,'NJ',5),(3002,141,142,0,0,0,'NJ',5),(3003,34,142,0,0,0,'NJ',5),(3004,142,142,0,0,0,'NJ',5),(3005,143,142,0,0,0,'NJ',5),(3006,144,142,0,0,0,'NJ',5),(3007,145,142,0,0,0,'NJ',5),(3008,146,142,0,0,0,'NJ',5),(3009,147,142,0,0,0,'NJ',5),(3010,148,142,0,0,0,'NJ',5),(3011,149,142,0,0,0,'NJ',5),(3012,41,143,0,0,0,'NJ',9),(3013,24,143,0,0,0,'NJ',9),(3014,42,143,0,0,0,'NJ',9),(3015,43,143,1,0,0,'NJ',9),(3016,44,143,0,0,0,'NJ',9),(3017,45,143,0,0,0,'NJ',9),(3018,46,143,0,0,0,'NJ',9),(3019,47,143,0,0,0,'NJ',9),(3020,48,143,0,0,0,'NJ',9),(3021,49,143,0,0,0,'NJ',9),(3022,50,143,0,0,0,'NJ',9),(3023,51,143,0,0,0,'NJ',9),(3024,109,143,0,0,0,'NJ',12),(3025,110,143,0,0,0,'NJ',12),(3026,111,143,1,0,0,'NJ',12),(3027,31,143,0,0,0,'NJ',12),(3028,112,143,0,0,0,'NJ',12),(3029,113,143,1,0,0,'NJ',12),(3030,114,143,0,0,0,'NJ',12),(3031,115,143,1,0,0,'NJ',12),(3032,116,143,0,0,0,'NJ',12),(3033,117,143,0,0,0,'NJ',12),(3034,118,143,0,0,0,'NJ',12),(3035,119,143,0,0,0,'NJ',12),(3036,36,145,0,0,0,'NJ',13),(3037,162,145,0,0,0,'NJ',13),(3038,163,145,0,0,0,'NJ',13),(3039,164,145,0,0,0,'NJ',13),(3040,165,145,1,0,0,'NJ',13),(3041,166,145,0,0,0,'NJ',13),(3042,167,145,0,0,0,'NJ',13),(3043,168,145,0,0,0,'NJ',13),(3044,169,145,0,0,0,'NJ',13),(3045,170,145,0,0,0,'NJ',13),(3046,171,145,0,0,0,'NJ',13),(3047,37,145,0,0,0,'NJ',13),(3048,38,145,0,0,0,'NJ',13),(3049,39,145,0,0,0,'NJ',13),(3050,150,145,0,0,0,'NJ',7),(3051,151,145,0,0,0,'NJ',7),(3052,35,145,0,0,0,'NJ',7),(3053,152,145,0,0,0,'NJ',7),(3054,153,145,1,0,0,'NJ',7),(3055,154,145,0,0,0,'NJ',7),(3056,155,145,0,0,0,'NJ',7),(3057,156,145,0,0,0,'NJ',7),(3058,157,145,2,0,0,'NJ',7),(3059,158,145,0,0,0,'NJ',7),(3060,159,145,0,0,0,'NJ',7),(3061,160,145,0,0,0,'NJ',7),(3062,161,145,0,0,0,'NJ',7),(3063,128,146,0,0,0,'NJ',6),(3064,129,146,1,0,0,'NJ',6),(3065,130,146,0,0,0,'NJ',6),(3066,131,146,0,0,0,'NJ',6),(3067,33,146,0,0,0,'NJ',6),(3068,132,146,0,0,0,'NJ',6),(3069,133,146,0,0,0,'NJ',6),(3070,134,146,0,0,0,'NJ',6),(3071,135,146,0,0,0,'NJ',6),(3072,136,146,0,0,0,'NJ',6),(3073,137,146,0,0,0,'NJ',6),(3074,138,146,0,0,0,'NJ',6),(3075,17,146,1,0,0,'NJ',3),(3076,15,146,0,0,0,'NJ',3),(3077,10,146,0,0,0,'NJ',3),(3078,18,146,0,0,0,'NJ',3),(3079,21,146,0,0,0,'NJ',3),(3080,9,146,0,0,0,'NJ',3),(3081,16,146,0,0,0,'NJ',3),(3082,6,146,0,0,0,'NJ',3),(3083,4,146,0,0,0,'NJ',3),(3084,14,146,0,0,0,'NJ',3),(3085,12,146,0,0,0,'NJ',3),(3086,1,146,0,0,0,'NJ',3),(3087,25,147,0,0,0,'NJ',11),(3088,52,147,0,0,0,'NJ',11),(3089,53,147,0,0,0,'NJ',11),(3090,54,147,2,0,0,'NJ',11),(3091,55,147,0,0,0,'NJ',11),(3092,56,147,0,0,0,'NJ',11),(3093,57,147,0,0,0,'NJ',11),(3094,58,147,0,0,0,'NJ',11),(3095,59,147,0,0,0,'NJ',11),(3096,60,147,0,0,0,'NJ',11),(3097,61,147,0,0,0,'NJ',11),(3098,26,147,0,0,0,'NJ',11),(3099,84,147,0,0,0,'NJ',14),(3100,85,147,0,0,0,'NJ',14),(3101,86,147,0,0,0,'NJ',14),(3102,87,147,0,0,0,'NJ',14),(3103,88,147,2,0,0,'NJ',14),(3104,89,147,0,0,0,'NJ',14),(3105,90,147,0,0,0,'NJ',14),(3106,91,147,0,0,0,'NJ',14),(3107,29,147,0,0,0,'NJ',14),(3108,92,147,0,0,0,'NJ',14),(3109,93,147,0,0,0,'NJ',14),(3110,94,147,0,0,0,'NJ',14),(3111,139,134,1,0,0,'NJ',5),(3112,140,134,0,0,0,'NJ',5),(3113,141,134,0,0,0,'NJ',5),(3114,34,134,0,0,0,'NJ',5),(3115,142,134,0,0,0,'NJ',5),(3116,143,134,0,0,0,'NJ',5),(3117,144,134,0,0,0,'NJ',5),(3118,145,134,0,0,0,'NJ',5),(3119,146,134,0,0,0,'NJ',5),(3120,147,134,0,0,0,'NJ',5),(3121,148,134,0,0,0,'NJ',5),(3122,149,134,0,0,0,'NJ',5),(3123,128,134,0,0,0,'NJ',6),(3124,129,134,1,0,0,'NJ',6),(3125,130,134,0,0,0,'NJ',6),(3126,131,134,0,0,0,'NJ',6),(3127,33,134,0,0,0,'NJ',6),(3128,132,134,0,0,0,'NJ',6),(3129,133,134,0,0,0,'NJ',6),(3130,134,134,1,0,0,'NJ',6),(3131,135,134,0,0,0,'NJ',6),(3132,136,134,0,0,0,'NJ',6),(3133,137,134,0,0,0,'NJ',6),(3134,138,134,0,0,0,'NJ',6),(3135,84,136,0,0,0,'NJ',14),(3136,85,136,0,0,0,'NJ',14),(3137,86,136,0,0,0,'NJ',14),(3138,87,136,0,0,0,'NJ',14),(3139,88,136,2,0,0,'NJ',14),(3140,89,136,0,0,0,'NJ',14),(3141,90,136,0,0,0,'NJ',14),(3142,91,136,0,0,0,'NJ',14),(3143,29,136,0,0,0,'NJ',14),(3144,92,136,0,0,0,'NJ',14),(3145,93,136,0,0,0,'NJ',14),(3146,94,136,0,0,0,'NJ',14),(3147,73,136,0,0,0,'NJ',4),(3148,74,136,0,0,0,'NJ',4),(3149,75,136,0,0,0,'NJ',4),(3150,76,136,0,0,0,'NJ',4),(3151,77,136,0,0,0,'NJ',4),(3152,78,136,0,0,0,'NJ',4),(3153,79,136,0,0,0,'NJ',4),(3154,80,136,0,0,0,'NJ',4),(3155,81,136,0,0,0,'NJ',4),(3156,28,136,0,0,0,'NJ',4),(3157,82,136,0,0,0,'NJ',4),(3158,83,136,0,0,0,'NJ',4),(3159,17,137,0,0,0,'NJ',3),(3160,15,137,0,0,0,'NJ',3),(3161,10,137,2,0,0,'NJ',3),(3162,18,137,1,0,0,'NJ',3),(3163,21,137,0,0,0,'NJ',3),(3164,9,137,0,0,0,'NJ',3),(3165,16,137,0,0,0,'NJ',3),(3166,6,137,0,0,0,'NJ',3),(3167,4,137,0,0,0,'NJ',3),(3168,14,137,0,0,0,'NJ',3),(3169,12,137,0,0,0,'NJ',3),(3170,1,137,0,0,0,'NJ',3),(3171,41,137,0,0,0,'NJ',9),(3172,24,137,0,0,0,'NJ',9),(3173,42,137,0,0,0,'NJ',9),(3174,43,137,0,0,0,'NJ',9),(3175,44,137,2,0,0,'NJ',9),(3176,45,137,0,0,0,'NJ',9),(3177,46,137,0,0,0,'NJ',9),(3178,47,137,0,0,0,'NJ',9),(3179,48,137,0,0,0,'NJ',9),(3180,49,137,0,0,0,'NJ',9),(3181,50,137,0,0,0,'NJ',9),(3182,51,137,0,0,0,'NJ',9),(3183,62,138,0,0,0,'NJ',10),(3184,63,138,0,0,0,'NJ',10),(3185,64,138,0,0,0,'NJ',10),(3186,65,138,0,0,0,'NJ',10),(3187,66,138,1,0,0,'NJ',10),(3188,67,138,0,0,0,'NJ',10),(3189,68,138,0,0,0,'NJ',10),(3190,69,138,0,0,0,'NJ',10),(3191,70,138,0,0,0,'NJ',10),(3192,71,138,0,0,0,'NJ',10),(3193,27,138,0,0,0,'NJ',10),(3194,72,138,0,0,0,'NJ',10),(3195,95,138,0,0,0,'NJ',8),(3196,96,138,0,0,0,'NJ',8),(3197,97,138,1,0,0,'NJ',8),(3198,98,138,0,0,0,'NJ',8),(3199,99,138,0,0,0,'NJ',8),(3200,100,138,0,0,0,'NJ',8),(3201,101,138,0,0,0,'NJ',8),(3202,30,138,1,0,0,'NJ',8),(3203,102,138,0,0,0,'NJ',8),(3204,103,138,0,0,0,'NJ',8),(3205,104,138,0,0,0,'NJ',8),(3206,105,138,0,0,0,'NJ',8),(3207,106,138,0,0,0,'NJ',8),(3208,107,138,0,0,0,'NJ',8),(3209,108,138,0,0,0,'NJ',8),(3210,150,139,0,0,0,'NJ',7),(3211,151,139,0,0,0,'NJ',7),(3212,35,139,0,0,0,'NJ',7),(3213,152,139,2,0,0,'NJ',7),(3214,153,139,0,0,0,'NJ',7),(3215,154,139,1,0,0,'NJ',7),(3216,155,139,0,0,0,'NJ',7),(3217,156,139,0,0,0,'NJ',7),(3218,157,139,0,0,0,'NJ',7),(3219,158,139,0,0,0,'NJ',7),(3220,159,139,0,0,0,'NJ',7),(3221,160,139,0,0,0,'NJ',7),(3222,161,139,0,0,0,'NJ',7),(3223,25,139,0,0,0,'NJ',11),(3224,52,139,0,0,0,'NJ',11),(3225,53,139,0,0,0,'NJ',11),(3226,54,139,1,0,0,'NJ',11),(3227,55,139,0,0,0,'NJ',11),(3228,56,139,1,0,0,'NJ',11),(3229,57,139,0,0,0,'NJ',11),(3230,58,139,0,0,0,'NJ',11),(3231,59,139,0,0,0,'NJ',11),(3232,60,139,0,0,0,'NJ',11),(3233,61,139,0,0,0,'NJ',11),(3234,26,139,0,0,0,'NJ',11),(3235,19,140,0,0,0,'NJ',15),(3236,8,140,0,0,0,'NJ',15),(3237,11,140,0,0,0,'NJ',15),(3238,22,140,2,0,0,'NJ',15),(3239,23,140,0,0,0,'NJ',15),(3240,32,140,0,0,0,'NJ',15),(3241,122,140,0,0,0,'NJ',15),(3242,123,140,0,0,0,'NJ',15),(3243,124,140,0,0,0,'NJ',15),(3244,125,140,0,0,0,'NJ',15),(3245,126,140,0,0,0,'NJ',15),(3246,127,140,0,0,0,'NJ',15),(3247,13,140,0,0,0,'NJ',15),(3248,36,140,0,0,0,'NJ',13),(3249,162,140,0,0,0,'NJ',13),(3250,163,140,0,0,0,'NJ',13),(3251,164,140,0,0,0,'NJ',13),(3252,165,140,0,0,0,'NJ',13),(3253,166,140,0,0,0,'NJ',13),(3254,167,140,0,0,0,'NJ',13),(3255,168,140,0,0,0,'NJ',13),(3256,169,140,0,0,0,'NJ',13),(3257,170,140,0,0,0,'NJ',13),(3258,171,140,0,0,0,'NJ',13),(3259,37,140,0,0,0,'NJ',13),(3260,38,140,0,0,0,'NJ',13),(3261,39,140,0,0,0,'NJ',13),(3262,128,155,1,0,0,'NJ',6),(3263,129,155,0,0,0,'NJ',6),(3264,130,155,1,0,0,'NJ',6),(3265,131,155,0,0,0,'NJ',6),(3266,33,155,0,0,0,'NJ',6),(3267,132,155,1,0,0,'NJ',6),(3268,133,155,0,0,0,'NJ',6),(3269,134,155,0,0,0,'NJ',6),(3270,135,155,0,0,0,'NJ',6),(3271,136,155,0,0,0,'NJ',6),(3272,137,155,0,0,0,'NJ',6),(3273,138,155,0,0,0,'NJ',6),(3274,62,155,0,0,0,'NJ',10),(3275,63,155,0,0,0,'NJ',10),(3276,64,155,0,0,0,'NJ',10),(3277,65,155,0,0,0,'NJ',10),(3278,66,155,0,0,0,'NJ',10),(3279,67,155,0,0,0,'NJ',10),(3280,68,155,0,0,0,'NJ',10),(3281,69,155,0,0,0,'NJ',10),(3282,70,155,0,0,0,'NJ',10),(3283,71,155,0,0,0,'NJ',10),(3284,27,155,0,0,0,'NJ',10),(3285,72,155,0,0,0,'NJ',10),(3286,128,155,1,0,0,'NJ',6),(3287,129,155,0,0,0,'NJ',6),(3288,130,155,1,0,0,'NJ',6),(3289,131,155,0,0,0,'NJ',6),(3290,33,155,0,0,0,'NJ',6),(3291,132,155,1,0,0,'NJ',6),(3292,133,155,0,0,0,'NJ',6),(3293,134,155,0,0,0,'NJ',6),(3294,135,155,0,0,0,'NJ',6),(3295,136,155,0,0,0,'NJ',6),(3296,137,155,0,0,0,'NJ',6),(3297,138,155,0,0,0,'NJ',6),(3298,62,155,0,0,0,'NJ',10),(3299,63,155,0,0,0,'NJ',10),(3300,64,155,0,0,0,'NJ',10),(3301,65,155,0,0,0,'NJ',10),(3302,66,155,0,0,0,'NJ',10),(3303,67,155,0,0,0,'NJ',10),(3304,68,155,0,0,0,'NJ',10),(3305,69,155,0,0,0,'NJ',10),(3306,70,155,5,0,0,'NJ',10),(3307,71,155,0,0,0,'NJ',10),(3308,27,155,0,0,0,'NJ',10),(3309,72,155,0,0,0,'NJ',10),(3310,41,156,0,0,0,'NJ',9),(3311,24,156,0,0,0,'NJ',9),(3312,42,156,0,0,0,'NJ',9),(3313,43,156,0,0,0,'NJ',9),(3314,44,156,0,0,0,'NJ',9),(3315,45,156,0,0,0,'NJ',9),(3316,46,156,0,0,0,'NJ',9),(3317,47,156,0,0,0,'NJ',9),(3318,48,156,0,0,0,'NJ',9),(3319,49,156,0,0,0,'NJ',9),(3320,50,156,0,0,0,'NJ',9),(3321,51,156,0,0,0,'NJ',9),(3322,139,156,0,0,0,'NJ',5),(3323,140,156,0,0,0,'NJ',5),(3324,141,156,0,0,0,'NJ',5),(3325,34,156,0,0,0,'NJ',5),(3326,142,156,0,0,0,'NJ',5),(3327,143,156,0,0,0,'NJ',5),(3328,144,156,0,0,0,'NJ',5),(3329,145,156,0,0,0,'NJ',5),(3330,146,156,0,0,0,'NJ',5),(3331,147,156,0,0,0,'NJ',5),(3332,148,156,0,0,0,'NJ',5),(3333,149,156,0,0,0,'NJ',5),(3334,36,157,0,0,0,'NJ',13),(3335,162,157,0,0,0,'NJ',13),(3336,163,157,0,0,0,'NJ',13),(3337,164,157,0,0,0,'NJ',13),(3338,165,157,0,0,0,'NJ',13),(3339,166,157,0,0,0,'NJ',13),(3340,167,157,0,0,0,'NJ',13),(3341,168,157,0,0,0,'NJ',13),(3342,169,157,0,0,0,'NJ',13),(3343,170,157,0,0,0,'NJ',13),(3344,171,157,0,0,0,'NJ',13),(3345,37,157,0,0,0,'NJ',13),(3346,38,157,0,0,0,'NJ',13),(3347,39,157,0,0,0,'NJ',13),(3348,109,157,0,0,0,'NJ',12),(3349,110,157,0,0,0,'NJ',12),(3350,111,157,0,0,0,'NJ',12),(3351,31,157,0,0,0,'NJ',12),(3352,112,157,0,0,0,'NJ',12),(3353,113,157,0,0,0,'NJ',12),(3354,114,157,0,0,0,'NJ',12),(3355,115,157,0,0,0,'NJ',12),(3356,116,157,0,0,0,'NJ',12),(3357,117,157,0,0,0,'NJ',12),(3358,118,157,0,0,0,'NJ',12),(3359,119,157,0,0,0,'NJ',12),(3360,25,158,0,0,0,'NJ',11),(3361,52,158,0,0,0,'NJ',11),(3362,53,158,0,0,0,'NJ',11),(3363,54,158,0,0,0,'NJ',11),(3364,55,158,2,0,0,'NJ',11),(3365,56,158,0,0,0,'NJ',11),(3366,57,158,0,0,0,'NJ',11),(3367,58,158,0,0,0,'NJ',11),(3368,59,158,0,0,0,'NJ',11),(3369,60,158,0,0,0,'NJ',11),(3370,61,158,0,0,0,'NJ',11),(3371,26,158,0,0,0,'NJ',11),(3372,19,158,0,0,0,'NJ',15),(3373,8,158,0,0,0,'NJ',15),(3374,11,158,0,0,0,'NJ',15),(3375,22,158,0,0,0,'NJ',15),(3376,23,158,0,0,0,'NJ',15),(3377,32,158,0,0,0,'NJ',15),(3378,122,158,0,0,0,'NJ',15),(3379,123,158,0,0,0,'NJ',15),(3380,124,158,0,0,0,'NJ',15),(3381,125,158,0,0,0,'NJ',15),(3382,126,158,0,0,0,'NJ',15),(3383,127,158,0,0,0,'NJ',15),(3384,13,158,1,0,0,'NJ',15),(3385,84,159,0,0,0,'NJ',14),(3386,85,159,0,0,0,'NJ',14),(3387,86,159,0,0,0,'NJ',14),(3388,87,159,0,0,0,'NJ',14),(3389,88,159,0,0,0,'NJ',14),(3390,89,159,1,0,0,'NJ',14),(3391,90,159,0,0,0,'NJ',14),(3392,91,159,0,0,0,'NJ',14),(3393,29,159,0,0,0,'NJ',14),(3394,92,159,0,0,0,'NJ',14),(3395,93,159,0,0,0,'NJ',14),(3396,94,159,0,0,0,'NJ',14),(3397,150,159,0,0,0,'NJ',7),(3398,151,159,0,0,0,'NJ',7),(3399,35,159,0,0,0,'NJ',7),(3400,152,159,0,0,0,'NJ',7),(3401,153,159,0,0,0,'NJ',7),(3402,154,159,0,0,0,'NJ',7),(3403,155,159,0,0,0,'NJ',7),(3404,156,159,0,0,0,'NJ',7),(3405,157,159,0,0,0,'NJ',7),(3406,158,159,0,0,0,'NJ',7),(3407,159,159,0,0,0,'NJ',7),(3408,160,159,0,0,0,'NJ',7),(3409,161,159,0,0,0,'NJ',7),(3410,73,160,0,0,0,'NJ',4),(3411,74,160,0,0,0,'NJ',4),(3412,75,160,0,0,0,'NJ',4),(3413,76,160,0,0,0,'NJ',4),(3414,77,160,1,0,0,'NJ',4),(3415,78,160,0,0,0,'NJ',4),(3416,79,160,0,0,0,'NJ',4),(3417,80,160,0,0,0,'NJ',4),(3418,81,160,0,0,0,'NJ',4),(3419,28,160,0,0,0,'NJ',4),(3420,82,160,0,0,0,'NJ',4),(3421,83,160,0,0,0,'NJ',4),(3422,95,160,0,0,0,'NJ',8),(3423,96,160,0,0,0,'NJ',8),(3424,97,160,0,0,0,'NJ',8),(3425,98,160,0,0,0,'NJ',8),(3426,99,160,1,0,0,'NJ',8),(3427,100,160,0,0,0,'NJ',8),(3428,101,160,0,0,0,'NJ',8),(3429,30,160,0,0,0,'NJ',8),(3430,102,160,0,0,0,'NJ',8),(3431,103,160,0,0,0,'NJ',8),(3432,104,160,0,0,0,'NJ',8),(3433,105,160,0,0,0,'NJ',8),(3434,106,160,0,0,0,'NJ',8),(3435,107,160,0,0,0,'NJ',8),(3436,108,160,0,0,0,'NJ',8),(3437,95,148,0,0,0,'NJ',8),(3438,96,148,0,0,0,'NJ',8),(3439,97,148,2,0,0,'NJ',8),(3440,98,148,0,0,0,'NJ',8),(3441,99,148,0,0,0,'NJ',8),(3442,100,148,1,0,0,'NJ',8),(3443,101,148,0,0,0,'NJ',8),(3444,30,148,0,0,0,'NJ',8),(3445,102,148,0,0,0,'NJ',8),(3446,103,148,0,0,0,'NJ',8),(3447,104,148,0,0,0,'NJ',8),(3448,105,148,0,0,0,'NJ',8),(3449,106,148,0,0,0,'NJ',8),(3450,107,148,0,0,0,'NJ',8),(3451,108,148,0,0,0,'NJ',8),(3452,128,148,0,0,0,'NJ',6),(3453,129,148,0,0,0,'NJ',6),(3454,130,148,0,0,0,'NJ',6),(3455,131,148,0,0,0,'NJ',6),(3456,33,148,0,0,0,'NJ',6),(3457,132,148,0,0,0,'NJ',6),(3458,133,148,0,0,0,'NJ',6),(3459,134,148,1,0,0,'NJ',6),(3460,135,148,0,0,0,'NJ',6),(3461,136,148,0,0,0,'NJ',6),(3462,137,148,0,0,0,'NJ',6),(3463,138,148,0,0,0,'NJ',6),(3464,150,150,0,0,0,'NJ',7),(3465,151,150,0,0,0,'NJ',7),(3466,35,150,1,0,0,'NJ',7),(3467,152,150,0,0,0,'NJ',7),(3468,153,150,0,0,0,'NJ',7),(3469,154,150,0,0,0,'NJ',7),(3470,155,150,0,0,0,'NJ',7),(3471,156,150,0,0,0,'NJ',7),(3472,157,150,0,0,0,'NJ',7),(3473,158,150,0,0,0,'NJ',7),(3474,159,150,0,0,0,'NJ',7),(3475,160,150,0,0,0,'NJ',7),(3476,161,150,0,0,0,'NJ',7),(3477,73,150,0,0,0,'NJ',4),(3478,74,150,0,0,0,'NJ',4),(3479,75,150,0,0,0,'NJ',4),(3480,76,150,0,0,0,'NJ',4),(3481,77,150,1,0,0,'NJ',4),(3482,78,150,0,0,0,'NJ',4),(3483,79,150,0,0,0,'NJ',4),(3484,80,150,1,0,0,'NJ',4),(3485,81,150,0,0,0,'NJ',4),(3486,28,150,0,0,0,'NJ',4),(3487,82,150,0,0,0,'NJ',4),(3488,83,150,0,0,0,'NJ',4),(3489,62,151,0,0,0,'NJ',10),(3490,63,151,1,0,0,'NJ',10),(3491,64,151,0,0,0,'NJ',10),(3492,65,151,0,0,0,'NJ',10),(3493,66,151,0,0,0,'NJ',10),(3494,67,151,0,0,0,'NJ',10),(3495,68,151,0,0,0,'NJ',10),(3496,69,151,0,0,0,'NJ',10),(3497,70,151,0,0,0,'NJ',10),(3498,71,151,0,0,0,'NJ',10),(3499,27,151,0,0,0,'NJ',10),(3500,72,151,0,0,0,'NJ',10),(3501,41,151,0,0,0,'NJ',9),(3502,24,151,0,0,0,'NJ',9),(3503,42,151,2,0,0,'NJ',9),(3504,43,151,0,0,0,'NJ',9),(3505,44,151,0,0,0,'NJ',9),(3506,45,151,0,0,0,'NJ',9),(3507,46,151,0,0,0,'NJ',9),(3508,47,151,0,0,0,'NJ',9),(3509,48,151,0,0,0,'NJ',9),(3510,49,151,0,0,0,'NJ',9),(3511,50,151,0,0,0,'NJ',9),(3512,51,151,0,0,0,'NJ',9),(3513,19,152,0,0,0,'NJ',15),(3514,8,152,0,0,0,'NJ',15),(3515,11,152,1,0,0,'NJ',15),(3516,22,152,0,0,0,'NJ',15),(3517,23,152,0,0,0,'NJ',15),(3518,32,152,0,0,0,'NJ',15),(3519,122,152,0,0,0,'NJ',15),(3520,123,152,0,0,0,'NJ',15),(3521,124,152,0,0,0,'NJ',15),(3522,125,152,0,0,0,'NJ',15),(3523,126,152,0,0,0,'NJ',15),(3524,127,152,0,0,0,'NJ',15),(3525,13,152,1,0,0,'NJ',15),(3526,84,152,0,0,0,'NJ',14),(3527,85,152,0,0,0,'NJ',14),(3528,86,152,0,0,0,'NJ',14),(3529,87,152,0,0,0,'NJ',14),(3530,88,152,1,0,0,'NJ',14),(3531,89,152,0,0,0,'NJ',14),(3532,90,152,0,0,0,'NJ',14),(3533,91,152,0,0,0,'NJ',14),(3534,29,152,0,0,0,'NJ',14),(3535,92,152,0,0,0,'NJ',14),(3536,93,152,0,0,0,'NJ',14),(3537,94,152,0,0,0,'NJ',14),(3538,109,153,0,0,0,'NJ',12),(3539,110,153,2,0,0,'NJ',12),(3540,111,153,0,0,0,'NJ',12),(3541,31,153,0,0,0,'NJ',12),(3542,112,153,0,0,0,'NJ',12),(3543,113,153,0,0,0,'NJ',12),(3544,114,153,0,0,0,'NJ',12),(3545,115,153,0,0,0,'NJ',12),(3546,116,153,0,0,0,'NJ',12),(3547,117,153,0,0,0,'NJ',12),(3548,118,153,0,0,0,'NJ',12),(3549,119,153,0,0,0,'NJ',12),(3550,25,153,0,0,0,'NJ',11),(3551,52,153,0,0,0,'NJ',11),(3552,53,153,1,0,0,'NJ',11),(3553,54,153,0,0,0,'NJ',11),(3554,55,153,0,0,0,'NJ',11),(3555,56,153,0,0,0,'NJ',11),(3556,57,153,1,0,0,'NJ',11),(3557,58,153,0,0,0,'NJ',11),(3558,59,153,0,0,0,'NJ',11),(3559,60,153,0,0,0,'NJ',11),(3560,61,153,0,0,0,'NJ',11),(3561,26,153,0,0,0,'NJ',11),(3562,17,154,0,0,0,'NJ',3),(3563,15,154,0,0,0,'NJ',3),(3564,10,154,1,0,0,'NJ',3),(3565,18,154,0,0,0,'NJ',3),(3566,21,154,1,0,0,'NJ',3),(3567,9,154,0,0,0,'NJ',3),(3568,16,154,1,0,0,'NJ',3),(3569,6,154,1,0,0,'NJ',3),(3570,4,154,0,0,0,'NJ',3),(3571,14,154,0,0,0,'NJ',3),(3572,12,154,0,0,0,'NJ',3),(3573,1,154,0,0,0,'NJ',3),(3574,36,154,0,0,0,'NJ',13),(3575,162,154,0,0,0,'NJ',13),(3576,163,154,0,0,0,'NJ',13),(3577,164,154,1,0,0,'NJ',13),(3578,165,154,0,0,0,'NJ',13),(3579,166,154,0,0,0,'NJ',13),(3580,167,154,0,0,0,'NJ',13),(3581,168,154,0,0,0,'NJ',13),(3582,169,154,0,0,0,'NJ',13),(3583,170,154,0,0,0,'NJ',13),(3584,171,154,0,0,0,'NJ',13),(3585,37,154,0,0,0,'NJ',13),(3586,38,154,0,0,0,'NJ',13),(3587,39,154,0,0,0,'NJ',13),(3588,73,169,0,0,0,'NJ',4),(3589,74,169,1,0,0,'NJ',4),(3590,75,169,0,0,0,'NJ',4),(3591,76,169,0,0,0,'NJ',4),(3592,77,169,0,0,0,'NJ',4),(3593,78,169,0,0,0,'NJ',4),(3594,79,169,0,0,0,'NJ',4),(3595,80,169,0,0,0,'NJ',4),(3596,81,169,0,0,0,'NJ',4),(3597,28,169,0,0,0,'NJ',4),(3598,82,169,0,0,0,'NJ',4),(3599,83,169,0,0,0,'NJ',4),(3600,128,169,0,0,0,'NJ',6),(3601,129,169,0,0,0,'NJ',6),(3602,130,169,1,0,0,'NJ',6),(3603,131,169,0,0,0,'NJ',6),(3604,33,169,0,0,0,'NJ',6),(3605,132,169,0,0,0,'NJ',6),(3606,133,169,0,0,0,'NJ',6),(3607,134,169,0,0,0,'NJ',6),(3608,135,169,0,0,0,'NJ',6),(3609,136,169,0,0,0,'NJ',6),(3610,137,169,0,0,0,'NJ',6),(3611,138,169,0,0,0,'NJ',6),(3612,36,171,0,0,0,'NJ',13),(3613,162,171,1,0,0,'NJ',13),(3614,163,171,0,0,0,'NJ',13),(3615,164,171,0,0,0,'NJ',13),(3616,165,171,0,0,0,'NJ',13),(3617,166,171,1,0,0,'NJ',13),(3618,167,171,0,0,0,'NJ',13),(3619,168,171,0,0,0,'NJ',13),(3620,169,171,0,0,0,'NJ',13),(3621,170,171,0,0,0,'NJ',13),(3622,171,171,0,0,0,'NJ',13),(3623,37,171,0,0,0,'NJ',13),(3624,38,171,0,0,0,'NJ',13),(3625,39,171,0,0,0,'NJ',13),(3626,139,171,0,0,0,'NJ',5),(3627,140,171,0,0,0,'NJ',5),(3628,141,171,1,0,0,'NJ',5),(3629,34,171,0,0,0,'NJ',5),(3630,142,171,0,0,0,'NJ',5),(3631,143,171,2,0,0,'NJ',5),(3632,144,171,0,0,0,'NJ',5),(3633,145,171,0,0,0,'NJ',5),(3634,146,171,0,0,0,'NJ',5),(3635,147,171,0,0,0,'NJ',5),(3636,148,171,0,0,0,'NJ',5),(3637,149,171,0,0,0,'NJ',5),(3638,84,172,0,0,0,'NJ',14),(3639,85,172,0,0,0,'NJ',14),(3640,86,172,0,0,0,'NJ',14),(3641,87,172,1,0,0,'NJ',14),(3642,88,172,0,0,0,'NJ',14),(3643,89,172,0,0,0,'NJ',14),(3644,90,172,2,0,0,'NJ',14),(3645,91,172,0,0,0,'NJ',14),(3646,29,172,0,0,0,'NJ',14),(3647,92,172,0,0,0,'NJ',14),(3648,93,172,0,0,0,'NJ',14),(3649,94,172,0,0,0,'NJ',14),(3650,109,172,0,0,0,'NJ',12),(3651,110,172,0,0,0,'NJ',12),(3652,111,172,2,0,0,'NJ',12),(3653,31,172,0,0,0,'NJ',12),(3654,112,172,0,0,0,'NJ',12),(3655,113,172,0,0,0,'NJ',12),(3656,114,172,1,0,0,'NJ',12),(3657,115,172,0,0,0,'NJ',12),(3658,116,172,0,0,0,'NJ',12),(3659,117,172,0,0,0,'NJ',12),(3660,118,172,0,0,0,'NJ',12),(3661,119,172,0,0,0,'NJ',12),(3662,150,173,0,0,0,'NJ',7),(3663,151,173,0,0,0,'NJ',7),(3664,35,173,0,0,0,'NJ',7),(3665,152,173,0,0,0,'NJ',7),(3666,153,173,2,0,0,'NJ',7),(3667,154,173,0,0,0,'NJ',7),(3668,155,173,0,0,0,'NJ',7),(3669,156,173,0,0,0,'NJ',7),(3670,157,173,0,0,0,'NJ',7),(3671,158,173,0,0,0,'NJ',7),(3672,159,173,0,0,0,'NJ',7),(3673,160,173,0,0,0,'NJ',7),(3674,161,173,0,0,0,'NJ',7),(3675,19,173,0,0,0,'NJ',15),(3676,8,173,0,0,0,'NJ',15),(3677,11,173,0,0,0,'NJ',15),(3678,22,173,0,0,0,'NJ',15),(3679,23,173,0,0,0,'NJ',15),(3680,32,173,0,0,0,'NJ',15),(3681,122,173,0,0,0,'NJ',15),(3682,123,173,0,0,0,'NJ',15),(3683,124,173,0,0,0,'NJ',15),(3684,125,173,0,0,0,'NJ',15),(3685,126,173,0,0,0,'NJ',15),(3686,127,173,0,0,0,'NJ',15),(3687,13,173,0,0,0,'NJ',15),(3688,150,173,0,0,0,'NJ',7),(3689,151,173,0,0,0,'NJ',7),(3690,35,173,0,0,0,'NJ',7),(3691,152,173,0,0,0,'NJ',7),(3692,153,173,2,0,0,'NJ',7),(3693,154,173,0,0,0,'NJ',7),(3694,155,173,0,0,0,'NJ',7),(3695,156,173,0,0,0,'NJ',7),(3696,157,173,0,0,0,'NJ',7),(3697,158,173,0,0,0,'NJ',7),(3698,159,173,0,0,0,'NJ',7),(3699,160,173,0,0,0,'NJ',7),(3700,161,173,0,0,0,'NJ',7),(3701,19,173,0,0,0,'NJ',15),(3702,8,173,0,0,0,'NJ',15),(3703,11,173,0,0,0,'NJ',15),(3704,22,173,0,0,0,'NJ',15),(3705,23,173,0,0,0,'NJ',15),(3706,32,173,0,0,0,'NJ',15),(3707,122,173,0,0,0,'NJ',15),(3708,123,173,0,0,0,'NJ',15),(3709,124,173,0,0,0,'NJ',15),(3710,125,173,0,0,0,'NJ',15),(3711,126,173,0,0,0,'NJ',15),(3712,127,173,0,0,0,'NJ',15),(3713,13,173,2,0,0,'NJ',15),(3714,41,174,0,0,0,'NJ',9),(3715,24,174,0,0,0,'NJ',9),(3716,42,174,1,0,0,'NJ',9),(3717,43,174,0,0,0,'NJ',9),(3718,44,174,0,0,0,'NJ',9),(3719,45,174,0,0,0,'NJ',9),(3720,46,174,0,0,0,'NJ',9),(3721,47,174,0,0,0,'NJ',9),(3722,48,174,0,0,0,'NJ',9),(3723,49,174,0,0,0,'NJ',9),(3724,50,174,0,0,0,'NJ',9),(3725,51,174,0,0,0,'NJ',9),(3726,95,174,0,0,0,'NJ',8),(3727,96,174,0,0,0,'NJ',8),(3728,97,174,2,0,0,'NJ',8),(3729,98,174,0,0,0,'NJ',8),(3730,99,174,0,0,0,'NJ',8),(3731,100,174,0,0,0,'NJ',8),(3732,101,174,0,0,0,'NJ',8),(3733,30,174,0,0,0,'NJ',8),(3734,102,174,0,0,0,'NJ',8),(3735,103,174,0,0,0,'NJ',8),(3736,104,174,0,0,0,'NJ',8),(3737,105,174,0,0,0,'NJ',8),(3738,106,174,0,0,0,'NJ',8),(3739,107,174,0,0,0,'NJ',8),(3740,108,174,0,0,0,'NJ',8),(3741,25,175,0,0,0,'NJ',11),(3742,52,175,1,0,0,'NJ',11),(3743,53,175,0,0,0,'NJ',11),(3744,54,175,0,0,0,'NJ',11),(3745,55,175,0,0,0,'NJ',11),(3746,56,175,0,0,0,'NJ',11),(3747,57,175,0,0,0,'NJ',11),(3748,58,175,0,0,0,'NJ',11),(3749,59,175,0,0,0,'NJ',11),(3750,60,175,0,0,0,'NJ',11),(3751,61,175,0,0,0,'NJ',11),(3752,26,175,0,0,0,'NJ',11),(3753,17,175,0,0,0,'NJ',3),(3754,15,175,0,0,0,'NJ',3),(3755,10,175,0,0,0,'NJ',3),(3756,18,175,0,0,0,'NJ',3),(3757,21,175,2,0,0,'NJ',3),(3758,9,175,0,0,0,'NJ',3),(3759,16,175,0,0,0,'NJ',3),(3760,6,175,0,0,0,'NJ',3),(3761,4,175,0,0,0,'NJ',3),(3762,14,175,0,0,0,'NJ',3),(3763,12,175,0,0,0,'NJ',3),(3764,1,175,0,0,0,'NJ',3),(3765,73,163,0,0,0,'NJ',4),(3766,74,163,0,0,0,'NJ',4),(3767,75,163,0,0,0,'NJ',4),(3768,76,163,0,0,0,'NJ',4),(3769,77,163,0,0,0,'NJ',4),(3770,78,163,0,0,0,'NJ',4),(3771,79,163,0,0,0,'NJ',4),(3772,80,163,0,0,0,'NJ',4),(3773,81,163,0,0,0,'NJ',4),(3774,28,163,0,0,0,'NJ',4),(3775,82,163,0,0,0,'NJ',4),(3776,83,163,0,0,0,'NJ',4),(3777,19,163,0,0,0,'NJ',15),(3778,8,163,0,0,0,'NJ',15),(3779,11,163,0,0,0,'NJ',15),(3780,22,163,0,0,0,'NJ',15),(3781,23,163,0,0,0,'NJ',15),(3782,32,163,0,0,0,'NJ',15),(3783,122,163,0,0,0,'NJ',15),(3784,123,163,0,0,0,'NJ',15),(3785,124,163,0,0,0,'NJ',15),(3786,125,163,0,0,0,'NJ',15),(3787,126,163,0,0,0,'NJ',15),(3788,127,163,0,0,0,'NJ',15),(3789,13,163,0,0,0,'NJ',15),(3790,73,163,0,0,0,'NJ',4),(3791,74,163,0,0,0,'NJ',4),(3792,75,163,0,0,0,'NJ',4),(3793,76,163,0,0,0,'NJ',4),(3794,77,163,0,0,0,'NJ',4),(3795,78,163,0,0,0,'NJ',4),(3796,79,163,0,0,0,'NJ',4),(3797,80,163,0,0,0,'NJ',4),(3798,81,163,0,0,0,'NJ',4),(3799,28,163,0,0,0,'NJ',4),(3800,82,163,0,0,0,'NJ',4),(3801,83,163,0,0,0,'NJ',4),(3802,19,163,0,0,0,'NJ',15),(3803,8,163,0,0,0,'NJ',15),(3804,11,163,0,0,0,'NJ',15),(3805,22,163,0,0,0,'NJ',15),(3806,23,163,0,0,0,'NJ',15),(3807,32,163,0,0,0,'NJ',15),(3808,122,163,0,0,0,'NJ',15),(3809,123,163,0,0,0,'NJ',15),(3810,124,163,0,0,0,'NJ',15),(3811,125,163,0,0,0,'NJ',15),(3812,126,163,0,0,0,'NJ',15),(3813,127,163,0,0,0,'NJ',15),(3814,13,163,1,0,0,'NJ',15),(3815,128,164,0,0,0,'NJ',6),(3816,129,164,0,0,0,'NJ',6),(3817,130,164,0,0,0,'NJ',6),(3818,131,164,0,0,0,'NJ',6),(3819,33,164,1,0,0,'NJ',6),(3820,132,164,0,0,0,'NJ',6),(3821,133,164,0,0,0,'NJ',6),(3822,134,164,0,0,0,'NJ',6),(3823,135,164,0,0,0,'NJ',6),(3824,136,164,0,0,0,'NJ',6),(3825,137,164,0,0,0,'NJ',6),(3826,138,164,0,0,0,'NJ',6),(3827,41,164,0,0,0,'NJ',9),(3828,24,164,0,0,0,'NJ',9),(3829,42,164,0,0,0,'NJ',9),(3830,43,164,0,0,0,'NJ',9),(3831,44,164,1,0,0,'NJ',9),(3832,45,164,0,0,0,'NJ',9),(3833,46,164,0,0,0,'NJ',9),(3834,47,164,0,0,0,'NJ',9),(3835,48,164,0,0,0,'NJ',9),(3836,49,164,0,0,0,'NJ',9),(3837,50,164,0,0,0,'NJ',9),(3838,51,164,0,0,0,'NJ',9),(3839,109,165,0,0,0,'NJ',12),(3840,110,165,0,0,0,'NJ',12),(3841,111,165,0,0,0,'NJ',12),(3842,31,165,1,0,0,'NJ',12),(3843,112,165,0,0,0,'NJ',12),(3844,113,165,0,0,0,'NJ',12),(3845,114,165,1,0,0,'NJ',12),(3846,115,165,0,0,0,'NJ',12),(3847,116,165,0,0,0,'NJ',12),(3848,117,165,0,0,0,'NJ',12),(3849,118,165,0,0,0,'NJ',12),(3850,119,165,0,0,0,'NJ',12),(3851,150,165,0,0,0,'NJ',7),(3852,151,165,0,0,0,'NJ',7),(3853,35,165,0,0,0,'NJ',7),(3854,152,165,0,0,0,'NJ',7),(3855,153,165,0,0,0,'NJ',7),(3856,154,165,0,0,0,'NJ',7),(3857,155,165,0,0,0,'NJ',7),(3858,156,165,0,0,0,'NJ',7),(3859,157,165,0,0,0,'NJ',7),(3860,158,165,0,0,0,'NJ',7),(3861,159,165,0,0,0,'NJ',7),(3862,160,165,0,0,0,'NJ',7),(3863,161,165,0,0,0,'NJ',7),(3864,17,166,0,0,0,'NJ',3),(3865,15,166,2,0,0,'NJ',3),(3866,10,166,0,0,0,'NJ',3),(3867,18,166,0,0,0,'NJ',3),(3868,21,166,0,0,0,'NJ',3),(3869,9,166,0,0,0,'NJ',3),(3870,16,166,1,0,0,'NJ',3),(3871,6,166,0,0,0,'NJ',3),(3872,4,166,0,0,0,'NJ',3),(3873,14,166,0,0,0,'NJ',3),(3874,12,166,0,0,0,'NJ',3),(3875,1,166,0,0,0,'NJ',3),(3876,84,166,0,0,0,'NJ',14),(3877,85,166,0,0,0,'NJ',14),(3878,86,166,3,0,0,'NJ',14),(3879,87,166,0,0,0,'NJ',14),(3880,88,166,0,0,0,'NJ',14),(3881,89,166,0,0,0,'NJ',14),(3882,90,166,0,0,0,'NJ',14),(3883,91,166,0,0,0,'NJ',14),(3884,29,166,0,0,0,'NJ',14),(3885,92,166,0,0,0,'NJ',14),(3886,93,166,0,0,0,'NJ',14),(3887,94,166,0,0,0,'NJ',14),(3888,139,167,0,0,0,'NJ',5),(3889,140,167,0,0,0,'NJ',5),(3890,141,167,0,0,0,'NJ',5),(3891,34,167,0,0,0,'NJ',5),(3892,142,167,0,0,0,'NJ',5),(3893,143,167,0,0,0,'NJ',5),(3894,144,167,0,0,0,'NJ',5),(3895,145,167,0,0,0,'NJ',5),(3896,146,167,0,0,0,'NJ',5),(3897,147,167,0,0,0,'NJ',5),(3898,148,167,0,0,0,'NJ',5),(3899,149,167,0,0,0,'NJ',5),(3900,25,167,0,0,0,'NJ',11),(3901,52,167,0,0,0,'NJ',11),(3902,53,167,0,0,0,'NJ',11),(3903,54,167,0,0,0,'NJ',11),(3904,55,167,0,0,0,'NJ',11),(3905,56,167,0,0,0,'NJ',11),(3906,57,167,0,0,0,'NJ',11),(3907,58,167,0,0,0,'NJ',11),(3908,59,167,0,0,0,'NJ',11),(3909,60,167,0,0,0,'NJ',11),(3910,61,167,0,0,0,'NJ',11),(3911,26,167,0,0,0,'NJ',11),(3912,62,168,0,0,0,'NJ',10),(3913,63,168,0,0,0,'NJ',10),(3914,64,168,0,0,0,'NJ',10),(3915,65,168,0,0,0,'NJ',10),(3916,66,168,0,0,0,'NJ',10),(3917,67,168,0,0,0,'NJ',10),(3918,68,168,0,0,0,'NJ',10),(3919,69,168,0,0,0,'NJ',10),(3920,70,168,0,0,0,'NJ',10),(3921,71,168,0,0,0,'NJ',10),(3922,27,168,0,0,0,'NJ',10),(3923,72,168,0,0,0,'NJ',10),(3924,36,168,0,0,0,'NJ',13),(3925,162,168,0,0,0,'NJ',13),(3926,163,168,0,0,0,'NJ',13),(3927,164,168,0,0,0,'NJ',13),(3928,165,168,0,0,0,'NJ',13),(3929,166,168,0,0,0,'NJ',13),(3930,167,168,1,0,0,'NJ',13),(3931,168,168,0,0,0,'NJ',13),(3932,169,168,0,0,0,'NJ',13),(3933,170,168,0,0,0,'NJ',13),(3934,171,168,0,0,0,'NJ',13),(3935,37,168,0,0,0,'NJ',13),(3936,38,168,0,0,0,'NJ',13),(3937,39,168,0,0,0,'NJ',13),(3938,25,177,0,0,0,'NJ',11),(3939,52,177,1,0,0,'NJ',11),(3940,53,177,0,0,0,'NJ',11),(3941,54,177,0,0,0,'NJ',11),(3942,55,177,0,0,0,'NJ',11),(3943,56,177,0,0,0,'NJ',11),(3944,57,177,0,0,0,'NJ',11),(3945,58,177,0,0,0,'NJ',11),(3946,59,177,0,0,0,'NJ',11),(3947,60,177,0,0,0,'NJ',11),(3948,61,177,0,0,0,'NJ',11),(3949,26,177,0,0,0,'NJ',11),(3950,62,177,0,0,0,'NJ',10),(3951,63,177,0,0,0,'NJ',10),(3952,64,177,0,0,0,'NJ',10),(3953,65,177,1,0,0,'NJ',10),(3954,66,177,0,0,0,'NJ',10),(3955,67,177,0,0,0,'NJ',10),(3956,68,177,1,0,0,'NJ',10),(3957,69,177,0,0,0,'NJ',10),(3958,70,177,0,0,0,'NJ',10),(3959,71,177,0,0,0,'NJ',10),(3960,27,177,0,0,0,'NJ',10),(3961,72,177,0,0,0,'NJ',10),(3962,84,178,0,0,0,'NJ',14),(3963,85,178,0,0,0,'NJ',14),(3964,86,178,0,0,0,'NJ',14),(3965,87,178,0,0,0,'NJ',14),(3966,88,178,0,0,0,'NJ',14),(3967,89,178,1,0,0,'NJ',14),(3968,90,178,0,0,0,'NJ',14),(3969,91,178,0,0,0,'NJ',14),(3970,29,178,0,0,0,'NJ',14),(3971,92,178,0,0,0,'NJ',14),(3972,93,178,0,0,0,'NJ',14),(3973,94,178,0,0,0,'NJ',14),(3974,139,178,0,0,0,'NJ',5),(3975,140,178,0,0,0,'NJ',5),(3976,141,178,0,0,0,'NJ',5),(3977,34,178,0,0,0,'NJ',5),(3978,142,178,0,0,0,'NJ',5),(3979,143,178,0,0,0,'NJ',5),(3980,144,178,0,0,0,'NJ',5),(3981,145,178,0,0,0,'NJ',5),(3982,146,178,0,0,0,'NJ',5),(3983,147,178,0,0,0,'NJ',5),(3984,148,178,0,0,0,'NJ',5),(3985,149,178,0,0,0,'NJ',5),(3986,19,179,0,0,0,'NJ',15),(3987,8,179,0,0,0,'NJ',15),(3988,11,179,0,0,0,'NJ',15),(3989,22,179,0,0,0,'NJ',15),(3990,23,179,1,0,0,'NJ',15),(3991,32,179,0,0,0,'NJ',15),(3992,122,179,2,0,0,'NJ',15),(3993,123,179,0,0,0,'NJ',15),(3994,124,179,0,0,0,'NJ',15),(3995,125,179,0,0,0,'NJ',15),(3996,126,179,0,0,0,'NJ',15),(3997,127,179,0,0,0,'NJ',15),(3998,13,179,0,0,0,'NJ',15),(3999,109,179,0,0,0,'NJ',12),(4000,110,179,0,0,0,'NJ',12),(4001,111,179,0,0,0,'NJ',12),(4002,31,179,1,0,0,'NJ',12),(4003,112,179,0,0,0,'NJ',12),(4004,113,179,0,0,0,'NJ',12),(4005,114,179,0,0,0,'NJ',12),(4006,115,179,0,0,0,'NJ',12),(4007,116,179,0,0,0,'NJ',12),(4008,117,179,0,0,0,'NJ',12),(4009,118,179,0,0,0,'NJ',12),(4010,119,179,0,0,0,'NJ',12),(4011,41,180,0,0,0,'NJ',9),(4012,24,180,1,0,0,'NJ',9),(4013,42,180,0,0,0,'NJ',9),(4014,43,180,0,0,0,'NJ',9),(4015,44,180,0,0,0,'NJ',9),(4016,45,180,0,0,0,'NJ',9),(4017,46,180,0,0,0,'NJ',9),(4018,47,180,0,0,0,'NJ',9),(4019,48,180,0,0,0,'NJ',9),(4020,49,180,0,0,0,'NJ',9),(4021,50,180,0,0,0,'NJ',9),(4022,51,180,0,0,0,'NJ',9),(4023,73,180,0,0,0,'NJ',4),(4024,74,180,0,0,0,'NJ',4),(4025,75,180,2,0,0,'NJ',4),(4026,76,180,0,0,0,'NJ',4),(4027,77,180,0,0,0,'NJ',4),(4028,78,180,0,0,0,'NJ',4),(4029,79,180,0,0,0,'NJ',4),(4030,80,180,0,0,0,'NJ',4),(4031,81,180,0,0,0,'NJ',4),(4032,28,180,0,0,0,'NJ',4),(4033,82,180,0,0,0,'NJ',4),(4034,83,180,0,0,0,'NJ',4),(4035,36,181,0,0,0,'NJ',13),(4036,162,181,0,0,0,'NJ',13),(4037,163,181,0,0,0,'NJ',13),(4038,164,181,1,0,0,'NJ',13),(4039,165,181,0,0,0,'NJ',13),(4040,166,181,0,0,0,'NJ',13),(4041,167,181,0,0,0,'NJ',13),(4042,168,181,0,0,0,'NJ',13),(4043,169,181,0,0,0,'NJ',13),(4044,170,181,0,0,0,'NJ',13),(4045,171,181,0,0,0,'NJ',13),(4046,37,181,0,0,0,'NJ',13),(4047,38,181,0,0,0,'NJ',13),(4048,39,181,0,0,0,'NJ',13),(4049,95,181,0,0,0,'NJ',8),(4050,96,181,0,0,0,'NJ',8),(4051,97,181,0,0,0,'NJ',8),(4052,98,181,1,0,0,'NJ',8),(4053,99,181,0,0,0,'NJ',8),(4054,100,181,0,0,0,'NJ',8),(4055,101,181,0,0,0,'NJ',8),(4056,30,181,0,0,0,'NJ',8),(4057,102,181,0,0,0,'NJ',8),(4058,103,181,0,0,0,'NJ',8),(4059,104,181,0,0,0,'NJ',8),(4060,105,181,0,0,0,'NJ',8),(4061,106,181,0,0,0,'NJ',8),(4062,107,181,0,0,0,'NJ',8),(4063,108,181,0,0,0,'NJ',8),(4064,150,182,0,0,0,'NJ',7),(4065,151,182,1,0,0,'NJ',7),(4066,35,182,0,0,0,'NJ',7),(4067,152,182,1,0,0,'NJ',7),(4068,153,182,0,0,0,'NJ',7),(4069,154,182,1,0,0,'NJ',7),(4070,155,182,0,0,0,'NJ',7),(4071,156,182,0,0,0,'NJ',7),(4072,157,182,0,0,0,'NJ',7),(4073,158,182,0,0,0,'NJ',7),(4074,159,182,0,0,0,'NJ',7),(4075,160,182,0,0,0,'NJ',7),(4076,161,182,0,0,0,'NJ',7),(4077,17,182,0,0,0,'NJ',3),(4078,15,182,1,0,0,'NJ',3),(4079,10,182,0,0,0,'NJ',3),(4080,18,182,0,0,0,'NJ',3),(4081,21,182,0,0,0,'NJ',3),(4082,9,182,0,0,0,'NJ',3),(4083,16,182,0,0,0,'NJ',3),(4084,6,182,0,0,0,'NJ',3),(4085,4,182,0,0,0,'NJ',3),(4086,14,182,0,0,0,'NJ',3),(4087,12,182,0,0,0,'NJ',3),(4088,1,182,0,0,0,'NJ',3),(4384,84,199,0,0,0,'NJ',14),(4385,85,199,0,0,0,'NJ',14),(4386,86,199,0,0,0,'NJ',14),(4387,87,199,1,0,0,'NJ',14),(4388,88,199,0,0,0,'NJ',14),(4389,89,199,0,0,0,'NJ',14),(4390,90,199,0,0,0,'NJ',14),(4391,91,199,0,0,0,'NJ',14),(4392,29,199,0,0,0,'NJ',14),(4393,92,199,0,0,0,'NJ',14),(4394,93,199,0,0,0,'NJ',14),(4395,94,199,0,0,0,'NJ',14),(4396,41,199,0,0,0,'NJ',9),(4397,24,199,0,0,0,'NJ',9),(4398,42,199,0,0,0,'NJ',9),(4399,43,199,0,0,0,'NJ',9),(4400,44,199,0,0,0,'NJ',9),(4401,45,199,2,0,0,'NJ',9),(4402,46,199,0,0,0,'NJ',9),(4403,47,199,0,0,0,'NJ',9),(4404,48,199,0,0,0,'NJ',9),(4405,49,199,0,0,0,'NJ',9),(4406,50,199,0,0,0,'NJ',9),(4407,51,199,0,0,0,'NJ',9),(4408,19,200,0,0,0,'NJ',15),(4409,8,200,0,0,0,'NJ',15),(4410,11,200,0,0,0,'NJ',15),(4411,22,200,0,0,0,'NJ',15),(4412,23,200,0,0,0,'NJ',15),(4413,32,200,0,0,0,'NJ',15),(4414,122,200,0,0,0,'NJ',15),(4415,123,200,0,0,0,'NJ',15),(4416,124,200,0,0,0,'NJ',15),(4417,125,200,0,0,0,'NJ',15),(4418,126,200,0,0,0,'NJ',15),(4419,127,200,0,0,0,'NJ',15),(4420,13,200,0,0,0,'NJ',15),(4421,73,200,0,0,0,'NJ',4),(4422,74,200,0,0,0,'NJ',4),(4423,75,200,0,0,0,'NJ',4),(4424,76,200,0,0,0,'NJ',4),(4425,77,200,1,0,0,'NJ',4),(4426,78,200,0,0,0,'NJ',4),(4427,79,200,0,0,0,'NJ',4),(4428,80,200,0,0,0,'NJ',4),(4429,81,200,0,0,0,'NJ',4),(4430,28,200,0,0,0,'NJ',4),(4431,82,200,0,0,0,'NJ',4),(4432,83,200,0,0,0,'NJ',4),(4433,17,201,0,0,0,'NJ',3),(4434,15,201,0,0,0,'NJ',3),(4435,10,201,0,0,0,'NJ',3),(4436,18,201,0,0,0,'NJ',3),(4437,21,201,0,0,0,'NJ',3),(4438,9,201,0,0,0,'NJ',3),(4439,16,201,0,0,0,'NJ',3),(4440,6,201,0,0,0,'NJ',3),(4441,4,201,0,0,0,'NJ',3),(4442,14,201,0,0,0,'NJ',3),(4443,12,201,0,0,0,'NJ',3),(4444,1,201,0,0,0,'NJ',3),(4445,41,201,0,0,0,'NJ',9),(4446,24,201,0,0,0,'NJ',9),(4447,42,201,0,0,0,'NJ',9),(4448,43,201,0,0,0,'NJ',9),(4449,44,201,0,0,0,'NJ',9),(4450,45,201,0,0,0,'NJ',9),(4451,46,201,0,0,0,'NJ',9),(4452,47,201,0,0,0,'NJ',9),(4453,48,201,0,0,0,'NJ',9),(4454,49,201,0,0,0,'NJ',9),(4455,50,201,0,0,0,'NJ',9),(4456,51,201,0,0,0,'NJ',9),(4457,109,202,0,0,0,'NJ',12),(4458,110,202,0,0,0,'NJ',12),(4459,111,202,0,0,0,'NJ',12),(4460,31,202,0,0,0,'NJ',12),(4461,112,202,0,0,0,'NJ',12),(4462,113,202,0,0,0,'NJ',12),(4463,114,202,0,0,0,'NJ',12),(4464,115,202,0,0,0,'NJ',12),(4465,116,202,0,0,0,'NJ',12),(4466,117,202,0,0,0,'NJ',12),(4467,118,202,0,0,0,'NJ',12),(4468,119,202,0,0,0,'NJ',12),(4469,73,202,0,0,0,'NJ',4),(4470,74,202,0,0,0,'NJ',4),(4471,75,202,1,0,0,'NJ',4),(4472,76,202,0,0,0,'NJ',4),(4473,77,202,0,0,0,'NJ',4),(4474,78,202,0,0,0,'NJ',4),(4475,79,202,0,0,0,'NJ',4),(4476,80,202,0,0,0,'NJ',4),(4477,81,202,0,0,0,'NJ',4),(4478,28,202,0,0,0,'NJ',4),(4479,82,202,0,0,0,'NJ',4),(4480,83,202,0,0,0,'NJ',4),(4481,41,203,0,0,0,'NJ',9),(4482,24,203,0,0,0,'NJ',9),(4483,42,203,0,0,0,'NJ',9),(4484,43,203,0,0,0,'NJ',9),(4485,44,203,0,0,0,'NJ',9),(4486,45,203,0,0,0,'NJ',9),(4487,46,203,1,0,0,'NJ',9),(4488,47,203,0,0,0,'NJ',9),(4489,48,203,0,0,0,'NJ',9),(4490,49,203,0,0,0,'NJ',9),(4491,50,203,0,0,0,'NJ',9),(4492,51,203,0,0,0,'NJ',9),(4493,17,203,0,0,0,'NJ',3),(4494,15,203,0,0,0,'NJ',3),(4495,10,203,0,0,0,'NJ',3),(4496,18,203,0,0,0,'NJ',3),(4497,21,203,0,0,0,'NJ',3),(4498,9,203,0,0,0,'NJ',3),(4499,16,203,0,0,0,'NJ',3),(4500,6,203,1,0,0,'NJ',3),(4501,4,203,0,0,0,'NJ',3),(4502,14,203,0,0,0,'NJ',3),(4503,12,203,0,0,0,'NJ',3),(4504,1,203,0,0,0,'NJ',3),(4505,73,204,0,0,0,'NJ',4),(4506,74,204,0,0,0,'NJ',4),(4507,75,204,0,0,0,'NJ',4),(4508,76,204,0,0,0,'NJ',4),(4509,77,204,2,0,0,'NJ',4),(4510,78,204,0,0,0,'NJ',4),(4511,79,204,0,0,0,'NJ',4),(4512,80,204,0,0,0,'NJ',4),(4513,81,204,0,0,0,'NJ',4),(4514,28,204,0,0,0,'NJ',4),(4515,82,204,0,0,0,'NJ',4),(4516,83,204,0,0,0,'NJ',4),(4517,109,204,0,0,0,'NJ',12),(4518,110,204,0,0,0,'NJ',12),(4519,111,204,0,0,0,'NJ',12),(4520,31,204,0,0,0,'NJ',12),(4521,112,204,0,0,0,'NJ',12),(4522,113,204,0,0,0,'NJ',12),(4523,114,204,0,0,0,'NJ',12),(4524,115,204,1,0,0,'NJ',12),(4525,116,204,0,0,0,'NJ',12),(4526,117,204,0,0,0,'NJ',12),(4527,118,204,0,0,0,'NJ',12),(4528,119,204,0,0,0,'NJ',12),(4529,17,205,0,0,0,'NJ',3),(4530,15,205,0,0,0,'NJ',3),(4531,10,205,0,0,0,'NJ',3),(4532,18,205,2,0,0,'NJ',3),(4533,21,205,0,0,0,'NJ',3),(4534,9,205,0,0,0,'NJ',3),(4535,16,205,0,0,0,'NJ',3),(4536,6,205,0,0,0,'NJ',3),(4537,4,205,0,0,0,'NJ',3),(4538,14,205,0,0,0,'NJ',3),(4539,12,205,0,0,0,'NJ',3),(4540,1,205,0,0,0,'NJ',3),(4541,73,205,0,0,0,'NJ',4),(4542,74,205,0,0,0,'NJ',4),(4543,75,205,0,0,0,'NJ',4),(4544,76,205,1,0,0,'NJ',4),(4545,77,205,0,0,0,'NJ',4),(4546,78,205,0,0,0,'NJ',4),(4547,79,205,0,0,0,'NJ',4),(4548,80,205,0,0,0,'NJ',4),(4549,81,205,0,0,0,'NJ',4),(4550,28,205,0,0,0,'NJ',4),(4551,82,205,0,0,0,'NJ',4),(4552,83,205,0,0,0,'NJ',4),(4553,73,206,0,0,0,'NJ',4),(4554,74,206,0,0,0,'NJ',4),(4555,75,206,1,0,0,'NJ',4),(4556,76,206,0,0,0,'NJ',4),(4557,77,206,1,0,0,'NJ',4),(4558,78,206,0,0,0,'NJ',4),(4559,79,206,0,0,0,'NJ',4),(4560,80,206,1,0,0,'NJ',4),(4561,81,206,0,0,0,'NJ',4),(4562,28,206,0,0,0,'NJ',4),(4563,82,206,0,0,0,'NJ',4),(4564,83,206,0,0,0,'NJ',4),(4565,17,206,0,0,0,'NJ',3),(4566,15,206,0,0,0,'NJ',3),(4567,10,206,1,0,0,'NJ',3),(4568,18,206,0,0,0,'NJ',3),(4569,21,206,0,0,0,'NJ',3),(4570,9,206,0,0,0,'NJ',3),(4571,16,206,0,0,0,'NJ',3),(4572,6,206,0,0,0,'NJ',3),(4573,4,206,0,0,0,'NJ',3),(4574,14,206,0,0,0,'NJ',3),(4575,12,206,0,0,0,'NJ',3),(4576,1,206,0,0,0,'NJ',3);
/*!40000 ALTER TABLE `estadisticas_jugador` ENABLE KEYS */;
UNLOCK TABLES;

--
-- Table structure for table `juegos`
--

DROP TABLE IF EXISTS `juegos`;
/*!40101 SET @saved_cs_client     = @@character_set_client */;
/*!40101 SET character_set_client = utf8 */;
CREATE TABLE `juegos` (
  `id_juego` int(11) NOT NULL AUTO_INCREMENT,
  `jornada` int(11) NOT NULL,
  `local` int(11) NOT NULL,
  `visitante` int(11) NOT NULL,
  `lugar` varchar(45) DEFAULT NULL,
  `resultado` int(11) DEFAULT NULL,
  `id_torneo` int(11) NOT NULL,
  `fecha` date DEFAULT NULL,
  `fuerza` int(11) NOT NULL,
  `marcador` varchar(5) DEFAULT NULL,
  `hora` varchar(5) DEFAULT NULL,
  `cerrado` int(11) DEFAULT '0',
  PRIMARY KEY (`id_juego`),
  KEY `fk_juego_torneo_idx` (`id_torneo`),
  KEY `fk_local_equipo_idx` (`local`),
  KEY `fk_visitante_equipo_idx` (`visitante`),
  CONSTRAINT `fk_juego_torneo` FOREIGN KEY (`id_torneo`) REFERENCES `torneo` (`id_torneo`) ON DELETE NO ACTION ON UPDATE NO ACTION,
  CONSTRAINT `fk_local_equipo` FOREIGN KEY (`local`) REFERENCES `equipos` (`id_equipo`) ON DELETE NO ACTION ON UPDATE NO ACTION,
  CONSTRAINT `fk_visitante_equipo` FOREIGN KEY (`visitante`) REFERENCES `equipos` (`id_equipo`) ON DELETE NO ACTION ON UPDATE NO ACTION
) ENGINE=InnoDB AUTO_INCREMENT=207 DEFAULT CHARSET=utf8;
/*!40101 SET character_set_client = @saved_cs_client */;

--
-- Dumping data for table `juegos`
--

LOCK TABLES `juegos` WRITE;
/*!40000 ALTER TABLE `juegos` DISABLE KEYS */;
INSERT INTO `juegos` VALUES (1,1,1,9,'CAMPO 1',NULL,1,'2017-11-19',1,NULL,'08:00',1),(2,1,12,4,'CAMPO 1',NULL,1,'2017-11-19',1,NULL,'08:00',1),(3,1,15,3,'CAMPO 1',NULL,1,'2017-11-19',1,NULL,'08:00',1),(4,1,7,5,'CAMPO 1',NULL,1,'2017-11-19',1,NULL,'08:00',1),(5,1,14,10,'CAMPO 1',NULL,1,'2017-11-19',1,NULL,'08:00',1),(6,1,11,8,'CAMPO 1',NULL,1,'2017-11-19',1,NULL,'08:00',1),(7,1,13,6,'CAMPO 1',NULL,1,'2017-11-19',1,NULL,'08:00',1),(8,2,6,11,'CAMPO 1',NULL,1,'2017-11-19',1,NULL,'08:00',1),(9,2,10,7,'CAMPO 1',NULL,1,'2017-11-19',1,NULL,'08:00',1),(10,2,5,15,'CAMPO 1',NULL,1,'2017-11-19',1,NULL,'08:00',1),(11,2,4,1,'CAMPO 1',NULL,1,'2017-11-19',1,NULL,'08:00',1),(12,2,9,13,'CAMPO 1',NULL,1,'2017-11-19',1,NULL,'08:00',1),(13,2,8,14,'CAMPO 1',NULL,1,'2017-11-19',1,NULL,'08:00',1),(14,2,3,12,'CAMPO 1',NULL,1,'2017-11-19',1,NULL,'08:00',1),(15,3,12,5,'CAMPO 1',NULL,1,'2017-11-19',1,NULL,'08:00',1),(16,3,15,10,'CAMPO 1',NULL,1,'2017-11-19',1,NULL,'08:00',1),(17,3,7,8,'CAMPO 1',NULL,1,'2017-11-19',1,NULL,'08:00',1),(18,3,3,4,'CAMPO 1',NULL,1,'2017-11-19',1,NULL,'08:00',1),(19,3,14,6,'CAMPO 1',NULL,1,'2017-11-19',1,NULL,'08:00',1),(20,3,11,9,'CAMPO 1',NULL,1,'2017-11-19',1,NULL,'08:00',1),(21,3,13,1,'CAMPO 1',NULL,1,'2017-11-19',1,NULL,'08:00',1),(22,4,6,7,'CAMPO 1',NULL,1,'2017-11-19',1,NULL,'08:00',1),(23,4,10,12,'CAMPO 1',NULL,1,'2017-11-19',1,NULL,'08:00',1),(24,4,1,11,'CAMPO 1',NULL,1,'2017-11-19',1,NULL,'08:00',1),(25,4,5,3,'CAMPO 1',NULL,1,'2017-11-19',1,NULL,'08:00',1),(26,4,4,13,'CAMPO 1',NULL,1,'2017-11-19',1,NULL,'08:00',1),(27,4,9,14,'CAMPO 1',NULL,1,'2017-11-19',1,NULL,'08:00',1),(28,4,8,15,'CAMPO 1',NULL,1,'2017-11-19',1,NULL,'08:00',1),(29,5,5,4,'CAMPO 1',NULL,1,'2017-11-19',1,NULL,'08:00',1),(30,5,12,8,'CAMPO 1',NULL,1,'2017-11-19',1,NULL,'08:00',1),(31,5,15,6,'CAMPO 1',NULL,1,'2017-11-19',1,NULL,'08:00',1),(32,5,7,9,'CAMPO 1',NULL,1,'2017-11-19',1,NULL,'08:00',1),(33,5,3,10,'CAMPO 1',NULL,1,'2017-11-19',1,NULL,'08:00',1),(34,5,14,1,'CAMPO 1',NULL,1,'2017-11-19',1,NULL,'08:00',1),(35,5,11,13,'CAMPO 1',NULL,1,'2017-11-19',1,NULL,'08:00',1),(36,6,6,12,'CAMPO 1',NULL,1,'2017-11-19',1,NULL,'08:00',1),(37,6,10,5,'CAMPO 1',NULL,1,'2017-11-19',1,NULL,'08:00',1),(38,6,1,7,'CAMPO 1',NULL,1,'2017-11-19',1,NULL,'08:00',1),(39,6,4,11,'CAMPO 1',NULL,1,'2017-11-19',1,NULL,'08:00',1),(40,6,9,15,'CAMPO 1',NULL,1,'2017-11-19',1,NULL,'08:00',1),(41,6,8,3,'CAMPO 1',NULL,1,'2017-11-19',1,NULL,'08:00',1),(42,6,13,14,'CAMPO 1',NULL,1,'2017-11-19',1,NULL,'08:00',1),(43,7,10,4,'CAMPO 1',NULL,1,'2017-11-19',1,NULL,'08:00',1),(44,7,5,8,'CAMPO 1',NULL,1,'2017-11-19',1,NULL,'08:00',1),(45,7,12,9,'CAMPO 1',NULL,1,'2017-11-19',1,NULL,'08:00',1),(46,7,15,1,'CAMPO 1',NULL,1,'2017-11-19',1,NULL,'08:00',1),(47,7,7,13,'CAMPO 1',NULL,1,'2017-11-19',1,NULL,'08:00',1),(48,7,3,6,'CAMPO 1',NULL,1,'2017-11-19',1,NULL,'08:00',1),(49,7,14,11,'CAMPO 1',NULL,1,'2017-11-19',1,NULL,'08:00',1),(50,8,6,5,'CAMPO 1',NULL,1,'2017-11-19',1,NULL,'08:00',1),(51,8,1,12,'CAMPO 1',NULL,1,'2017-11-19',1,NULL,'08:00',1),(52,8,4,14,'CAMPO 1',NULL,1,'2017-11-19',1,NULL,'08:00',1),(53,8,9,3,'CAMPO 1',NULL,1,'2017-11-19',1,NULL,'08:00',1),(54,8,8,10,'CAMPO 1',NULL,1,'2017-11-19',1,NULL,'08:00',1),(55,8,11,7,'CAMPO 1',NULL,1,'2017-11-19',1,NULL,'08:00',1),(56,8,13,15,'CAMPO 1',NULL,1,'2017-11-19',1,NULL,'08:00',1),(57,9,10,6,'CAMPO 1',NULL,1,'2017-11-19',1,NULL,'08:00',1),(58,9,5,9,'CAMPO 1',NULL,1,'2017-11-19',1,NULL,'08:00',1),(59,9,12,13,'CAMPO 1',NULL,1,'2017-11-19',1,NULL,'08:00',1),(60,9,15,11,'CAMPO 1',NULL,1,'2017-11-19',1,NULL,'08:00',1),(61,9,7,14,'CAMPO 1',NULL,1,'2017-11-19',1,NULL,'08:00',1),(62,9,8,4,'CAMPO 1',NULL,1,'2017-11-19',1,NULL,'08:00',1),(63,9,3,1,'CAMPO 1',NULL,1,'2017-11-19',1,NULL,'08:00',1),(64,10,6,8,'CAMPO 1',NULL,1,'2017-11-19',1,NULL,'08:00',1),(65,10,1,5,'CAMPO 1',NULL,1,'2017-11-19',1,NULL,'08:00',1),(66,10,4,7,'CAMPO 1',NULL,1,'2017-11-19',1,NULL,'08:00',1),(67,10,9,10,'CAMPO 1',NULL,1,'2017-11-19',1,NULL,'08:00',1),(68,10,14,15,'CAMPO 1',NULL,1,'2017-11-19',1,NULL,'08:00',1),(69,10,11,12,'CAMPO 1',NULL,1,'2017-11-19',1,NULL,'08:00',1),(70,10,13,3,'CAMPO 1',NULL,1,'2017-11-19',1,NULL,'08:00',1),(71,11,6,4,'CAMPO 1',NULL,1,'2017-11-19',1,NULL,'08:00',1),(72,11,10,1,'CAMPO 1',NULL,1,'2017-11-19',1,NULL,'08:00',1),(73,11,5,13,'CAMPO 1',NULL,1,'2017-11-19',1,NULL,'08:00',1),(74,11,12,14,'CAMPO 1',NULL,1,'2017-11-19',1,NULL,'08:00',1),(75,11,15,7,'CAMPO 1',NULL,1,'2017-11-19',1,NULL,'08:00',1),(76,11,8,9,'CAMPO 1',NULL,1,'2017-11-19',1,NULL,'08:00',1),(77,11,3,11,'CAMPO 1',NULL,1,'2017-11-19',1,NULL,'08:00',1),(78,12,1,8,'CAMPO 1',NULL,1,'2017-11-19',1,NULL,'08:00',1),(79,12,15,4,'CAMPO 1',NULL,1,'2017-11-19',1,NULL,'08:00',1),(80,12,9,6,'CAMPO 1',NULL,1,'2017-11-19',1,NULL,'08:00',1),(81,12,7,12,'CAMPO 1',NULL,1,'2017-11-19',1,NULL,'08:00',1),(82,12,14,3,'CAMPO 1',NULL,1,'2017-11-19',1,NULL,'08:00',1),(83,12,11,5,'CAMPO 1',NULL,1,'2017-11-19',1,NULL,'08:00',1),(84,12,13,10,'CAMPO 1',NULL,1,'2017-11-19',1,NULL,'08:00',1),(85,13,6,1,'CAMPO 1',NULL,1,'2017-11-19',1,NULL,'08:00',1),(86,13,10,11,'CAMPO 1',NULL,1,'2017-11-19',1,NULL,'08:00',1),(87,13,5,14,'CAMPO 1',NULL,1,'2017-11-19',1,NULL,'08:00',1),(88,13,12,15,'CAMPO 1',NULL,1,'2017-11-19',1,NULL,'08:00',1),(89,13,4,9,'CAMPO 1',NULL,1,'2017-11-19',1,NULL,'08:00',1),(90,13,8,13,'CAMPO 1',NULL,1,'2017-11-19',1,NULL,'08:00',1),(91,13,3,7,'CAMPO 1',NULL,1,'2017-11-19',1,NULL,'08:00',1),(92,14,9,1,'CAMPO 1',NULL,1,'2017-11-19',1,NULL,'08:00',1),(93,14,4,12,'CAMPO 1',NULL,1,'2017-11-19',1,NULL,'08:00',1),(94,14,3,15,'CAMPO 1',NULL,1,'2017-11-19',1,NULL,'08:00',1),(95,14,5,7,'CAMPO 1',NULL,1,'2017-11-19',1,NULL,'08:00',1),(96,14,10,14,'CAMPO 1',NULL,1,'2017-11-19',1,NULL,'08:00',1),(97,14,8,11,'CAMPO 1',NULL,1,'2017-11-19',1,NULL,'08:00',1),(98,14,6,13,'CAMPO 1',NULL,1,'2017-11-19',1,NULL,'08:00',1),(99,15,11,6,'CAMPO 1',NULL,1,'2017-11-19',1,NULL,'08:00',1),(100,15,7,10,'CAMPO 1',NULL,1,'2017-11-19',1,NULL,'08:00',1),(101,15,15,5,'CAMPO 1',NULL,1,'2017-11-19',1,NULL,'08:00',1),(102,15,1,4,'CAMPO 1',NULL,1,'2017-11-19',1,NULL,'08:00',1),(103,15,13,9,'CAMPO 1',NULL,1,'2017-11-19',1,NULL,'08:00',1),(104,15,14,8,'CAMPO 1',NULL,1,'2017-11-19',1,NULL,'08:00',1),(105,15,12,3,'CAMPO 1',NULL,1,'2017-11-19',1,NULL,'08:00',1),(106,17,7,6,'CAMPO 1',NULL,1,'2017-11-19',1,NULL,'08:00',1),(107,17,12,10,'CAMPO 1',NULL,1,'2017-11-19',1,NULL,'08:00',1),(108,17,11,1,'CAMPO 1',NULL,1,'2017-11-19',1,NULL,'08:00',1),(109,17,3,5,'CAMPO 1',NULL,1,'2017-11-19',1,NULL,'08:00',1),(110,17,13,4,'CAMPO 1',NULL,1,'2017-11-19',1,NULL,'08:00',1),(111,17,14,9,'CAMPO 1',NULL,1,'2017-11-19',1,NULL,'08:00',1),(112,17,15,8,'CAMPO 1',NULL,1,'2017-11-19',1,NULL,'08:00',1),(113,16,5,12,'CAMPO 1',NULL,1,'2017-11-19',1,NULL,'08:00',1),(114,16,10,15,'CAMPO 1',NULL,1,'2017-11-19',1,NULL,'08:00',1),(115,16,8,7,'CAMPO 1',NULL,1,'2017-11-19',1,NULL,'08:00',1),(116,16,4,3,'CAMPO 1',NULL,1,'2017-11-19',1,NULL,'08:00',1),(117,16,6,14,'CAMPO 1',NULL,1,'2017-11-19',1,NULL,'08:00',1),(118,16,9,11,'CAMPO 1',NULL,1,'2017-11-19',1,NULL,'08:00',1),(119,16,1,13,'CAMPO 1',NULL,1,'2017-11-19',1,NULL,'08:00',1),(120,19,12,6,'CAMPO 1',NULL,1,'2017-11-19',1,NULL,'08:00',1),(121,19,5,10,'CAMPO 1',NULL,1,'2017-11-19',1,NULL,'08:00',1),(122,19,7,1,'CAMPO 1',NULL,1,'2017-11-19',1,NULL,'08:00',1),(123,19,11,4,'CAMPO 1',NULL,1,'2017-11-19',1,NULL,'08:00',1),(124,19,15,9,'CAMPO 1',NULL,1,'2017-11-19',1,NULL,'08:00',1),(125,19,3,8,'CAMPO 1',NULL,1,'2017-11-19',1,NULL,'08:00',1),(126,19,14,13,'CAMPO 1',NULL,1,'2017-11-19',1,NULL,'08:00',1),(127,18,4,5,'CAMPO 1',NULL,1,'2017-11-19',1,NULL,'08:00',1),(128,18,8,12,'CAMPO 1',NULL,1,'2017-11-19',1,NULL,'08:00',1),(129,18,6,15,'CAMPO 1',NULL,1,'2017-11-19',1,NULL,'08:00',1),(130,18,9,7,'CAMPO 1',NULL,1,'2017-11-19',1,NULL,'08:00',1),(131,18,10,3,'CAMPO 1',NULL,1,'2017-11-19',1,NULL,'08:00',1),(132,18,1,14,'CAMPO 1',NULL,1,'2017-11-19',1,NULL,'08:00',1),(133,18,13,11,'CAMPO 1',NULL,1,'2017-11-19',1,NULL,'08:00',1),(134,21,5,6,'CAMPO 1',NULL,1,'2017-11-19',1,NULL,'08:00',1),(135,21,12,1,'CAMPO 1',NULL,1,'2017-11-19',1,NULL,'08:00',1),(136,21,14,4,'CAMPO 1',NULL,1,'2017-11-19',1,NULL,'08:00',1),(137,21,3,9,'CAMPO 1',NULL,1,'2017-11-19',1,NULL,'08:00',1),(138,21,10,8,'CAMPO 1',NULL,1,'2017-11-19',1,NULL,'08:00',1),(139,21,7,11,'CAMPO 1',NULL,1,'2017-11-19',1,NULL,'08:00',1),(140,21,15,13,'CAMPO 1',NULL,1,'2017-11-19',1,NULL,'08:00',1),(141,20,4,10,'CAMPO 1',NULL,1,'2017-11-19',1,NULL,'08:00',1),(142,20,8,5,'CAMPO 1',NULL,1,'2017-11-19',1,NULL,'08:00',1),(143,20,9,12,'CAMPO 1',NULL,1,'2017-11-19',1,NULL,'08:00',1),(144,20,1,15,'CAMPO 1',NULL,1,'2017-11-19',1,NULL,'08:00',1),(145,20,13,7,'CAMPO 1',NULL,1,'2017-11-19',1,NULL,'08:00',1),(146,20,6,3,'CAMPO 1',NULL,1,'2017-11-19',1,NULL,'08:00',1),(147,20,11,14,'CAMPO 1',NULL,1,'2017-11-19',1,NULL,'08:00',1),(148,23,8,6,'CAMPO 1',NULL,1,'2017-11-19',1,NULL,'08:00',1),(149,23,5,1,'CAMPO 1',NULL,1,'2017-11-19',1,NULL,'08:00',1),(150,23,7,4,'CAMPO 1',NULL,1,'2017-11-19',1,NULL,'08:00',1),(151,23,10,9,'CAMPO 1',NULL,1,'2017-11-19',1,NULL,'08:00',1),(152,23,15,14,'CAMPO 1',NULL,1,'2017-11-19',1,NULL,'08:00',1),(153,23,12,11,'CAMPO 1',NULL,1,'2017-11-19',1,NULL,'08:00',1),(154,23,3,13,'CAMPO 1',NULL,1,'2017-11-19',1,NULL,'08:00',1),(155,22,6,10,'CAMPO 1',NULL,1,'2017-11-19',1,NULL,'08:00',1),(156,22,9,5,'CAMPO 1',NULL,1,'2017-11-19',1,NULL,'08:00',1),(157,22,13,12,'CAMPO 1',NULL,1,'2017-11-19',1,NULL,'08:00',1),(158,22,11,15,'CAMPO 1',NULL,1,'2017-11-19',1,NULL,'08:00',1),(159,22,14,7,'CAMPO 1',NULL,1,'2017-11-19',1,NULL,'08:00',1),(160,22,4,8,'CAMPO 1',NULL,1,'2017-11-19',1,NULL,'08:00',1),(161,22,1,3,'CAMPO 1',NULL,1,'2017-11-19',1,NULL,'08:00',1),(162,25,8,1,'CAMPO 1',NULL,1,'2017-11-19',1,NULL,'08:00',1),(163,25,4,15,'CAMPO 1',NULL,1,'2017-11-19',1,NULL,'08:00',1),(164,25,6,9,'CAMPO 1',NULL,1,'2017-11-19',1,NULL,'08:00',1),(165,25,12,7,'CAMPO 1',NULL,1,'2017-11-19',1,NULL,'08:00',1),(166,25,3,14,'CAMPO 1',NULL,1,'2017-11-19',1,NULL,'08:00',1),(167,25,5,11,'CAMPO 1',NULL,1,'2017-11-19',1,NULL,'08:00',1),(168,25,10,13,'CAMPO 1',NULL,1,'2017-11-19',1,NULL,'08:00',1),(169,24,4,6,'CAMPO 1',NULL,1,'2017-11-19',1,NULL,'08:00',1),(170,24,1,10,'CAMPO 1',NULL,1,'2017-11-19',1,NULL,'08:00',1),(171,24,13,5,'CAMPO 1',NULL,1,'2017-11-19',1,NULL,'08:00',1),(172,24,14,12,'CAMPO 1',NULL,1,'2017-11-19',1,NULL,'08:00',1),(173,24,7,15,'CAMPO 1',NULL,1,'2017-11-19',1,NULL,'08:00',1),(174,24,9,8,'CAMPO 1',NULL,1,'2017-11-19',1,NULL,'08:00',1),(175,24,11,3,'CAMPO 1',NULL,1,'2017-11-19',1,NULL,'08:00',1),(176,26,1,6,'CAMPO 1',NULL,1,'2017-11-19',1,NULL,'08:00',1),(177,26,11,10,'CAMPO 1',NULL,1,'2017-11-19',1,NULL,'08:00',1),(178,26,14,5,'CAMPO 1',NULL,1,'2017-11-19',1,NULL,'08:00',1),(179,26,15,12,'CAMPO 1',NULL,1,'2017-11-19',1,NULL,'08:00',1),(180,26,9,4,'CAMPO 1',NULL,1,'2017-11-19',1,NULL,'08:00',1),(181,26,13,8,'CAMPO 1',NULL,1,'2017-11-19',1,NULL,'08:00',1),(182,26,7,3,'CAMPO 1',NULL,1,'2017-11-19',1,NULL,'08:00',1),(199,98,14,9,'CAMPO 1',NULL,1,'2017-11-26',1,NULL,'9:00',1),(200,98,15,4,NULL,NULL,1,NULL,1,NULL,NULL,1),(201,99,3,9,'CAMPO 1',NULL,1,'2017-11-29',1,NULL,'9:00',1),(202,99,12,4,'CAMPO 1',NULL,1,'2017-11-26',1,NULL,'11:00',1),(203,99,9,3,'CAMPO 2',NULL,1,'2017-11-26',1,NULL,'11:00',1),(204,99,4,12,'CAMPO 2',NULL,1,'2017-11-26',1,NULL,'11:00',1),(205,100,3,4,'CAMPO 1',NULL,1,'2017-11-26',1,NULL,'9:00',1),(206,100,4,3,'CAMPO 1',NULL,1,'2017-11-26',1,NULL,'11:00',1);
/*!40000 ALTER TABLE `juegos` ENABLE KEYS */;
UNLOCK TABLES;

--
-- Table structure for table `jugadores`
--

DROP TABLE IF EXISTS `jugadores`;
/*!40101 SET @saved_cs_client     = @@character_set_client */;
/*!40101 SET character_set_client = utf8 */;
CREATE TABLE `jugadores` (
  `id_jugador` int(11) NOT NULL AUTO_INCREMENT,
  `nombre` varchar(45) NOT NULL,
  `paterno` varchar(45) NOT NULL,
  `materno` varchar(45) NOT NULL,
  `fecha_nacimiento` date NOT NULL,
  `lugar_procedencia` varchar(70) NOT NULL,
  `fecha_registro` date NOT NULL,
  `imagen` blob,
  PRIMARY KEY (`id_jugador`)
) ENGINE=InnoDB AUTO_INCREMENT=172 DEFAULT CHARSET=utf8;
/*!40101 SET character_set_client = @saved_cs_client */;

--
-- Dumping data for table `jugadores`
--

LOCK TABLES `jugadores` WRITE;
/*!40000 ALTER TABLE `jugadores` DISABLE KEYS */;
INSERT INTO `jugadores` VALUES (1,'HECTOR','ARTEAGA','SALAZAR','1990-12-12','FRANCISCO I MADERO','2017-11-10',NULL),(2,'SEBASTIAN','CASTILLO','HERNANDEZ','1980-05-05','VILLA GONZALEZ ORTEGA','2017-11-10',NULL),(3,'ROMAN','LOZANO','CAMPA','1986-03-10','NORIA DE ANGELES','2017-11-10',NULL),(4,'FRANCISCO','MARTINEZ','MARTINEZ','1986-06-12','VILLA GONZALEZ ORTEGA','2017-11-10',NULL),(5,'RAUL','GONZALEZ','HERRERA','1978-05-04','VILLA GONZALEZ ORTEGA','2017-11-10',NULL),(6,'EFRAIN','TORRES','HERNANDEZ','1978-04-08','VILLA GONZALEZ ORTEGA','2017-11-10',NULL),(7,'ROSENDO','ALVAREZ','DEL CASTILLO','1985-02-01','VILLA GONZALEZ ORTEGA','2017-11-10',NULL),(8,'JOAQUIN','CORONEL','HERNANDEZ','1972-01-01','VILLA GONZALEZ ORTEGA','2017-11-10',NULL),(9,'CESAR','CORONEL','HERNANDEZ','1981-11-20','VILLA GONZALEZ ORTEGA','2017-11-10',NULL),(10,'ANTONIO','HERNANDEZ','GARCIA','1984-01-20','VILLA GONZALEZ ORTEGA','2017-11-10','\0JFIF\0\0\0\0\0\0\0C\0		\n\r\Z\Z $.\' \",#(7),01444\'9=82<.342\0C			\r\r2!!22222222222222222222222222222222222222222222222222\0\"\0\0\0\0\0\0\0\0\0\0\0\0	\n\0\0\0\0}\0!1AQa\"q2#BR$3br	\n\Z%&\'()*456789:CDEFGHIJSTUVWXYZcdefghijstuvwxyz\0\0\0\0\0\0\0\0	\n\0\0\0w\0!1AQaq\"2B	#3Rbr\n$4%\Z&\'()*56789:CDEFGHIJSTUVWXYZcdefghijstuvwxyz\0\0\0?\04@4|R(3J3֓<P}:P!OJNԢ\rn>ZX:H0!EWhܜ֗@4q@sA4\n1֘G)9;h$wA@;tx~\0q?\n\0f=(xǽҐu&xu44z\01R3A\\~t\0.9ϭ&O^s@^(ր+Kҝ=jr\":=3B0e(=;\Z02h;gw4h\0\0$Ncր@Oۓғ@\r4◀98uS\0B\0ۿ[f%`-`tⓀ:5Yv\n?^iGϤ@P2é5^ZJq4pV![Z[\0͎;avh<QzqUuTs@SKYjHcMG\'?Vi9wO4L#P9b{\Z뵈!L8\0&yhQs=\'zRp)1\0%/j:i\0 tH4\0k\nN@)=֗ڌ\n@\'{NȤ8\0;RcLsցU?0Ҭc6Rc5\r;{)E0\0:sKIS.})8tB҃<oAJ()\")}N@H9dO;\n\0⠊RN\\8(8<b\0ӸJ;PJ)sK\0Ηwȥ\0t?\Z8\rP2HF2}\'81J?J\r#dҁcF2E(1ӊ\0Qޢ7/HFO#>01J\0QʀWQKX$@uBsLFoL\n\0f㧭VY.=<jqj.?z;)\0\Z\0sm,p=j	.b^{jq[);ciMJ鰏Gyd3YTyVl3Gk@_4`Cr[gSHjK8q*idY&\0T|w1Rg4 P:o%ͨ\\QqST(%9[L$(i\rR1\0&?\n&;\nVj+``Gu9pޭf\rAKE\07;\0 \0%.p8)\0gR\'=hK(cғ4I@7^\r\0/O7xHt֓$U剫)Lz\Z61M(8烊vF:P)h/\0t4cGZbԃ4wR\n(F$^8j9\njj1(}h\0)qP+<-Z\Z֘P	4R)~NP) ю;⎽3Q24\0qP8ojS=ZD8<.0U©c9>M\n\04/nh̺ݙ{#ӬiO+wxqLH\'hA\"GyIJo\'__HQQRR	?/\\nF2J6E[ibINj9\0qPv;9dpմ[!M57Fe[ P]Tc$FNzQSi4@\r4\07Goz^R;PqړOJ6~\09)\0R\n\\sA@\rJ;sKסy\0((=inB\r8\n\0jU\\HEM{Q)j\0Chǥ-\'րT1KI@	AӽRdӨM%;}(1G\\Ҟi>=6܎ԙ&1\"2E\'=IS!\\u&\\\"sP3_=9\0s\0֧&?*_\0g4\\zZJGZ\0QGR(_J;dP\\\Z\rnqj~jw#@F8T/@w/+OYqL	11@&OjcQALf_Ȁ鹸N[fj\'4ȣ^FFOҧK;<ҞT$0ʵO\\ր(OAS}Qq<8_5hVǦj\")!ٰ#<Tma\0v~BrsE#<Fo$T]N,!IȤAE\0QթH\0!(9c.-=V0Ҁ,c&;L֥4\0ݾc^SGI9c֓qH#4܊B9)Ns!h\"I\0@3ނ8.i(1L\'Z\0N1AZsE\0\'As\0x$*YWru58i0\nLih@\riiq)/j\r\0 N\0N\"\0Qޗ4m-%\0 駸ipEG\'3@L\0<w8r23(	eqLϥ l@/Nc4\0&\0/j(,SQ;(;NAS+*\0ȋR=GۜD֜r#i9&\0\n\0蠷ҤD]#έ-N#4#H?birO轢qQ\\u*rIP?E%*\\}9*!\n$<N,r@fbIi`QG>AȠ\n_ҀF8RQ֗RG^\0KƎ9\0t旽ⓒq@\0izuڀGzZ\0Ns\0uh1HW*E;SՅ`DOAl}\0YL\03Hy)}8P\0:c4N&@O)=iqю\04^A\"\'&NMZ1=)i1@i03NA\ZqGz\\qI\0\\msɫ^\0\0LFh~\\zS\0K֒ԟ\0!)ZMC֔nc&a^(,Q֬}EZo٠\0k\0,\0?IƼ,J?\n\0	cRN})D7\rLzrchl(D;ubh\rt_^i5dzFi	n8f%HSHN\r!m=ugNV>g82n3?͏ \"婆u5<VGsS+|G\Z@$\'d$c׊lndPz2OsNC5\"hԌ4w喼{Q4X3z_j@{w\0OzwRHKMS\0*$8Ὡ4h$cGJgm5Ca6\0\0LG3F2iޝR~g fi3.{S>QڌR8@ztO\0%-9IJO4@	P~aS`cs@MK*	`GJ6qZ:Pc4qJOJ\0i!\0t\03:Ҟ=ܜSƀRI֗ւ;s&]WހJ\\qQ8@[ԩܟ&#ԡj`6歝>}X?k8f[4O$\nleU.T2*AB7:\02uIԩkr{L`HU}T4=i\'d,(Gf>knjIdNV7? E˷=2EW\Z9*&rZ1ӵ\0.M784Hi\\\0izu`PhK:PzzсKސd8ǽE9;1ID25`cKZ\0~OcQ|;J;Ep\")hl6b$KۊJ08ށA<^\n;\nOz\\g\0c:qL1\0\'zw K@R4\00(d0=Zp>`=jqdt4\\	Vr\\	zKSQ.@sߥ\0(9\\\0RKNڊ8E\0R@Z)Z_\0%Z^?\n\0CIN!@\re\Z|o7.{\0p A|iUO$PȢVPΥn4H)ݸ<bgڶ؞&X-]p;q?Q\\^ZrV3ÊM\\Ute&\'-[klqFI^#.=ęFۚuެ\"LƊ͏OO*4c<zjX~c4<wqԆ`~kPq*\'o~^G67\r|m\'Eh(PjH\01k5UV,PfP~t{4ccϦ73\0M<=|a\0=_:1t\"DQq[G#S(4\nk1cPA%Ĳ\0&9=rE4ޔ{QqÚr*ҧ w-&8);S1@	Hzf{I\0`RRќ@	IiM%\0&;tQH<Ss&)1aN d\ZiNG^hP?\ZN\nQ;QԌ!J\"X58qM(C@P=iÞs\0^1K4t;\0\'8(\Z!c(\0ǽ.(h>\09IKP)pt\0BTŔqRܝ}) Dpxi\0RjJ\\P!GGCFF:1F\r3)G!ړjoO,b8\'?LtHe<&C-?W3@ɝ}.$\0Wk3{8*F(_Q<\'.ű\0OȆ/ҐK8N)z@\\x԰Sfvg:jYTd5xH\"t4J\r\0Rblz!_\'GD`YqZ/ۋXn%eܑwq&t&ps⩋:WBRݲKq&Xz,zsM#C\'\'\ZDsޡgMy@g41nY{SO_zLqR2u0y˪`y<SMM8u\ZGM(mvX?;b%5(VOݕ2LWA\'Fze/ѱ\\G<K,r,e\Z#xi{Mr%͠|Gk4wN#e>㌲0!j%MVR)VqRp£Cњ1F;P\Z(.(\0Q\\Q@\rdR\06J;PR4(\0M\0b8zGQ`\nғ7z_ǊL{ҁSr.i(<tCN3J)}*LsL}hAӭ-06zSJ\0(T#ހt(\0iv,\0@4ҝDoʀ:uGN8QSJ\"ҟqAuHbW{Vo,\"Of bv~lN&D{>~V̪+C IhTK\'8%WHN\Z\0x\099fSD䶈ۆ?:4Yr!\" 6bS-FsM.QE3A@sӽrZϋm{heZ&4{O.\'(1W\Z\\-7ՉWegVcg#><NރңqC9o1Hzؗyl\\8ʣIv	rd`Ɛ`W\0Ѽ<G!i\09UdPSXR2BOCҘHISNryR`;)H[5 87<ݏJCi˒y=he~}OLov׷U?Q޲Ǌɡ4^XѤw;]Op\rt?Ex蚄w|oA=nF2s\'gfnQ!})5CqF)ؤ\ZJv)1\0ڗ.z@G8<Յ#F;TS~B$Q:T#4G@Ҁ\"{PcoJyzi,zh.N)ڞ)H\0z\n{Z9⁒OzNԵ\0@\Z.+&xn)sHHE0\nQJ!=TsOdA$&1\ZhULcbl*#@|sp+A?.X\npg\'FϽ.$sR3 fƏ-ޗJNE\07S՘M<$c.F(G)4G4znhҎE04\04+K@ch\04\n1K@	ӊ)h`(R@	UoovzAOKKYgjX^cILƑNG5Q1-u5\rFK!TprR]\\nrF1,ҷvZdP(r)aڥw.zM\'aA$Lo)\\籩aqړ8qAlTdئO4\\	Ѐzcɦfv	)\0zSiz\n@2i\0&HA@dt\n\\8[Zy_p$`zSE jVW>5;]V)%I<P8,QZa?Z_\0jv\0c;	>1W)E\'Eq|ꢍ\0J^qHF*F&;BTtQ})1@c\n\0B}x\04Rbuv@\rz)z@\rcIӈ\04zZ@8\0&+CH[FH3wQթ+{愀iq\ni0>nnА+S/wF4xǨidޣ=4J8\" b\'^R:Ʒ8B:UFjnKg* >Wh4aoSWȻc/cXԕymI{!G8rV<b48lǵMpJ\0iHcqI8 4f@JQ@zZ)(xҎzP(xQ\"(E%\0-&iyAq@1k`3u ׊ۂI<һo&`FRy99M=\"fcRr1G)8EKe\nztKƥ6v;G#\Z\",bd*:VvkV ҰclgMkBG>4^HT毵+^`\\qHXW\ZtλM\01M\'z\r(8&\0NMO.@XLdъ]OS2;PWs~S`׻rM6rh{+1^|9dEq<stn684:N۞k2tIW49&*]uIR&S@Lqҥ?J\0RmvmȠE&*m4s@;;nzPTTMDN+?VԓMii`\Zp8gpX\Z?ZPHL\rJ\0H\Zj!ԡ\'_nfD?E&u5v%H?($f\\Aܶ6$=\rta\0Tq[EPT/#|E;G!wfj̖MeJ4hQdm&`{\"E/zFr84 ;/Z4\n\01J(iF{\01RL8!FyR?(c)pj]:\"$n(I?J_)ӋM7>\ZwK˜=P\0B㩦\\`~ҚdT{qCƼ];O\\Hwh9=\0\ne*I\0ZbƺzXxHp1p:՘3FOf2Hl݆ڵy;w\0=jg5فT3!\0L+Xd\0RDЁs\njQ\ZP;i[ 8kޣ+QALl╆aiqb*Îǚ^K_:qKq榊2ҧ{GYwYay!+ȧֶ\0(\0bqYTQ3S\Z)VEMkp{Rer	ϥ0GZh=K<\Zc.+EU1ҩHmB#^6߅7Xֱ,[.)ȹhdxo\'C@\rF\Zw=цLʱ(@\0,w}.=i֦@SEcMe!O`jϔ碓Waր)	_͐tӆǂPLJGzڎ-b$$zZ䑱N>\\%|Hօ}ʗ8\"ȥ\rṥޣiwr3@杜qQ85\0IbJ0\0]r9?Y=3r*H=\'4`H\naedSלCt1&RLͦEVentEԲ$fס(zQg$)¥y銁ܞԔDǵFO$O-0|-\nMӉR3[!Az\"=z \rZnN::s@\04u\n\\s@	{bъ\0(.(\0c(4\0b⒀85ܛM\"iGkȬ?\ZT)	w8x&e`G k![ڴ/2\"5&Bqc<Y$ 7mH魂\06>yV}p3W t=Q,yR*(2fp[3JXb*6R3qDXgi:U{qZsPO	#R1zTp\n39j_!Eʺ*#{T\nhq)Tj&fNk&R &dz՞	^hYBFq[L³c8	Ln05r-+`dcÿ\Z=t>U9@bqk-M4-AV;VѲ)9㚜[\ng> fS[X(BS4H+ke}NnxGy	\n+.f9<XD8۟ؤ\"TY?*p>‹=(*mҴS~Sj\\@iۂ[ڨW@\\m.X.-\ZWh\0~}Mh\0CX+p-Z8	+!0}@iVY)};KzUrxgސX>:SӃcNM<6E\0Y֤YY~PIҞ`]K(\'\\ؾ&>7#QW&aX&5\\84lp%\Zp\"\0Q4 R N\0ӀF1)iJ(iv:Ҁ#IǱJ\04OX	(;%pvMuf1X>(Fq*\0{ڪ;<o5@ҴuQ;(qg[ɐLnȌ\0cڳ]ֳ-%]9<i!QAcWUsIXv۟j@*9q!llu475)~1PAV\"@My9pir=(-5^QV㚅\"8QHc\\/Dч	Hzbft`Lg8֠4EO+)\Z55hr=FU*AfOJ9$5-ĺx^e8ZH5	c]̗}Nx>G%mկmhnT[5>)6|Rb+M(,b&(=b&((In)\0SqRb\n\01dTR@g藋[.rוx<l\0\0ў ;jXz5JY<=$ZJsճ965WiA(sHW)XӃTgԸ%\rN\rD^iCb(cQizP1EH<T@ӕN{\"]޴M<-0%Vޞ	\\w@fVD1`Jqp<ug7=\nR2\Z[YOUNC8VVCRx˟ʝS=~ܵJQM 2y)Q2qF?~U*dSSŴ\ZpAN2E~ta1<kT\'zxOZv)t2\0R.ywϨi\0RiЎY$E#EV1\rWE<[5˻|ǨCF`_i@su\'1؏ۏFzbPo8]No$v5o\0V)(:RM(H֔KzeTg<Tm 5	Q+F*+\ZEj6EP\ZzNAb3Nk83׊=yʱuɨdVlo.Rn\04z9Q<qG8KAA=jS9ԅ9;ir}\Z]*/;	lVb+ZF\Z\0oj$e9rH{}gY4	w֗>(x\0jf6$\ZRn:~Wf9&}s9H9H{!֐4	Qi1\\eN	#+IISSHRiRbFh\03s֞E!SMn\010 Az`+elԑOx/&nnx+㨠s_)HRk͹Q`TE1\\ё	*\0yArZ6gl\nJҋCfTcARjv5\"p1ֈN\"CԫdǫWSӰ\\T3հ).Vq1*)9B$`R8EBT;QR)i4P!xSW<S\nz4\0)})ih(RmZPPXr]hp<L\ny|?<R<W^0ֶ3ŪI&\'*G;~Qzኰ`\Z9?ҵi#\0͸59Ebcpv/z꣉j8UӌqW	B+$Uz+\0P#>{7ϵbMFp)lɜ,}7?[#uE0ܝ95|̭O;ҚtX@k\r&Hjv8R6Ҥ@ޡRlێo5jMK-X\r@y#=HqVsCL\0?6*pNGj@r^dY5%)ȬGJnܑLը7\'НT&F du(jd9P&NfB&UI8j&cRafJi:O-0#HUh\'%.Y\nyg|cggUO\"\"-P}+#\"j{KxmH;s~\\\r[TKf+4B|0 Tds@\"QsJi{Rc #RqL4aӑOM9449y\0FEezV8zV%wJl\\`gE8eKZ9\00amԗAk42©vrZN^dqUE)u<gx-?x]t뭡01{J;I:Ml\\F2U[^ǴE2Jpz9G5V֬\Z#>~U0	x\rlCw÷5\"k6tʢq}xҷ dR\"ڱyx:pq[5dNJp uc\\3O }(\05Q5Uy5./[QpVGNLy|k&JtfΠT+_ۙ@6R3?u]E*G9TqMJ΁\0 P#BUVeAiqw\0ܻi	X#&Ԏ: 3RiLh</JpZp\0мS҅ȧP6w4Ӷ@m){TE.8S ǧFX	#[7an׫T#햣8nO=^G$>dsU{DڒLmH\\.ҏ{]Xz{溛un\0LG\0\0רR3 0DO$U=xd*\\H{+rf5qUQrx4\\a\r^.ek>VVÍVTڜ`p*-X֩N.zpsXw0m	;[J2 2m%M#JVMqZrg$JNW\\T9\')&[R5R:Tcphքn\\J\0={xvJJV>zun5znGϘІzShQAnC\\;Tfu.A5j&B@pO^\rsij]U$1ҥH.\"^P9BnU>FxrU\ZgH[lOJl8%Fj\ZhDJj1?U͝~<UKpx2&>0G+(3ZEڼejXeb/aEtHsMLR)9=Ji\"1L\')RFE\"=i)>HcqL\"XS׹<AXn(AQIs@%G8X5dk7\n}br@*̺-@\0Zb&!r܍_\n4Ĺ+r<Hsw#B)\\\ZQv9\'cF?-3K0\0USeh9qLx8aZ۩hr3^G)seǃg@dȬ[#|efתGhYiX\'֪-9#b##z[>5Ry!q6+2gQ5ZHbC\"d8%5̵32ӣMUq@Q7a\0vNߐUOV񖶻+Z/<1{H\ny\r58Z\\\\v	KcUw*l$C湉-\'`zF4c2S:F&(FR}Rv̗3ɟHMgoH6zXf4\Zq{4qZV-49\\m\'hJJ/K9hZXN	P|}F)oz٢\0gzg{H؞I#W[۞[±cN-]欬uQ*p*8ץNl@gKm>8G\0WSHno?v9?:ZXX[Rz&#\'G=|y#mک<MaS/TdE{3f<EF U^*L\n=Vj@t!A*~)@n)qKZ\0LQ)h3e#}W(Q\'#ה8}-)5ц\\ϣG~5\ZTgxZvg=s>Ck3OB d\Z{ͷOANMiH5Ʊzi-ٚRj$Tqg3g40YO&[vf=k;h~{U\0s+>KfΩh\r&Rմ.΁Cr#Ұ{Y^W18WFQԞj]櫘Ln~ng?l7|<1T4+JCpH$P-و9[q9隘5y`ҩ@`+RuNc8\'%Jr\0\0\nӺ=\0\nQvhEky4WPNqu1\r%!:qB\" W\0Cͼu\'BjVc<sW\"h49FtZyeGNkR2T ҤW\0\nQFxw(\0\r}Ǌt.\0^7=OY,%{(&1`BWd|HT^]u>+[4TaZ^(̩o! A\\*RL܍>^+-_BOn#Yx`Iz}kJ1R+zǍvMvvcYW^4A\r\'&C\"AboOjɻڣ5ңj\\+\\CjlQT}o27X|W?.c~G銫&r\0ٱOh&vqu77ˎIyI?lsy\00NEI Tɞe`w*Ql=@sդ\0?l;qF[ێMq\r9>H皌RF9C#Eg`8櫄ϵY3^+GJCf\\=ΔǽT/e#Gڮji;usM8}0\0Y3i\'Ҽkh2@3]\'9lk\rQ3c5*@UݣR0>b|b-by7mZo0lT`Q\'3\Z( f(O?\Z&	955C\0iO+A=zTSI<+]ݎ9*G4՘c=HTfQؖ6^KhPȯjѡ	o5?	_sU)cL\\Cgk-0w\'۵nro\'Y&h_2\\r?u3^Ny5R73UbI=?rV:W%y\\3403a`׵h+ƐrD8ڢq2Ӯ\\*/iŇa4; t$nXpkU<=%ӝt2}}.#VzdqKL)2s)(QL*k5匐JyWRFB@[Ik}J>⽯BKS,˸?7>#P0$^\\4>Kf78qE{)ݜ<t]};?H=Iȩ7n*~ǭTCN?OC\"s\n#4jREnZ,1Z)3[]UݹnYГYr)k95z.p*6XjP^:(<`TI\nPݮjx9Rknu9Wft	ɪ+fb?\'<zԢ1\".A{\0TGDoN>\n6E?v95O֞QU\",7zdyգ],~߮XZ0kCU(hl߇\ZQgvq=ybdHƨ\n\0J}\\40\nJZ\r\"G)X?&\\|ݩ#:+^#iE$%~E*Gl r\\9fj6ܳrI\n$Qҫpy#P)JòH㳻۲ՁcG\0C\0.q]qe8Z}+R0u,q	IDY*EMvGLSJd/jr7ި\0u2ZxFu1\ntH[~̗Q2G\Z68閭i\'4r }* (5]\'\naGҼw!0+,GFÊU![unx튨n&pܹ9}jo`sکBy!y8W=y{d#G?xՁ9+k\Z6vֹ&QQQg;*n>RFp\nM>lg]csxl;sRCsH0\0+$`;m8U:TjRnhZ^`Т5{8Gҽߓ]Դ<lE#ERǠ(?{[bWNx2NxWPu8HrYr[?tfh=Y75^T/KD[=\"t&`,?eӕ;cފqFUyFKr}k,6OLq̗A\nWlF4v_Q-G]h֟9VXq[,qsT!\0k|t ͍hЮخQEP(((\ng?իޕQf;:/\nF#s#֤$Au*\ZI#\\IɯC׬WO\'&`yêL@屁&i4\\YڧWP]\Z[ҹ7,)險?q2Z\'f`IM\"{բZ#2*DUTA$l3Y7|Vs=Ƈ\'+)=lkesn-UFy5VE\0sZI8@[.qڢ84L35b,Q+6cʯrOFq&l^Pޯw(,po 0ڡ!JqҤnrqj\"N3jE\\AަG\0t!+p-Ǎ4n$s]#{ֈynZk|\'8斛#W\0i\"AEPQKI@^q\Z}#*\0Xפf\ZYҸ\0$N5𹔆<V|϶r?JּMP%`(%zt5qb#	հ95Q<یץqcyZi~{TLCFr9,*&99C\'9;vu܌`ҸUkZTVorF+B85$\\ߔLg {s]\Z_M*2~犺amNY8Ҟn wzw44)ߜbb8-ךM\rb5&fzEb9pdIx\'\r\0sg9RJ[f\Zri#lsB<9,D\'bT9\'ՕL\'iާLN*n&\0\nxw\'?^bW71^f?t>{L++f5}E{8H׃xI)}krO0mk碎l_Ic1Tp7Ktjg@IQS%vR؊ 38$gӁ\0u\ZkQ潇í\0A-ғghFyW궞^l/4HQE@QE\0QE\0QE\0En1\0}#RpEr>ď%/g6Q:;c\'G@]vcy}&07	_Ƽwp,ۘXpO>1m;s޴%A<cҵr\":\"\0 F8 u2E@\049f\'Zv&³*)_qrU.\0ry$e3g\' z<@	&+>7.	ZIDT~hmp55ӱA᳚9cqښֳO>v\Z9Ôc.YN3QKxU\'j[|89w$|XbھވYFzP4>)A$\'#[Tl{bجxᕴ1{b.A/k\'\'k~Y]ZWB&)9H19fTӵ:@\0\0(\05V>⬷=xufч̧\rWk#֙Nzr,!1)n|!9Ѝr\\x5%f[3ך]*\Z[!0SIȦaCcnf9pMcn@@Nrةt=;?J^@SlF~ZIִݓc#mG}>ƣ_z[Fs)b#ן.mqNS\'P8Oeڹ8bEjSG\"jO4Tz}jn41\09GjU<v*:vv%SZ\"9tJ{vr\0݋k~GKrU6 El6!ׅkq`2I\'zZ9T?^|I]tsK)D!\nJ.2q1ܼGh#.jhQF qIoq1|1\'H]DæCPcenFOֵ٬h	4<|Ҩ_\\ {;`U \rb۬-c_V*WQEb\n(\n(\n(<\n\0=#T,v&yAdcS-32,>\0S:X;߯5jZoo+Iyb39ҥ\r]\'~85ZFV!G5<GͣmOqPqN/4&Q\"q֪;pi\\Do۩OV%sɬ,JD&GĐGozUqVg7qLN@lK^N	z+)p9,rV4(ڢ\\fs֨ynY\'=kD>IrrQqj8s>9*y݊\'8?ҚB~Cs#Jʷ|~}\\NPW\'5ZTn8Ԓ$j_O5t4kxrџ־fIPYH*}}1E\r[߮ys(ƷWT&3*\0(4vj2޴\0zL\0zbq\0<wGXz׫xlB	ە0s3\ZWwO1uIGASb\\>F{ckg,ӥgBc]c5lqK\0fAZ3ңi8,1QL,8<~uctssQU|*| KV5ᷡފ\Zb%5㺛\Z}r]2+cyӎAZ- O.O)2Gy\'j=y$\nQ*y܎y桡^9)9sJ[4üS?4C:SږSzR c*`NrŔzt\'2*XT#ɫѰ҄$D=/Et\ZQ^ڃ+$~^ZB߆?F@P+yD&\Z@\"?y\0\0@\0LC41W֠ $^ֺi^Os/VQs9]3TAyg+E7*zij%t1%L,?4;\0	+za`kҼFu-m\"YéYcy˙xs]_eOH<\0rUyLoC\r9Yz)ጒyCTGv`f-\"(&SsG?^=\"J)d_ΓΈD\0\0>wwv00B>a^;ǧϵ!\\}\\\")$o,4-yy\0G\0Uj|?d[eJ1cԱ_stƄW̝I=\Z/Vӭ\n\0y^?J sn\npR1	,OZ\nYC#UӎțMɚpe` e?J	nۂ)TTz)rH{ufif$$\rܸBƭqwҴmֲ\rrV2\rqUZTޅ\01&\rOd`u4Z7siI$(HiTWX5FzM-D݉#7Ҕ1V[Չ7s7fps]AVmf%?:Ri]+T} d;Ӽ8iirq\nA==jLԂRzQ`е)Z%N=*+yvzZ3>%*յa׿jkGT|1ZAvMJʐ^M0o|,,ֳ7\'c\\#}8enF|fcV7hGAڣ\\|?]]<;xW糶\"wc\rhj\"@֯{hgy3H7*J\n_\\W#}8]Vc{:#/~4ʿJgѭm;ROӬ~3bePʙJP*2/O&.leD³iCM=kvOgKs\0݋0P/A\ZM<\Z7uW%VT!\rr		4%9!1u湨%n:gֽK}DTc=+7~x4i#g+s&7\0y4;Tzi8+1ښE1#ޔH9~s8NjY/V_\ZD^!t+g9k<].-6A\'4LόZJf;oNFќBܰH\\;ސx\'܌cSpjl1HZ4>52c[l3{;\"=.2sO$,x(|iܱ0{TF3V-6t3Ob~^h9X.\0,\ZVl~C_76|}vv\\H\Zg~@N8tQa=ċ8[xxD!#bhv;Inu^mV\\c<v&W<717;]ǀ|p;q\Z/F۩[4)\\;LvE\\Yב[\0VNL|>$\0<w\0mMs&#A՝ֱ񧇠rCarPMB\0at;\rOXҦ.r-\0j@4\\xF}N\n31?@(`84Z6Ī7$\'z]fQ]9HumQdr[cF88>z%]kDha\'5DdG]SP}jGg]\0)[4\'Hc	\0=k&yYw3yjsy{W8z,=:w>dʧ)Ⱦc2V33zUO8_ʦ<թaFجi\"itc\'U]\ZvgLӕIZ=<9ZbsNV6N*dojlSǭ9II2uS-6qure8ϸA>OOJFv8#8Z\"\\u4A\'i\"WF:`T8>\\vc=ePȭ)-`Arx=Jx_í\'Nn4ߴr:vk Ar5-hF=8\'V\0w\ni^٨#<vնJģΣQRUm#Hmec\\`jޣ7tǰU**oR]9hO!b5Db+<)wwٸ⤊rv\Z;I\'ҎfMxEV3O\rgku29x~D\Zg89y%i+YNXAްR-هTm2^rc[y;VM_Cu.rS9S\Z^:>\0Tr6\0J\'fYzc%ǈtϲ$Mck!qNpVRR*|FN=tX8<֣,2j=i4&FS7>79榔+aua:׉x_TsՎ;Wo޺\0Lҹ(	WU5f!ޜv[)H*djd>߅$ y4ғcr=Ǩ4uE$j:@$Rϭ$cO\');jH~E6Np;\"lHY3FYa[17_CV524	kG[Y\0+IOzQ$lVRz\\V%I4AN׮U+,Z\"Vgk+	<?79|I]XY<b(9O85&Ǆ_J|YC5\"ݠOLz\n%HbFiV8W+_ML\\J?u4s!-7gX̐X,ȩ\ZKr!gc)V;}z_w~\Z!GҹۭJF\0VI⪞^=tϋ/uYS#X5NbX$%N[>-oэPoɤ}yvr83jKVb\0p==2Im.G\n3ց[\'I<Y276FFHg9ܨĻXI<G)JBōfĒ{J>Xw59&X0rn?#W-e\\F93NjsYHupȮ~SrOXmh)բcMrٝI`\'Ҭ9Ad<b2Hfj/0c&dŔZ$VL\Z\ZlV;\rdaLii\'3AT.RVs\Zp)8nDRmz@x9[ojNB_SV#N9B9\\rD[3lTYnijGbKBj1N^e^O`)vKv39bIS4`:ԃ d\ZHɊb\rt458hAzvWLc\n\0+9cR9\\5:\\ JZwIeV8Y!SN$i`6;Niu4֗<14\0:\r6ݞT޶\"nk[LK<tC\\uH{ VBq*V*&9l?*rG\\SKָ΁zF\nm$wNBsX\0⍠`STs4&ʑ\\<PsRR!t<Vlc[:}A$+q4Mxw5\'ێxpBhrFHwNӭuucϭkkƼ-:*:O\r\\D$/sҫq&\"uw8|FHCZi\rp@;}kH%Λ]v4sv;־$K+zuB!pz5˼NY$uo\0确ьuz9wIO`=&@i63\0=@:VV}Cz)Ti *S_Sޡ$r*2;L(wDH*n2Y?vYrUiGI,s֨je A&&@U8ܡ<Z#ϖM4GׁS7\0V$ջb\0|LV-|$ST_\Z&IR}S!۽k+\ZІ\\c$k	X.	ϥ?z0֍³h/z`gWip1P	\"튂\'ޮ.ZMXW<d\\V\"Fq4!d$Scfaԫ>w!o$UctqsR*R}*&o,ak>ǡvf$x_w(R5Ѝ	<U4G1%T?0d̙=MdrN?\n`Wb%+q\Zm=i1k\ZU\Zm8tP8\0֝ڛހ,23L*E	\">ڟҚzT.hpiV<NX\\p¤ҪE	)^*O旗SW`ɬFe\nq늼xXl`3\ZSxί Pu\'z1ڧ}M\0AbĒ\05HꥰQw\01Q,s3adV7#6zN1H	\nU?/=1Q|͓2y\0@H|~GLz\n:7ڄ͠S]ۣ=P} ~B\\,W}i`ru\".ckjZ<a6@s\\Q]߃b̌F)\\.[F*h-=ˮ~,*dbsE,^-Uﯧ@#NQ<şxPg&g1k}C`뽁#x&i2cE	`[U,+$}zUf֝p\0uF*3Fsڦس;㨪;5Iw)iE4wҙ\r(c󰤇I||i67lR&j~ZYLld䰩.	݊,I\Z4)拌#|*I!Tkˊw1HJk.QZܚ(^$9Gjd4Cަj$+&R.H⟻6qAdNPϺzBeܫ+N}klaqciʕ$	T[p*C0eYٚ@ٜSpQ9s4tu\0\nJVqbbr`bn%M>ig5JGTbg&&rzTRH\\R3fZ)GZJ(!9QM)+3LjQʑQ@NZ`Z\0COE144\0zZyi\0<)jwj\0J~0ԇ\0j5hUnbƤ۞E\09$(0ir3Q1Nw=E;z2+7^Ү*ltz,˓W\n<W-r\'q?Fs$\'[}jkG]%a qB1` (H+9zvCԛ\\(vK/\'jXvlS1ךUci	)`~ w<CҚ~QB\Z/C$O(AtgSjaXApem!EPs(b_L5({F{#R<N鶾Dde#ld?]~#<j+䣲\"}7UMENd#_8F\r=j׎<H6#J@%fb!>Sgn2~vrss6XYcL\0=ۥN6<{I^9ñqQ8.9Q%\0Z$Ɖ,xbGB|+7r@ypènjHIڠ\'ZwlqJoDi$Զ2ގ􂥁b2ii4OjZCO)4qI̂zKp,0#8nFMUG#[v%C(\rjI;zrk6P*RJEf	EC4C0qD8Sm4gy3a@åRbhQ/s9RiA Ӱh${VrcTZyqQy\\IHI$=*lҚmQ-Q@(<\Z\0zPÚTiO#=Ed49Fs@֙J(@8i(\0ZU=hsIR{4[zԲTQᚖS\01x5c]yaR\06@G#̼\ZPuoc@Vgw?`\'\Z1FyrGMrS^p*ǒzC\rQo8 }iYTL-bV93wT=ZŒn)Edfd\ZrdTJIvdLhF|;Sy\'sM\'nA\Zm^MJ[1sH76&F+?X|ww(Qn	\'jSי8nv\'y^RO\0vIj>FހUENW	 \ZB\n*GoP\"U\'5;dF)q2&=űZs\n֥<CQ?v*FCޔRvy40=i4TH$!k|_z!\ZXs\0xӢ[B:՗9\nl$Un7ޤ4AiLb*|f#5\ZLʅ:R-P}]5<r2#MRGWWQ3k!6h}*=)@Q.;fI\ng؇qִ4s1Y\r*ׯh7J|\\*5ZV T9բQEDQ@Q@\n)\0}8riA\"%.i(<\ZCJiXc5z\0\ny#\"PRi\0>1SREֆM\0*HsQtj\0M78E,oJq @Sחxi2g1Ϩzc7˜׏xc.9$`6~rSKSiUP`ssޔ=0r٬e;Ĭs*76-\0z *)fXjA8&=K\ZDhFIiP|y*1;FS\'Xm;I$Q&	YsJgUZQ0W Y<Ws|)zqV<;XuzMf,́vLj4M\r+zffH)⧙UT6qҾB\nh@F:<\0)>aK!P8O);ԑ ǚHXjr<*>zԑu4Fi9)`-g4Dx5]$r1ɤP1AR9PľS(y\'sgL33&(A)Vae8x4cޓW\Zv7!RzՅ7Fu\\CVbe&p5S6}aҥiAq$;sT.&q1݋\Zę1	ɤǭhf%Q@((()H\0NJFb7ZZV@\nE89);֚zS[SylP}iL8Sݵ֚ޜFy'),(11,'JORGE','MORAN','GONZALEZ','1983-08-08','VILLA GONZALEZ ORTEGA','2017-11-10',NULL),(12,'GILBERTO','SANCHEZ','ESPARZA','1983-09-10','VILLA GONZALEZ ORTEGA','2017-11-10',NULL),(13,'PEDRO','GARCIA','MONTOYA','1993-10-13','VILLA GONZALEZ ORTEGA','2017-11-10','\0JFIF\0\0\0\0\0\0\0C\0		\n\r\Z\Z $.\' \",#(7),01444\'9=82<.342\0C			\r\r2!!22222222222222222222222222222222222222222222222222\0\"\0\0\0\0\0\0\0\0\0\0\0\0	\n\0\0\0\0}\0!1AQa\"q2#BR$3br	\n\Z%&\'()*456789:CDEFGHIJSTUVWXYZcdefghijstuvwxyz\0\0\0\0\0\0\0\0	\n\0\0\0w\0!1AQaq\"2B	#3Rbr\n$4%\Z&\'()*56789:CDEFGHIJSTUVWXYZcdefghijstuvwxyz\0\0\0?\0u8J\\P\0{SJojRs@)=)udARv<Xg%K9C\0\0qG֌gP҆=);wd#5NG? \n\0()G4LRN\'@dbN)<Q(\0Qhf8=h3J9i ~4C&׵XaTt1;R7<7޿Ν@	ޔ\\u!4\04qI41M9(\0NEn3ތgt&kTd9C3@X.pIzV\\⁒td\0SN\ZMߓ\nrri}vց\Z$|A\0Z6\0#>ƗJr6Q@L\'\\t\"W(4\'y[.Yݎj=٦&Km:Nf\0y<TiD?P}sT(\rI..hHRuðs!ڜLq?9:h97(uhm\04SGQ\0%\'!җobҏLǯ4\0@s֚A&\n:ўy\Z\'|PG֎4wHcHGc@j9?Z|rq@\Z\"3IJ8/րE/ ((v\"}E(j6XUr7|Sc\'kpjnOS%Ij`=OJj9G\0X\'\0sI:S\Z\0h$SJ@8\0\0J\\MzR\0sK3ޏ~@FM\0P)q@	ޗ`Pz\"\\w\n\01AFqFy\"&9qLf#FM*ۥZ\\X6	6	\'GJ\0\0sQ@r}0ƌ10,ؤ8R|W8R1hDcjߠ!HPy\Zmt> 74ҟNTew֘=[;lS7Sq/nuZ~UX\'=M\07\"2ߩ[}26<V*,Nh\Zዋx z|tnfpLPgX␱g4dg\\,4O4(ztbc4qNnWRQp1.GJA \'5Rpo3QN@{P7\'OXZ=!t\0\0Sq.;RPE\0z\0% co|w\0\"NO\'җt=iȠu;\0RzwzRs@	4ފ\0*{5G֐ѳJ9\0RM K\0/oZP ֗\nAʔu4H9\0:Isj\n=j+(uT9sګ6oUԫ ֐y9=hj\07ci{fR)\nhwҀixs@qGSN3ғ84\0r;P 3Q5c<&=Uy_g=L,SDPxiNQ:=-bI!w\0T{$E8@L*窯?6I2FaO\\i{,1-DBʲԨ#Xɦ mVv\'?ZTlkfcz;ݛs1\'ޛ4`zVM&\0qIyc1@\r{Rc\0ihǵ:j	4\0qGoCKގ\0ӓFJ\\dR\0B?*3J6h@	ϵ#Tjq}hCCVxϽK\n\n)jCNьpsG\\\n\\Rt4!R&\0&&i߅{PqA\"Rc<b&tJN)b&i88tyHJ8F\0E9!j(>bSf0)@g94baҜi<!G֊;@IGLd2OC1ȥ:Rgъ\0\\\nPI}(:\n\0R\\0Ȩ\Z6\'+Sc:ӗqހ#G9Oea}Ep\04W7J\0pk\0\0O\\n3L~y.Uy2\0\Z.\0(ofxD-VV;h#150tE*$w\rnU}[Ɵ71qJ;}4X&I<;R٢,.7gRÕI$tqKPF\r\0߁Gz\01=i:@Iڡ9SҬ\"<}h7\r&\0&8\n}7!:zRv@	N!\04R`z\0JCq4\0۵)\0ǽ!JrzSK.z\0;&2~ۅNz⟼%ך\0qJ=&ΊO@4#94#^5$ݒH9s@\\uix=:wiF?\Z;\Z7/Z1ր\Z}9\0%!)S{\0J1@{sHFzSzӈހ0(8PzwM\0A?/Ju4.I5f(d	\02IqF:b\0ROj;4\0J\\n((iz|NO\"^A/K\0~\"3&TS@oT<Cp_[-#9A6¤Uf\'Tfqʈ\\U>LmO$OP\ne9QL`Xr֥={pNQɩWo8R$~G@\'>iҁNy@\0hQҘp:_Ҁ=p1@րҗp(y?:9N)H\0#Q1ZN(;thZE(28uqUИ#z\0ь34\Z8@	4sG%PIA Jʻl\Zm䀋NJi\\\r2U/0#N\0qf7QpPǩ)zrd!@W\Zmwߋl-.%#,r3\\|7P$dIN+[[\r0|<V{\rλp<WFv,lw<e\\Fǒ0̙2liUp4ZR҃rGV(1rI8ڹƠ?jFEvF=>ixfUȞ+,izOOk֕rJ!gY^e}M|I=F+oD5ވĀqG,^¼zWY|HyMkhˎB0>u:o4AG`\05.wǯZXzir1PP=RxRs(qR,31Sͫ\0U\\!>gL3))slRg=5k̉O1\0 \0f<F\Z_yfqNQ$;7>*957\'4giB\"1ӽ)\n5SڥUؼ	˂­c!jM,%B*Aj?Jb}$ϹEq\r\n*Ag;{1@=c>ci:Dg#3y\'79M0ތ^c<t:Ҏz@@b@I8zRF_O\nC.~hN斑Hapci@(G4RQ@ڀ3E/OzZG-h8Q\0)J;Ҙ*9c(/Եɴ$n}Rsږր).s1\04\0֘[-(uنXIF@6}3\\%\0ou\"s b{Pl4W2<\r&9k6N=\rpweTǙޒ\0.Qk+\"e*G#hf˓\\3$ *3Gyk$ȥpEYYUQ(Wvx.=i`NyEd\0goLSYSQHɦج9L<{7N*\Z(M`SwdRm&(:x|aړ<{ J&\0jrƜdSRhM\\tOEPA\0\nKsuw\nxA=ÜO\rǗ\"ӽW:!b})1Fԟl`0GW;iM$F\0|ҽ\"+:-A\0<S([^R<fO9&%MKqIրF)}c{SE(Gz@&j9xCRTS0!~pj㚊MJq@n~.JJQJPpO<R2i4gz.\"n:\ZAMN\0GNci{KI)GP!E;R^sI4\0>c\0_Ɨ\'AJ:0@<9(4	VrV2)bd1Ҁ$<QښJj\09&q@\n)qM:\0Q@E\0dP}\0\n\0NƒS\n5TUS%M}{R\0S)Z\'ٕ\'{\\ l\r0$#\\GMYZF4K0@lzS+/4Q{cՐDKy02>$c=}>K1	=j/0@bQ\ZؒI00r}	C+1xq*nE&-\0ΚޣDG SSqHAM[nޟ,zZpĈUz0Z+rLG$c(P2sSvUKýIq\n@ђܞ(\'*XǓMx)vR10)dP\0yФҜ\0XWڎr<RrW<\n$ϠMYu*@ v#i漃+M\ZYmocp޸PG4h8t`XӜmؘuwAb\ZB=i{t<\0&)MKfLPڠzp1PHF@y(E -)^)W(\\qqIiy#\0ݝ?;XbC@^gaVNAPJZAt֎\r \0\0@/JQ@	GzZ\\wKޓAގ}z\0PnJ)n% \n\\P8Z7(L4G}m9b\"\'|T\r2g=&.W?\0Bp\0wnv\0}4|$q\0e\0gǗN=Gu=̲d4A3Q\0\0J}-1AfC(ܚL7ǴЮ9m٬xt)!X`XƵMA4>{dv݆+ȵ[i\\yG\0\n2.HM5,R{%ݑ\rSrjJ¼j6zNvlrA)SRȡɚy!MDrd#HF_1\rǎr<UvNܚaذqPZ\0t*rj<W):;R3hP!$qR7ʞ\0SsJ9<Rx@cI^J8\Zp9HeeXc ^/ٓH;Jpu勂yV/$AWQ9=z)Or>	,Ν \r,.k=J<Ët\\RJs!Ki:PJZJ\03Ƨa\'D\'4\0qIޝ=)(sڗxҏSPP)@#\0\0})c84Pp\0H1֔y^PL	;CiPc-.)@4w QJ`Ӛ7(HeAY4_j^gB1)xG@RHH\"?3<Fߎ(\02 <\Zsy~S>P64+|S[z0CwM!4\0O.#4?\\TC)@~kNYNS3cLnR)\"ށ@\nsJ(\\\0\'5\'Ե-%6p֚͞Ձx\\Ef\nq\\- ݏj/nX\0>lgHW$BFZy2*<RyMPhc3qB;BGP*w.ZxqK4nR06QT`\Z,|Nhc #\'M je\0#HIN\"\0(ɤ-\0&yN\04rh=i;MրzB	4\0RQ\0^*U`\0D1J(xYL\";CMkmo)p޾tCSu$WIOl^ufs+N\'9RnQA!ۚPzSyMid~[gHbaҒǩM ˴rSҚ\0!iUOJ\0NxNPXsҔi2JQcjP1Ris(z)?.8@-8E2r:`Siܱh֣m8\' w^Zm\0$-xNi{ҴENPڍ0t}P=YOxGpO|\"Fx#}\0zC&4\0uI>Դ\n\0;Qޗ掴\0(\0QL\\Q@z3IF(\03mBS\\PA]^g\n\rT)lỵy#$߭PwɫH5M#k&DHsNȠ(S=k;Ə@)JkӁVLGOρЂܨ]΁$Z\Z8=sPby\0j\Z@s-V)^#ǽm=\0zgO9ڤOQS`chVܶAb:F`A!dy$6o}zr>nsUf*G}iaH*nThwz&E\02qVHaENa4zRWԦ*O,i,GE7Vk[$r\n@\087k~F ;?Ué2=j%@g8O֛`ԧ֤#qqIIN1?Ԙ\0D}iJyqF:Z@7tmF&\0VJ+b;1M	9Ww)<ҮGfhH\0~zezsR4<mv*?Ɣ}i.\01jXNc3ڦH	W2k\n/ɞ\\AD>b*sČ4ٱk_Zki\0,*vq\r	E`gbcF[:H	S02t$\0u+Y֦ø&J*La\\vJP(qKJ\\裥(NS\04v\0JGq֓\0\0h\0gGPJi2=y9<\n\0Frkʼxԧ%{W챳mA<^VW,YG\0?lrc$ҫ15<x׭\\Kb2E?@D`mcҳ qth@O^2Ij*VzR`Tz\n>8*یcEMK*Soj1\r^w2c[n\0洜*\"yLŁUib2֓x*:jL,Fm=kD*kCa\\ڐ\0\0T7UZ*[=R}M;ۀT/NjA4l6H`;R4<p*\0ɣo9g2y;SZ.zZ~X98h}i	h\'P|fHj/w\n,2D1\0p6ko[fB<М\ZޞD{C#=*OJl EO*DDGԅzI.8r❎:S\0F9|ݤj&`axVm:1J\n1@\ZT3֣R4$(pi\r piȨKd҂}r)j\r<L\Zkq3,U;9ϭX[D\n-$,\0]<r$2֍u uQH6%!8NrFq޲%oVDwxۊa^]qqP0椲s׃KކPi#ғu\0\'Hbb8#tӄO[GՇv\'>SGz\\cH6ME0#!78\n\Z\0oq}I@\r-8ڝ}I#&@\nq4<CҀuRRRZDn#v:{ׇx\n\ru8<׸]\rf3NN1f8浥29}#ɩYiSlcrqҕ8sޜgR3RFFAm۸\'5g\0S/qN*5JrGhB3siqS,Y24jf}3F@ùSj7@jbĚh rdvK)8Jc)03`GLȌ +Nh8HqY\Z&@18RFϸmM\"8qM)$sIy<ѷ<~7bI$^IHH#5=(.z\ZD!OZP镠(!Zm?W\0g8ʞ\rPL6q.l)]4樏-\\\0FF*IH $ֶ)fBz1H?\Za9yR\n@Wi`Um+N9\0(z6Z_ٸ{+X(RrzP4R\ZßeڸKr,4޸}&@e*7??AMiGdް-\r85F\rJӁJߚ\0ul~M81NrMֵ-\\ڰAn8̼nJjM	[	2=o}*WOoδdY޾]\\ B\n#Ժ9YvK<P&{껾jl40t8OV<4h(aESIsN=i1HFl\"d\n\0]րi#ޜ0hG4v=q@	KbS\0i1N֌c\0!4\0Hqy\0G<SzSH+\ZLҎqHh$c#[9@ȯ\rvl$^%՛ׯOjvmy,9bӞ3kJoq38{S\0HO\n8*bhF\r[VϵsT\',ЕTMRg=\0i@\'ԋ<x@8P0})*4m_JLT/GaҘѮ2(glNqSɩzS	ErQJ$h[,^`\r@9Ƅ@(\ZpoJilH΋5F>e\' Ebs	S5\">ޥSn{?LՑ҅vʛ\r.1RF:\"#8B/80kʜ1=oCF5VվӢDvHW\'9m/]H\"8]1Dԙtt6)6QbEzRmjLqETiNZy\0ĺt1;B&~=|Tl/{\rکLHnzp\'\089Ev҇+w/Lt\0T.Gs@N:ӷUdP繧\Z=d#xSszgPd^=bTj@ا+Z7\nFj-O4\\QIץ(4\0c4mJ)hS.?\Zq@	qڔZ\\ivpҖ{T8F\0o4*`Z6}h^iUhs-*2RiWODmE͖6T$:nLP<u9.4|=vunV\"BYTg:TSH߆8&n҃MK\0@I&4,ۜ{WCF+>/``}1؊3zT4\\\n^qAh\0L2\nbeni Q\r<R	ާv-JF(ey=+Y,qAR3\0\"-¬1GS֤b\0*W`gfr2yu=(b<£*G\"ǜ_RD8ޣd `t8[\n!5YL6:\ncryj޸\\/rU\0\0?:ڏƌ\'^C-8DۣhqVWڰ<jm<-BWc+]&+z9aHELW\"Ҡ<SHBq@cz*R;R͵\\Z7rKs^1+scKlhwRFTzeF.LI$zaR1Mǭ\\(\nLhW\0XXs隑\"WQ`o=y9m}OK;B.M0jpjr3OH~x^XDzz; s>.ii01OUbx~MH SN04ᚑmTfc(cޜޭ*E^?SLE%V?5\"F?~T۞)AO\0ҟ?=l+Ucb2<\r1Z?jpOj\0]5{J4I=1@ 1\0cmM!\r(qDE숟R}kMQ?	%>A_4x{ln?ֽ_\Z0b\Z+A\0-v~Yxo5ygɐsi&G#\0j[5,K5	ܴ\'^kCO2<qF\'\'WS؈Fi7bXj?h295]F\r/98\\\0sj9<p:gO+\\ nSZd`\'%q4֚[sZ?6)s\\^@9 TLFOJs3\ni|z:qKu0jubvoC(\0Q 5Ancqxv\"L-9?;y9Ibq:z.2X#K5X1O߷q-1ژj+F}UPE\\ /I&7bgU ?dK6csU^b1ښ%#i<C}9ۜ҅.3MD\\ƹq${y9f[u[ (P\Zlֵ4R#!.c?mA~UJ>)̑*||xe^Kζ!HW)+$pi{ԥy\Z	Arx! TNz=jGֳH,x&R9=(HzKzS\Z0zjCM>i9j@9ni\n0(\\sJ9WV1EJs52H}\\UJEr}Ҧ[!jڂ\rH;ʋd皙mcSNE`A#5S昆	9V@HJ-<-9V\ZxJU\\*4\0)꘩ScRr08!sW#Ҕ-J;`(\rҔ8\n1ր8o/_ƼĚLXv?z\0+\'s_^_⣛ƿr.kݙpfaɀq?a0]rs[ ][mAMU$82hUչFG Ԏs[Hg8W9UM6%pA\r֭9k Gs)ԞhVCPQn#9Ey=*|JK)X݁>Mc;P{v5,\0E;zR:|ݸ8C)8Ӵ\\dHZ9Ġs>DyS0kbXUCtqBIq>9\"\0v4)\"K?XW+9z\0ILns~;\Zf\0})\\,1\nxS+>HsL4!>#?Jwi؆`=z2:z\' 0fcEc^jV\nzthG݌SvK*22Vօiasuk1Ԇy.è`&\'FUբϦc\\tRbl#ګB=:qj\\ךd#iHE4PDý`jڒ\'G-qXv>$p*}KFL7s%qIx>жR\"H\\οKcW/,T~\ZӖ姹$[Dzg®RWGi% $d~G]-`wF?ć\"\"I\0:~&%K\0|ws\Zg[Y`:9*:]oXt8|OnRJ,)鞠=?[.ada(r+-o0`?\nz_3ڜ>#5\"0=*$\nzGF84\\	TTP{k_ė0&? p.xYxJ?Wo\n2K(D;Sr5-j<#]\0gpTr+ǗZxNἂ)2ӎ0iUE<\njP!\0\n)H!cҀ4WUQܚ}:F)5,2ڢ̆+ye.\0֋*ԪغTRSyHLm4P!PIKIK(\'9WWx0ʸ\0k<J3\\^if)6i\0xIS~ƴe^X&\0EϠGprdՎe0FˆOZ\0Uxt,&O?!8Qr83WQY=@=]6?BH\'-\0\rSsM3g$ExBE8mAFǹyz[@\\gB]Uvc5ԭ\'q&3\0y$xZȓjmd/G;*0|H;u\0d\0z5t\ZYd\'ITj;\Zc\'4pņUlmFzI\n=n#8b)It`=*AT6X</5V4C5v~uH1+Brzԗb܀*)05ds2sA%9Tj`y]]<d%\0N<U/#5s3XR^RG1!YC+D16qUk{Fhԝdg3FPqsb-7STւW3-Ib$HKsG\"gp99-8\\riit4H]WaJ\rs,gd98!?Э0߱}`ϨQgB3LQ؊qc既\r#Ɂd>^D_\nwi֝	>e㹘UI|SǟnUJ2{\"\\sY`	su4Pھ	\'{rESy\Z6rGvb!#JmĺҋUTy]3v:rI:ܻ{V([^Y\ZęǦژOiea_*.IT:\0<Іi-+p=c7ZKd/#S%{~5	loZ/E=\nj3>~c$lI9_tZ\'!H\0wi[c\"uu>帱L+SP*/jq#m+b?%C\'am vڧ4Q<GpԨ0$]!b5mQH{ۆ\0U;\"hr6;t\08F9 bS*43y#$MDg$qUUy$ x\Z*(BJ\' {%;\\AC\'Ե^3n8	\r\0`*1Y+ r\\gHZI99>W GzۦőԒ?J&֧5t1S\Z*¯C])q>S\ZĲ(pJuI4}\"4`s\0¾yiGrIiF쉾uR4y,zWh7!-	0++|^:Wx:(Jnゲ=6ߕqW5R0VE:\\S(-(PER\0(:\0w\0A궢hOd]gMn~\n|6}\rID$w{/Etb+absWǽ&uAʒXȹ9;:C\"kqgy\n?/b#V\'O~iEXR\r:Gw`)OJwgh#q`\\DqMgOl=\ru@MW(qrcdlsi,HT#EY\0	fl4&\r&KyjדVF,E	jc7I-,pXT\'y\0:\ni>lRJ6\'7oxpqĘPH892#A3[6qjH տgU\0P5P^=+vHȻqZN6D)\\,AQr}jPdڟJ@HjYu7!I<~	L+v櫘DWKxvZXe@\0*SAl# ~y!\\P([q~<q\0*YU9\\JF}*\Z.}Ri͋7?STU\'\"Jc`ܩcڵ4Ȝ}z:׈%\\(\00mj\0v%kŗ<\0kw0̇ҽHy7S꒷K_G6ss9\ZMfi=ǚڌ\'9<U\"]d,lzcp&ǩZ	kΣ)x]Q<wSUOz8խ8sCBݰc+VI*&&q{CXyu;דh^UvO}kmF]{*#~g>ܿUpW-щ,z7&EYMqi4i!T\"*3i(V 2G0/˶R	38Qj1*\\\Z9nq|T}TDsUU6=#8jd@9\ZL.1ڠ\0ȨZ̂pVUچ8@o?\'9sS&fsBxp*Yr;;fApiy1Rg4ɜKSAEjepR]sVqjb[`$t\Z1גMz[m-)#Bp76\"C*)GZL{6M9Xv O6B=1]75Cs<͸,\'H^o+\\k8>?k O׽xH( c8iDx*ư\r͑:	4rS?k/F/&	Sd?C2OxT(`QE\0QE\0T\0IncLqA*F=A-g\'O\rŔJJԌ\nЦ՞G\rs\\oه&-oB7?\0JS`?^u\0VSc;zWSۙmĀe9ZWU\\JzHo=k2$pv+@2`+r}44\rݚxR^6EN#k+LR\Z6pWpE] ɖv%V sU䄓Z\'\0tB831Ue<VFr*$\'*8ޮ3;cAf;3֤ߏz#QD(]xնGJqə>Zȼ ُzϹ5ւ禈 \\		i&0Ps6 :RJq)YG\\:2w`	VFS]\\tO1fl@zbqM`CcK̨iw.1RӊRfvLja57ْ0Q	 s8}iRŠ17Oʭ#sWPO]mARV9]Vq\0u:>\0rR`u87^Y4Ď]~8Ƙ\"۟Rk)BӐx\0ZOgZ\\i\'r g}?h[UrÚԷL/z=6a{;	Etl0\rr~*p\rgiq3ϼڌ0w<~,OgޫfYpA.O~1gk/~e(^zՈ+%2M_\'^ѯ &%<TFM?6NF@`5av0i+.AɨRGLb\n>qT{qR*AGJ,pA˰PHڬF1xHޓwl/WiQD_E2jV:jM90XZi|E$K{y&4.\052l`Q}ռDY|5a_;kH=Oq]RwgGo,~Q2*Λ\"@ t15\'h\"dݒA?{Oi6?^\nzu}?|#;-ify]e+eUUB\0\niQ}[\0B5HaEP (\0(\0(\0QE08}g?s\0=7Zu/8!~qֆ$g31\\տ+kc5Cۊ\"Rv9uS3?qr+JI4fOjf+.jA \nʐ3֕Nޭ0\'cHGӔɱB<V&?JY\0p9%hF1NR摀\\SgHI--H^EEKyҳd95eb0k=ׁWl&r&<5R2X_zW֍K9L=kJgYӫǨYuK$4P#T3rMj~QT428SŜ)*qB(޼OH֘V		K\0ʝ\n7ڣ,?*w\0gX\ZP8l>NO\rGsZR!^*	ɫf\ZX`zI&qJ$WdSYPycQҖj&n&qpz\01)0WZLdZvQr*ղ\n7=2yp/	\Z\0Ze8C^s8*	<U]NBC\0oJ<qEpV~;Hl:T\\f=y.qxsH0?<qib\0CvtyHB#;	\nHGCBrjXqy8:\'CQ5b>)<Cb\05hMx߂xIhӆ\"^=\"6Sk+é_=kHwnrA+ҾWg_WϾ!S!Gk9s֨&W⴯\\-,009}궟$y	g#!}Le;I\r݅{GO\0\ZH9;\n	H]9Җ=I]rm%UfQH( (\0(\0(e.SՎo\'\0\r6̛rpykjS}Y[^x_EsN)݆_qId7W+,=r+y0ڰГy<շdINՆ@xk5-Y,6iqM\"jI)P=TM֩	W&`b\0H@Dݚc<\Znp	)V\"wʱ܎F`=swoszN]Iif=+v5e\\\Z#N\0\'\0^Z+!=D.{%nA;Yy/=ri>`+dUeL3VXJV:VReo;Vypyx n*+F!B𤁗8櫲6AwnL<6:a\" 8ƞSiB鞔=9ᝇ5k`<),xFE%!Ci-\"(8Oij;X[gvW]	wk)߉\rɅo}A\nL\094ґ-dJ$z⣸qTqס%e_$ԁbj_Kg=&~33fl!ךnx4M\'8v=\0S`QmjXAۚ8+|]6o_\':\'3/ǽi\r+bmwŐieP\"^l=cR$e^*R܊ɚXr90!PwzW\0u)z J5%\"5;U{z|D$DYG?=r>Ԃ=jdT\0]x6v~v#Z+^O<]BuV\"EGQݙ/R\0xWkJ$}ʾ+*gQ/oϷ_<_yA9tY=N57c@a2\Zyee?(<\0VԢ;}g\\K1lȓ\rPGSJ|ɬno,֏258{bl~O8޺y\"5Oc.oE,s2ϭ(H\Z=cLmeqnh%pujOQQ@Q@QLAEPE!eU,$ҹ]k+9qު\\Bm-Zwp_1}kxԴ$+#\\_> jW!Xd%N[䤞pIYWG͕ͬ)vu(3c̐@GTOrc@:*6)P8*\0MSK`s\"L\0d#X5-0>cRwhʄXooa_ Rʋ-ǂ\'շ$U#U77RO׊v:b_C:QF@\\ҦJ$Bs*L\"d\0b14L,3XbuUɰy\\gsTf\rE+O b3fmJpl\0=+=Mp؆8ɤkI5I8U	fn3NH`ҤYZU	!!VfQɤ1Ξ\\07ӌns0e0GHgE\\r}*4\r98#\"z#̤jkhFMp{S~qP@\0/ ֧{SD~Qӥ4׵ Rv㠤&B2gW|--\0_Aٝݣw\0¼ejC(We\nqۚړM8\Z|{mgꛋ$\"qٶG$q\0c`˓ЊukR^\rӐ?\\+&EFDwruɪ9aqU$վs\"v?1\Z|W(88>!RS)Axj\\ڲ~}w 1jT.8ǭGg5\nʮvZ\\w;}y瞼H\n\n!]ejx}H~¼[=$c\Z][H\0	y\'8\'֑[~\"yP;PR;ҞpW&wVAk7HVWhGN)40l=PNIҖ^\0Ԕ1@zw9jb822ڮRy\\b~$D=#_R\\^oEyƋL~3˖zոo<㌊~~qq_EHH]	e#<Cs*nU%vCtQ4st̽ZpMr]aԜ0$rce~I#\0p}=Nx$\ro4H7+k|Ewy\rh`4pf?\r\\o6|03Fh?D9<s+F4;AasYhMZAV誉Yj\0hE38#;R\0i>VE*~CYɸLQQIuoO\n&d#lO\0SrN>Κphv\ZYm_!px(ZÕ\0Sc$9dLer<ywl.c#ך\\O#c*y$8;r>ܤrZ$>گg5$@!V=*78o-U$LfuDU9<JG?T.C1?N$)-\ncS,pK\rM1&KO$,aٌ`w)\ZVӉW<s]&x	09[3:wLH)2u55njoc2ˑR	AYHSЇJ\'JwNsR5J}5-\"v8xG*FμՁ5jl$Y5FKl;֫\rȡs~/\Z`<\rl9 ҤN\\+Z0UU\rW8~Y?z.+ex{.*xc!\rI\"dtǩH\\j#h\njw-Ejbxy鑏Jy>+63޹-u)F󃞢Nk{?\\7\"[ϴ\0{%}kK+sNkt\"ᩭz.BL1+VB\ra._Ҵ\"Բ\0r?}%ZyV!2,`h-_jFG\r]ֱC&Z*Y/V+:{2l+ɧp,Ł$צ].=Ozɸ9=hʦ<\0p1=rjscּ3!26wzS7uybE9ps)EKe!N@#$=zS$fCzD0:\0~S\'4ǔsR+؁ 9OȽjF@0pOZ֒3|[I2xO&&w):\n-R)x+iA8s}!۶2B+LNtapdn/d!rz\rz`[$6]}y\n7ߏzfÁ*͇&cfB%$t<v\"U\\c=X1!;NOv^JG*zvjN:]brzz(06Dۧ)&>wq]\"\0|ӗJ CT,t{:uvXRdH4WN]WP;o`+|IBYKAH&q?\nKfkKK9\'5iN_El{?Q#cSG~M56u}Y	$ׂxU7w3eY$jM_ZeClŎCnҹMi\nw}ςZ8O5.nhEa:(åd?;^18eV\'HȦ;HOZ\\XcR.O^=*\\å4DǯcH, Y$FӊD$4\n=KbbNaYWWjdm59夋ccc\0W%NE783BxbZ5\'\0#\nx3֪*{\ni\0zSp)\\FsT#5uI>:c5/!iI\n9(EVĭIXir9Q_5\0x}J1	娖O	&&62mG8zKH	ҥREvS4Fź\0hLb4]\02j?,J@4(#)GNZ`㊵gR͢AHY04ddy85V01d)\r)BYNGZ^kebu/+W%>Zozp)fcݤG\0i;Qހ\'Qf0я/(bSс8j\0܌Ӏ)-WԳzWS+9$Wk)#ũSեWjfVr=9q7j7l7_ʼ㬑W9Zl]9O\rO<Td֞?{FlcjzsNq&	T5gФ5nGOZc\r+r:ԍp~R*2ۛ#%r~\\W-A cq\\\\D;FUڴaj\nS5\r@?l)H15k\Z%&8:ukϽTm!ri>\Z;HՁ@\ZAdFXtBfM+kc.9W\Z>UN_v]ۡl5CT2CAoSrrJ_DMykf;c\0^S{\\gmJ2\0+u\\_fygi?JQͻ@uTl\0[  ^Okח<wsI#b,\0	?TYO\0=ua\0_ʫۤJ`sRۨLan\"RF$Z}y|LoSq/ȤkE VȤ;\\߳pti&M9A(OjJ!=N*N=j;Ԋwq3JX朜n«\Z&ͻp8֩1XcqҘri֎Wlb#\'2zuCQ=]O3(#]L:tEҶ2*:kh;daR4lsֹcܞEJ{zqOzp1q5U[*el\"V*PsU;vUrJݕ9\\/\09}̪P0Wv8Ғ($\'9 ͓WD+2iRz~x={x\"-lQQa\'XeXyHn*(,px`ԟ튃=:TfPi!>\"_{$%1Wc((h#<Ӏ{UF{W~9L/sP&;Yc\'7b\Zyq珥V>Uz)敺T@/ZCj\0%(6i1z>l,\0)O,5z\0|\\(o?ɩ<wV\0e-|ssN\\֊sڑ͓\'R;7	;,ԊIZb6Φ\0lQ!j}3O !3=)b\r-9QM>[bb1RR\"1ՌLn«bIz\"I8erW`UwlsZb2j)r@nm(vVŪX\"Mc0ʴѬ<֚fYpך\rzh0nqOV\r)<pBJ#AcUYWҰZH}ܠ9bN]\\&hKR@\0EyFj3I,$͓]47FrO]10Bz,dakkoTQb\ZU?6qV1w/a|>r(4g%{K*FB>fLUPLnv,rr-I| ^\02x2I+$qin6\n),RMA~OL\nX[2jWq}zv=Yǚ;\r &\0רI95jVڨ*5<bpb֒NMKb\'cTZDlsN!sҚiP9F36)Rz Ӯ3$#:^\ZREްeOK+I7 `ar$Q[;`e5K\ZeJߊg\0s\\ԫ.HPYXHt,^2J\\u2Qݚa}jLf<OM*&>$tLvGJRUZ0>A<@m=qW̅fB(\0S@,i;\n۞+sR<\'[C\0NS#ݩNx)M;gczSw)㚑V6vV?-[;j5@Ivc3=zUE]NȁI4cJQZm<1	\099S\npiX88q֧<F(3ɡFM%=84DuK(m\0~[-	o!\0*Z3mǜlxUjC6#d,OZb䟭F#GbH2zMv;Ӕq\\}M;N=lBcѸ?K\ZD|cސ\0uH+PX8Q^!)\"TQfL42v8[5cDF%LǵUܙ;k-;Tp@1\0_\"HH[\00+]o-\rH{EsKcp6j\"1!,m6V#1czגx2j-QF@?{ݫwNc>xsW^ w\0s])s3PsHg95=e)ЧjĎ-sC9d=j[sGUUڞHqP*\\gƙl737`:Uy.\'91\rMc,nsU݉njݸ9RII8;iaXHWv!RI\'W9+;H<0¥s4x9sO&q ~[vj\'\njnjv\\\0{TZJ?t8ǵhqRgq&-S%ơR,8UYڳO@e&mG&p8IcYˁS+\Z]J8U&OZp-JE\\TJp@=*L.i4(֠mOnL#9F\Z`\0::dduT݉] |jJؔ=Xɒi*U^sʐm^:cDf`1HZHCsH6ӽgP\\^|Ӱj!zz\0sNlhZEY7qJOZU4/ZC֜94-\0%CL^,Le~d`d߅\"uϥ!$h4 \nM鳸BUֱ|M?Ns`j6<Lݸj)	#J$~S	\'?F%:t\nȦ#ʮG^N5&9<dU8\",\0C@x5vS<\n4æh#M\rx`U<ҥ{8.]x8ᶷ\r%0:}\"\"Ǩ㊭394EMЙ##^8aqP8z	oi1OZ!$u\0cҺhSIrVG@AQ6m]ʱăAQ=6<1c^;z0BBOs^*|ᜬf]:ƭqt\naHtRH3=)o54b9w#SelZ]һds݈Cm tǴ㞵V\'-2?ZK:Ta޵%ąbX\\fAre=8C#\Zи]iCƩB2=3Sݰi8\0\0+MxULs{!ɧHq\nRLz\nͲOZ;:ޤ	Nc\ZH9ϵ(WQL\r-*|FjՎD_Zhb)\nD+ֳrļZbU~X<Brjm*r1⡱uQ\Z]\Z͔*G\"*uPƋL R\"J=fYLq)4PRO\\P\'9[\'uJqM!\\5PdCɫҔJo,9\0zsT8+ҝ)<Ё8^j[qQs@%Vάdd{;jHTªⵋՠ\0\'38\0mpy#ұ.$!\'­\\\'ʲ攱3I	5z	%h@{VSjLej:bzP:4{r(\0A<R=(H9cH1|)`x/KH}mOn,䍏6߹~\Z9:S7\'d汬&wSZ\n`bXysJ1X\Zf3ɧ(enpOwcsH԰C]}I\'5s@$Q+(q*689jPOy2ON^Oo̼W@>WYQZdNd&`|`Nq]Xu}Ɉv4w_f6a^oq,Y)*Ġq\0=j=^miv,(\"I9AM+\Z!q_5O&P	\\,E4i	$4\0댇`qA#Fz.mśL2rF)\\)(ZGӾ7A3eQ79ld[ڒc4xV5ZNif|\n\ZA\0&D^$\'\'Ҵ\r͎>	r}X!欹eI)#j7U(Vcu!dZzնMe-Bj[Wha\0UQֶ\Z;*\'I?ħH̦זFQJE**C\\M>C-\n7/ҐʠwqE1ۊjkf֫#ҋaST\rS74zTrV8=A6)rj<~np;zUE#`+d#Pi/+1?A<\ZlSHNC*94MHͰR^i\\qIN9})h4\0\nC%81u\"S\r1\nibx4z@\nUIҔR(ӐdZ1>-ך@ҩꋷ5+ɼu9}bUEaO7[B|ޢ\rp{\nqu5xkz#,2)RAA &j͢\0isc4\rqL%f$\rK:bczIT4OQd$RZ,${Tk9~F(RAޅд.DP	V5$ldr[ޝ4ŲG*1f<Wʮyxd;j)q=RmWY6(~(iY5d懠[<\0Qs4Kl#HH*#6)2u~cRsUjP5;WFzy(ɨ8aO!\0*|PME9҅1;b\'_ -t\0B+ɦw7^9c,@3ϥ#ri!4׭R5ebQ\rX Z\"#9⪸8^YMg!H<SGZS֤d(22)^TUbkSr٬nCgΩ1\0h|fy4hJ85y0bR+7H\":t5x l`޳.#PGRBw `k@`GN`InPOW׉,3UeDQ*3A`;iӸ9\Zzޘe&n搜QLAEPE/jJ\0U<Jqm\0i\04\nAK\0zu#:A\00T@\"1LD4&G53ƢAhs@'),(14,'GERARDO','RODRIGUEZ','HERNANDEZ','1993-05-10','VILLA GONZALEZ ORTEGA','2017-11-10',NULL),(15,'ALFONSO','CORTEZ','RUELAS','1983-01-01','VILLA GONZALEZ ORTEGA','2017-11-10',NULL),(16,'EDWIN','REYES','HERNANDEZ','1993-05-10','VILLA GONZALEZ ORTEGA','2017-11-10',NULL),(17,'ABELARDO','SIFUENTES','GUZMAN','1980-06-03','VILLA GONZALEZ ORTEGA','2017-11-10',NULL),(18,'ANTONIO','ORNELAS','HERNANDEZ','1989-05-09','VILLA GONZALEZ ORTEGA','2017-11-10',NULL),(19,'ISAAC','ORNELAS','HERNANDEZ','1986-02-03','VILLA GONZALEZ ORTEGA','2017-11-10',NULL),(20,'WILIBALDO','MOTA','DEL CAMPO','1986-04-08','VILLA GONZALEZ ORTEGA','2017-11-10',NULL),(21,'CARLOS ALBERTO','GARCIA','MONTOYA','1983-11-15','VILLA GONZALEZ ORTEGA','2017-11-14','\0JFIF\0\0\0\0\0\0\0C\0		\n\r\Z\Z $.\' \",#(7),01444\'9=82<.342\0C			\r\r2!!22222222222222222222222222222222222222222222222222\0\"\0\0\0\0\0\0\0\0\0\0\0\0	\n\0\0\0\0}\0!1AQa\"q2#BR$3br	\n\Z%&\'()*456789:CDEFGHIJSTUVWXYZcdefghijstuvwxyz\0\0\0\0\0\0\0\0	\n\0\0\0w\0!1AQaq\"2B	#3Rbr\n$4%\Z&\'()*56789:CDEFGHIJSTUVWXYZcdefghijstuvwxyz\0\0\0?\0(Ҏ4\0{ҊCb/iRb0!th[pjTq\"2\rC$%B&r;TqJz\0@FE\0ڜޒ\0\\rONiS@)2iO@9xb4\0rzR}(Rg=\0c!sK:P\0Z^>\0֊)0s@ۊ#~\n\04EN{R OSݐj)Gt2xRd$m)ܑځn?ZL:u+8,~`R0Ԥd{6R94Sɣ4vH:Aϭ <1^)qN8ģ%\0q@58\\BۑWoFhnZBȽN1J4Agr\0Jr6JŦy\0\rvH[Jq3*AȃG#4w?rبR0?Z4\0I>yT]K7fǩ	0)+-.M(3eA5S9ڐn.T j׽^Qp~Pj8NS<ӸjNix (G\0?*u\'^\0qHNzP#\08ZiZwA֊\0hQKI@4v\0Qڊ(:R^iNIoz3ڐ	SGj_7hOZ9hsUf?1O84K)KAJE\'+zS3\0b4?#pjAMr@J=r_\0Ipx)v))q0p\r8bv:@{Ӓx9@ZA_\0x֌{J9@HޟJk9(ɠ\n7uiyNZHI=(n\naQkPӚC(&{ϥJm=FL!}׽C%@`6HX &[oT.SF,+$,?RZ3Gl\0*\Zˑ\0?/ͨOc#ov,ެsL.G\0\0JbO:T#%.\'n3m_ң48,}(H0Zۧl3I%i[UzBsQ\nX}4c4\\9iI`b(\rGnM/j)\08i{ӵV_#Yzey@`$gTC*Q@\r4c;h׊^t\0t=PqڀR\"zϽ7<ӱLcH1Gz;tCHbuN4bȤ)<\Z\0B)8izюP\0zdJN\\V߁Rn\r\Z\0R4\n1ޘGz2@\nF=G< =ii\04$k\"fjޕH>o΀c\0G>h[\rdP{J0E\0\0{\ZPqM8~b9ǭ4إ\\v(\\ҏJ\0Nv=;cڗ搰֣k`~h*ډ1VP@QO?NSZTNJ4\\I;d(ݠ&O2#<3\\֒g1­⻏Jw2@qQtB^e1;m\05%rPՒyڭAؼg8YI1Ym*\"<}fq@E4:f8CsҌuc;zSq`tpONhǿ4_ʌ9cHqKu!y@rGLqO$cn=9iO!\0N3~i{c2bjLg4KoYSvK	q@4RbҊ_jJ\0J\r-&8&zS1@H@7FqJi⁉>c.M\'$R\0IKӾM&1@KOj\0LsڃFzюy4PrUNɫ3&;7HǥsG@)/j3A4P zb\0.9iGN)3J=i\0ix\0@>@\nBtZ㔩\08st40az:$ҝ\rg(Yd.&o,ܣE{pg׊rN\'ѻ(\ngzƣ78PI	GKV~?Jngʆ(\n@sKvA2X`AS5Ĳ]ٳiF ?ĲFRFqce#*1i\n`Lo$\0xz ۊwbY9K\0L4b\n	(8)@\r#Z1NOj\0dREClldzPʃ@QQm=j^\0z\n:9F;\"\0(KڐOҁ	}()@	PB\0϶h(Q\0RM)\0q\0o QsZ/jo?)4S&	楐nB\r@\0GJCϭ/=8APhh4\0PHE-\'J@!Jq&)F0s_ ސqޝڐZ\0m\'|ӈM\0擽!eM7P3@\nHϞN*XU2h֌qGz\0KH\r- G T1B;o5\ZM+H}ǥ\07pf͍qsR}?{;袤Tn\0b*I?JzCy(ϒU}Xbˡ`\'Ǚ9$\0X?{p=5ͤhˌs9G9C,\n,yVM̤cy\n:*n$Rq@Fh\0NIN\0uzhZ\0)ԀQހiqi{\'9)F21@98Rn2(N4(` *#LA@EWF1>J\0cr8{\04w<yrItMf~\r*Aoji2nʠ>r~4.h찀\'\\if$zHʨ.p\0ucu(m!br].m&~6W\\y#?ZQ]Y.|KD8^eG͟ǺNQ$V>ҼgLĞ)pO҅-g=io-u\0{5n2.kQ }+<	jp8\0\0*9`U}\n<Ԡb+KVcIran{95M(M-\r^Fj7C۞1N3X6./pELc5MЫC[ԓؘsR:P1;⫰ڬbaNTZ@)1Oޘ	/@\r9APN)	J\0))*Ŵsސ⓵X\0Y*4TH@){\ZZ,sKv4\0V#2\npfh_Hn$?ŏFǫƀ)<GY)&h ^Ddi|\0@搌-\0TJs*t-ҫch}@Y4gBLO\'HbzL $OPϩDF\n`VE~RŠ{A4X-x5*\Z%hîF]M4t}P(ϥ4sKӭ;9(<H=isހjh❟Z\0Qޙ$aS&\0;^kr;S|P84(jJ\\s@Ki4@Z9Sր斎xNhG^\0(Z^\0ޔE)QIޘ	QF⦤\0A\0	*B@T;b`z\\~!\r!ϜO\'$尛H-bKWV+eҼX-A\Zo-~2{VUަivrA=I?fOsI=Һ!e&\\\\rj\00sQ@!C#e@m#Pf㺆#5\rܻX\\q֚ԙ4za	$ѻ4\\L\Zx3E+.\0bG\\vm+\ZTY\\:&ryC\0t=FKgskE%,B]:\Z$p}kύni.^K?b.smw=t銎`\ngҪhZ,>kwX5[P2R9\0b<:ɫhM=QI,OҚRPv\0a֯2UATXqF׊m.Q+~x\ZG=I?S@I<\\F	M3H\\Tz\0Z܄: 4OTUsHy	KL$M@X2OZi<ҚJ%▓ ␌uJE\0PS:Cڀ&\Z}G/E +F8*⡈|;TRi&wL9Zu*UӸ84N~4=iM\0\Z){\0zPy1JGw\0~Y~?/<qA<qF23\01٧s4z\0sNhh*\">hOA\\1QhezS_j\"ᕥv<Q׊\0_;N\0/z1Fh<\0\\PQZ((\0jVV4vې ~>0\roZ`(<񪊻^KBcW=+SԆi\0V5Q \'e.J$xv=UyqқCQ,w$=ʡ/MCwh	!2GZI}o\0fVzzTL1RODX3I}hX̡2A&3JxP\0	nȨ9OF \"9PSOK_xWX\\\\,?B:Gc_7&3]\'<Suʾma\'ַSV{pnJ U+[o༷l2^sjLV:w␎icHy4N)2h8C@\r#NM;@i1NiyE\06sKjJ\0);P\'sKt\0%C9Mj	\0H465@qtIAN<IN!B2W>N8M\0qQ\"yzN^cڔp \Z\0<ҁ49NN:PΗ֌sҁ\0Z1<\n\\s0sE.?*?Lx}\0)jB(:\\\Z\0QEP:G4P~YE?J8.B\0:\0bkw,#6HD1W>V\">Ƒ#f\0{?\0~*mayR\\}h>En\'azח]s1rų.>xhArr[]VFRՑ\\)ޫӥT\'e$4吟z<U-*,+6U2AFX<D!$d<cbAtQgq8S/SF)8H@8*Gj0q@41FI4\0(ɤ\0=X櫭<Hz\n\0|)iw}VCd֓$0_:[I,NRD!c^Onܤkr+\\r^;>=Y74c\\sI\0J)H\0j/jL{PcC4}0M\07&)psJ\0-\'z\0))hƬsP;p\Z>bpZ\0(iݪ\nF9sI\nQ3J:QQp~tNr\Zpc4`l<]\ZQd|M0$^:QS@KR\\qN\Z1~R\0g\"(ʠ\".=j12})C9a^)})1)<PHdE$C4Uz\"}#b}\0Ȭ#e>n1S>.\0_-\"cۚpFwH1QTg\0?\0(S1]9?Z\021*24s\\\'\\758)ks`g \0]kɼkxni0UUDcvruA&cQ*yw&%I;7ʪNG%#9s%eYE8=~5ӥ(#4dtGMÁyn\0>\0;G1cvsY$lsWbр*цhq̦G=Bt֚+\n3*@z5¯GBvV28At	̖\'\0LK,F}\Zv\0\Z\n9Sf:&Xt\0V|*nb2ڣ*kJ[b\rBt\\,\Zh5i8\n᪮M)W3H. tm1u\0%Mg5uM#b\0 jTqѹi9F:;GNHF:i1(Ǣ\0\ZNjQ#SGP\'hy b19}*o0?*C+}?\n@BQ@M/Ni=N)\ZBEFgۑϭ4pq@qs<]Ҁ)i=+2/&>Pyfހs99<\04$=4(~P\"7EnzZJTyQ۟jzSDOQX&>rJ4\0e#%Qg)PDIU/z\0]h<4S4R{Piǭ6ҀP9h(4uSIS\0@\0@\rv*d3O\\#ܲdױ2#+uvӅ>V21MhiФ+ץg+a	\nc5M6m-P\0*DA\"#`\ZU#g@CԞ)qL<ʅzVF\rsSbe:P̹eXqYGs0kndQyk&hb1*[oJazfgN*\'\'Ա괩Y<ʌX.qjփ\',f4azV|[wQdLcZZVd3o>&1J*ckL.2:*؍X5i!;^5 tP֠R4C@G~I@{zT֗\0ߘSrz\Zqc\03cӂ:fM>dsIPd{E<7\01\n@?\n{~\06ikKȥarqZ\r92Cxcړ}E($yMr8\"cS\r8\n.1?SOQiǦi@&cjdzԫ	#^e`#BGv$B[ҭ.rg8h6Wj4P\0ѭX|iw$Gĭׯu:	U&35ŋH+M.ct򾴠UVhF(N8aOHQKGz.t){sE\0fP=SqQҞ\0Qڌs@0r(4ugH^}Jbx܀fSd5H\'1y=?tS7\"[]&=sx_Z4p$zj$.(b? B ڢhEؓp\0S3zzŀ;iqZ%dFjҁjBޭI51J`WӐߕ\0\0@z)=zQn@ЌTǃU9\"@<yU*7gb**:㎵ܑڬjdE):qXwc]9{sIn)+ӔsZkZEl_/Eׇ!C$D$WpyٳD_w8`}=ҐNLv4jMѶm8-(hI6x#5.mZ`E)1@#j] \"+MۏƦV#.8mϭ8/|fƨfߴ*q[QM>IۨQL94Ɨ5c\r;$zS){q@+:Ӕƣ#4R:	dvAxV\"rz=(᳉cҠwz\\֋pWA] !AzѮbE^;ej5*iZF*qYRTo_s6\rSw%m#5ҽ9.O֡aR!4+\')<ԌQ\\wix\nQҔ)~p\0Rh;(:\\TuJ(这\"<QR\0aGKx0#vSGOiIJ`42)QX@w/E>#$ϚŇ潏M#bN}+X|$t$]\\a }+ dA\0`_jYqF)#L#UTn㊉UzREcFb5oʢ7Y=kKY248鑚$\rdj4j b/j\\,gsR\n%zMXjsOYri)<\00*iIP<.Ar\ZDQsW|&f\0dͲO0M!`F*\\«5ucnA+2)V_YJ:u ju안\\	ZZ3k؉U8	\rX:1޽H.+J(`TGj\\SLCqI~oa@\r!ךM bPc6\n\0U.j6\r\0CF)=ȅD4cN64L.h+\0gHQNҀ18xCQ[8ؘ888$s,-g\':ӣi%~K\0JqӳybMarKL	wR*<҆%<z֠N\rNrS?Q[V:bC=+WQɡ5s-d\0H>hGq(\Zn-jR0M2\Zh73ytJ8}5\'kE:$T$9=	^|]ܚV)cSQ\"M4Ҋ:v?.i;H})Dz\nR)61K1!>4\\F)qLBc;Nz1ހڎc4N#\0`Gnrxd$Oaҽİ?zDeKR\0IШ *X^\'˸nN+P0=rgpv!;\ZAFHfurFX\0{csH5gR\\$5?J	FzN\rXnƲ^x\r\\8Ig\0z0yG˕[?\nUGZ=N\07SRuC)\nZNHl:\"Ai/nR9AK4&Ug9*rɁj,*e=)sX	dR[F# cRFk:HٸNjr[4ԁ30ߵ@l=OD#tiCI`7`Nj<4fSXwn9]9bcC)\\{d,;{VR\rtSc\\Db\\Nڄ|dw] W[LHH\Z{dZl#l詺0SC8y\'9ZF1ʏ%q՘x[9OO;s\rle#w|r@.dgrߥ/jcV:f03r\ZpuAWJv@\\-gڗP8ۊM|(KLs@\\-156)8<PsZN7Ӛ kcڙ\'mx_(S+⫱i^q5/rxiXmӄw,ۭw5XJ{0yEzp*1v.,(5\0l҆:ӕ잴S|i+E]K\rSabޝ95DIU+u@vW.zQ05.hʎ--m-0KP=i@#@F;Ӹ7m.x;ё*`3msRҗS&Hf;I\"8^}qnu+T!滀Ad_Nk)[q3gFE]6\"\0U;k;l\\;KaiE+J8#쫏SKb?\Zd*\\J^U$[}zr~k	J%\Z6J35,*?NM\\y׿?ң8H5IE0iscSsTrF-I֜cVe\0%U݌ST\'8&B*3ZRV4R5AҞ.dWKn3U=j22YO^r\r57>e@6	`ۥЀ܅f\npu~T~Y>`;CRLӖ8_6J@`jp?\Zʸ+;Sl7h/2t5D_+p駨ŗ>h!U\0a! }>Z帽U(8Yx&	q?5m$we]j[JHRm6})_ʹoj2i]pZG=6RxI_oWڦ)I\n\0*fӌb;P{bF;TT:P85!m4BE&*\\Sq@␎:T~#Ю/}6tc^M˲NQyǮ+b3J\"\0{Wκy},D\'\0=:RIɚ&sH&1Wk+r}h\Z{FGZfJq*=@!n׊S3@<?4P=	NixM<1<N%\r<q@3R.hoz6j%</NZplwT$d)<)ڜ3NXd\'ԫk)=NCNZM[H>hW\0,{jU杄fȥc?J[t^TʜcPCYIkT ,=<XHz5b,i<-6N줌}=[!xWl.\0M\0x2	Ol7}%!#\0E0FS՝u%5qnkLĮ}{Vl-Z檛fvɬ4C\"{$r[eҌx0u^BϮ)YrP+nÆS$]\r\raQVg(mk.\0[sZZuo`f_@2q1c9U%m8GoJl̟/˛nw.xlUS%s3ZZ\n$crW5LHʟ8b!{(%L<u8LvIsD}N+^OsA<u#Q2u줆)UwcZ.6=@ȠA%r-FͼqlU$7*]\Z}e浄gR3\n3>Fm-Vjb?srL,B5f\'Ҵ\r㊳e\0aAr)F]<j#9۞3ڴ^dVCVw3-U}B2l\0d֬0Oj:\'\\?ʁ6V,{t8%v{ӣ|\rhޮאOp@hqp\rz`^U/<{5*?x!*i\nLE&ڑmOTeO4bmL@<La/=qNiE\0BÎ?LTn8P22i\ZҚTPX&*MjHŖ(Տp?ʣ	YJpchzt:g:2ƑaLԇ4ݧ=VGO)sWVH GjCWV!/RL.QX\\[i=*(UhHW(Jlv*򨧅)OR4`qP)Dk*BEHH1ޞ#)hTqR*S`.)i@40=iн)Nj@Pa*@?OTSaisNۊ\0oW2Wy\0\0M^AX*Az@:_.zf6.`U)㷯]n>\\Z?c\0y{ʹ9KՍ$_dfHRvj\'ҮslrEV#8&`*	5lƒTe+ G5NXԸبxxU͹bqǁQ-p6clgbYW֒tWߓ]kh=0;t5q*]ޱ\'@kfyːsҦcI_OQlT#ާDl8X8%G.gZM*xjR8DAOc4Zn$܅Aڬ׌Uy~Hɳ%\'l1;.8Ȭ(ˁ2v|ǠBYg^wI?[nW8ZyZ	1KEMa*q&x5Iw#8GOΕ1iR?\ni `JJjF􀉸uKy8>{ʻp#27bTuhGmj˺MFsI<|fg6qF8Tne4sI35Yp<x	#\"\n_7A,r5 \0=Ers&u8Ş\rW)E<Nj]ּjS1ddqItv^/0\0x\0:l@sߊzfv7$	c7#{Eq5D5cA@9:bOR3ML\049.8=E;*JGQ+7<s.sH8MDywnYEVĚD_{P\0!L,lSs*<r;,XfMs|Wրg^1OQҸe\0g|qW_e1}\rh2JjsP pZ\"@\rDw;*8#p#aOظ0zzT~ڱ-JvȧW>\"zl@*yT\\ޤ)NzSz❎(0F:S-0<<nf<%s?z[wH,^\"ٚpp?8U:^[՛\0UFոy\"F&XO!$MnGNjNO<ֱbhzUNN*$Ҫq\\gg5n;u2\Z@^*¢4)\\m;Ao6{VU\Z\0cmѪOCeŲ0\r1$ӧu\'#m5P&2gNZmrALQF|#`sP	=$B}j=r:V)ͭdu ty:FkBxBL\rA>H[<Rn.pj[\ZCx*;OU9tR3be\"eRs})oX,U9{^B[{	y\0du?~rf5%uc@bR(N`iR\ZhQJ9D402)\0*icE@)*Ԋ&gw[.?(}Ya֥@l]|GFJ oYo1<c#b\\iɽqxwVjha\'<V}:i$s^>#Lqfjl\"#OYBɵG5{%c5Vݞbh@Dw]5\rU_J9C.|)ݮDF&?ĜVomTo*8?zZ)=9sh4ؾQ_Ztǂ=Ź+\"=ZumȊA`j Asں_YUJj%_&vxa~BOQʘP^xN7Y9=?JR\rem|X#8\\\0:W	O`˦yg%R9T4T/H{ˆʩ>dgl\0y+/ޕ$qk7]*	\0|9(8QV,ÓDŲ6G8uܵM#AdBfb$隅C?\"1\"u$/ar_ ^Z+W[=<\'4IyFMNj#\n\n5\0Z(r\rp~6mi_g\r>-[QHҮ/\0KNz\n[wVĖ$ִwvD6/!IA!8R;\n}U0\'dTgr?L׈xzζHA~4*\nSҭ\0U_b9/)j@*S\n\\qN\\.F(2<Mi~p9\0^\r!8^~x/j0-չ=tv9$\n+>	6w ڳ5vxH\\qȤ@*B:!?,tRu95dXIm5{0\r[\\ƾ*yS&\\Q&\\SO_%9|vbARQh}&,t]1=zK&O^oGp\n74yQߚgp&c擝kC7jsbly\0PTc6<sZM0{sGRوn0hHiVBkv֨=ҜpIqEɱ.zphiNwdS6C$)YWN3\05u1Ijá[9o.~\ZIDA^+.=/KA@}}O^cA{iylr0?.[J\',_3l(5\n(&)h-iʊXםjia7HW{UV%@qr{ҷ2gR:7clHygk^,\ZcF\\DFeWk*ڋ1]EtFjήo؃(8sj\ZϪ7<)qs&psyu|D:rgpY49\0iu4S@]sjr\0F# \'V$؎UnztSQ}1Ҹ&`0j5izaz(J;`\\*	5\0tkmRfB\0:2*]rAUUeޭ[I	9rΙ,HɉK=izܶSb=E	1.banFGpuzun!n5z_ZrGI#oZI\Z1pMgUjm)ߺm#S[Nߔcw5vԩ8VM81qZ7EQ9⡳DP\0UfakBNUIeser0\nrinGjWҙ+*㌎i\\đBy#ԣj0(!q߭NOJ\'pq~>m\0c?$?(!ڴ8v(\Z\0*xx֦فth([$Pf\'۷ֺ96bd#?$|GىWQL\\ݿ߸b\0BbNw7\0º%wrŢ\'{?Ⱥђe,ч?SFC\\cJ!\0.\0B?XKṪ=C>nm?ַ0A1c9\'A;i	3Fhf((*,\Z2?h,wJ	9%zvv[)\r֟i<.D\Z]xEZdNCr!(Od<\0ZNzX`\03<g$w5RlX-j/7F;w3q09Zp\rE}(ܥ\Z-I)&ҹ5ZqhJˠsŇodyj.)BOJH.H>eȩqT,\'egl \n\0vQ2\\86\03V#cg\':Tw/*:SFjЙRriNisw$k/LSJP^j?5\"XsW8SCiO}nr߭U%yj;DKX[~((|H\07~?8=m\".D*LQEdhQE\0QE0#?:HGRE뼙\'_H׎xO6p»y\0]7fKWG6:Gj1oo\nO9W?uǩ)9X,8m۟^9ԏUx/ԉUzN?v*iRWɖ1댚xNL{׾+;MaW\'ڳqčaS\0%fZY٭zo8 Ur!m=FjE?15Ϛ,FzQ/hA	VXPjk\nvw@,\n}~\'QTg)*SrA#S\"kn*6#sWct4fRIX?$*\"X9i:Yy tD)\Z$0p*R		$ҾJL`T\\0*2wH7ZA3֑H,PӊBanqVc\0`[g&(&\05zl[F=\0,!K56\n9z<.3,Q40TE,z\0:_xɵI\Z:iFƽ/Čx_Re3_=S!-+SgF0F\0=M2<nǥd܂nzbVM#=e\\MGp0=HJ`^<6I+,G\"ZX\0KC:K})d0]w,	vVqQE\nGD!kF\n(Q@Q@Q@ŷ~%2$ۿ&Lf?BG\0	Wٮm\0/hAkh(;uh9QsaZci1\'\"<Qqܭ*8bڠq	U\"2,zKY:bTXNjI:r:juHr6lXW,J(;sU܀h:J\n˒7f\08{}*-W1\0tLTM|g~sL\rO#1O#U93gR+L@Z51\\1ϩZƗp^g?Ugrem\0nW7VQ]%T2ETQE\0QE\0EaILdZ+Vly\0fvw.YkP%À1gȊdd}ܗ&3=*?1)q~zLgsAlw$xMSH͑D812b-ϵ5WԷ5Ds]\0׊=$K \Z<[!sws\0&R0Uڄ]0rvJ\rFripkZ\n\rӚXctC$53qЇ5yGԜ~x݀vrq;dpiRFsJ\r!֛-l,$$:Q LS*go0yՔڕ61%=?+ڴ\\Wx.?3Đ2JK޽8iyu1KQa\0<l+f23;W^3Bn!xie筑./TcZREp;Tض׵3V0q<Z iG>Zt5[t3g _NH47th%]ߙ^jl-W/U#\n(QH((R}F\"0یsZ\rik^Z%-WZa2GyoKs\0,܀}GcV&+~f\']Sj7q8@p*NQQ[Ь͂0N)3n(21޲7DFp*<繧\07myTHSx݁\"t$\0{\ZsxWΚIsiLyIXVMޑ1[	ej0\r\\g-鶭Ɍ8jFo9y6	?|9kY>.&0&p4pQ4vR}irf\Zf<r}A\\8{;%[95lRz|G-ӐiR銆F89pN5w_`9\nJ \r\\f!KW!c#ߊW+ `B*-ț\0~ps\nk毆PFRrGmgݬH%Pø5jn:04ݺ((\0(\0)%aT4(Cbַ@1SZa+Xk0_\'x1y-1}+TFTA\"q:mVEwArMj[)ۉfw&Ĭ:E2i	#Ҙ[P+/ޙ{lIwq@X)\0sMo\n\0dz]Fܑ呚I^H&Wx]|Vi^HbVDOCNaG4F2ן;;t֞+ȡA.8SbYF)8$}i#<Ӹv\\H{\ZCcC7=3RD b!}O<ӓ*2h(ssVl:v3mD1^d1\Z򿇑q{61P=+խF#רHg	c<8\0\nMaCŀzZ\0wcoi$ qӭuQY5J\'\'X\nWB1gמ+@n*fe3\rНҒݲ;Hy!0zoB3]|C=Zt#	Dl\'?&_ַPQ{6Udy`.>\nPi34Νm\ZUPzA0(\0(\0nn2Q\0kxL{H2\"OURk~O6x*.z2UCNk?4=]l$^_?yo],-[h	zז\\jf$稨RYXgӧ1nr\0PYs1b:IGώES6ndc]YGCHGЏfCn9Y1-.&_r8?Gsw\neY`\0὇9\'ޚֳb!$tCAZ7C\\Ea֥WDKrqEO Uҙ3HԂÜ`ڢ zӞLCRP[?!\'jBz6WA+98يҬs3#zfV<ҟ;{w5aU#waߊ4 [m1ҧ\0\0\Zs)f&$8:W=)\\D:0KP^j`&fk3d$c+V<9PpJG5tFrܱmt0*C^}gr،O\rxf0x5rp˂}	U\\ٜiGt}=)k\rl-o#HO7y\rsW@L76+a枚\Z{zU>d5#5PqOO~=ڊ9N?a+Jƞ8X\'џot<_Sz)0H!2Gs>%i˨KlHg{יɣG$=AX`w^R5T9>&.i_SXof=sZZ7<</>ITܹ)w~5lq8LY#50s0xs)g88i3~V\"UW[Ns^zKPm\\x	^HROMxo<ʴ*bAFG`T~U&@EӚwDSS ~PO^I[uCÎ\r4\0OjxC\\)Ӏ)6R $sRv}*,q	SeXH񻡫7QNx}*сgt^>X={tl?AGҽ;ds\0J%#.Gi:l?C_4kDbM	;C[ѻMOtfjm@kgݴ;]>Ro\Zp;5gLzG\0;nk<OqCau]l =:~UF kd0Ui@Эn\Z!i\nЙNzᘜv/6(SVw4W\'uöȷLGN?\\V|M)?`Z{9ǹT77Vqnf$\0(>\'jW3@fKWL]O$H܇Ut5> xꚤe\"\"\\t__^C}teURF,]k~_kMF<|̞\'l\0xUQ\\pU3Ok>H?(vIc\0s?(=>s},#iʤqjZt%TJ(L(OAV-HH\01IZegdU47Z禜u0sZk0eʰ>⸪NoBHp;R\0T:ɬM-8SÓfI(4 u皂@X~ic.8^&W)6\Z`WLg5Rx@24$a%|Us]#ZJ*rjm1N>9ن8{qDs>BI7SZ-$0$pqˉ*꺈ӚmX{$泯v6pXmn9#4SSJ*Mث-K4xȭ̄hA Z\0\r*O㽕Üy׭JNiKf$q#dqTA7dUY]z§QxH!?Zd\'gKY{y{~\"h#DHh%lz#mդp\'>xTV:0J@;ӧW\Z\\Āc\0Z[	,YJr1-$]XhRg9Fs2UfAxk9Puiycg=Np\Z6yWך҄ iP1P	Ig+s铊kH3	bzv\\MH*24x3c}0eVUh^	^;9JB~31I\"\'b˻^hHin.$8Ja`qN=ygbCsלPyi3BjMy4oJrg\01C\0À;\Z$9`1Ҟ=HlBy>\0@MOHҭ@v5:w0/N)+U\'x.+@OֻH+yzEN+yl|h\'\ZYYrHW[y[75W`q§CI|	vl`x\n{[_x`12qǯZ]&ȿrqֽ3ZE@**I ;2@5X52>ċq֨\\ƪ`E<..x\'hPwz\0ZtI egʃ_ֹ;\0\\_i\\幬.UWҨvI ֺ!e+؏PVrT19X7FXvs!ySܘ\"0q5nW#q>;`QEWG\\*,=UDB \0JñNL9C(9K4Lb{1XWfhNd,O?O	=jdCHd,yLMiGmTpj&)q$Kdp*7;\'oaTTW#$[ȩ*1gJ-G֙?$e;\\\Zh.↓@sNv;OsmqZMN*X&(pyYR)JάHYsַڵv}ԛUYl/Tnrx 0aQKddϵ4s<S|@H,VIy9j$8<wX9qO5$$3Rv\r֮,5KsV@މ	1[FSԓ9g\'=j*\"d(RD*a3TIȤ+ShAN\nzr\0<Tx%i~e&TT{敗)<\Zz\"8ǥ*GBhL`K	IwR4aePq!9	V9ay3<1{5jnFʠq֗短c\0t	\0zVw!-J5v\'w&&9LgiJcH^߮jĭU{~FjI	hr?yL~b	B҅\0/Ck@MiUڙ&oSLf5α6zj<gL4L-#\'drsC(DYSPC\nڛ @F[q	\n@]K ?Z\"=qZ}+K+l>o\r6X .?*Bq5vFt\0ZaZ1AF0s\\VMs۬\nZMGWC;\rZ={)?Ҽ1d4Ű~T*lWE*Szg8˗Z1kQ/kQ6G(91\0<sXr\\Iwgry?r;/\"03tis6Mw|	o)7Y* ́j?$Y$qUwxyf t n[tL\ZF#Te,	_ʠ,O<Ӷ/=\\H@:si]`I8psW$Fp@>\\cZ}WSo6I>zsZXj#ԖL5<iVne@<18B-9BsUSV$8s>S%tGpy ҨsVсeݻ?&\Z8be=EWVr̅iBsȬYH)M\\ W+Ȫy&6$	rT)a;\\WdvsY^*d&S4^p\0$~jKb_h25I$|r>Irj,j\0.y<[6*$ԮzI!ӛ62jhy☆i\0 M	o c1OFsL܃CM=:Q\0zi841%ԂLy`l1=44lpzT	IpҤ\rǭWV*qڤu4)Rn9\"!=^\'k8V,ѷv]X?\ZqX!#RB>O«޾^JZLJ$ 7l[~\'̽ޱ]wkESqQO\019Hq\n9r88n\n#?Z\0H#i	$ԁ*ːs1{bNd~U7\0RW-@Jd.OĸkgO[dǖN1DڊvVRU.ft|OvzMTE=\0\n5e^Wp,\ZŘ`W\\oҙ[^.՘d1Z?/\\W?}׻B^\"vz}Ac$Җ#$=Oҳg%\0:Ey$\'\'> F	<tda;37~P]XR4E\\`sIHp	=:^x|vSaqҒ}FATQҠݹ>y>b1@7w5,\0Ue?8=hr@5ԙJ-X8[|TܬJ gUSQ4ךPqzAր\'R*SH~U|⩈Ԉ߹3f[H0\0>E`ÜUYhE_Ҩ5jɖ(\"(osf-bH*ٶN;zVҐ1ڒAʙcqRjѾV]ƃoUscziV>ֱqޏD?9YlsR0+U1&=E1@㧥Um4lp*F9=:CW@PzT2`U	7ZJS֒jH\Z&3Os`cL=jf^3Q\Z`*4rzt\"iB\'|R\0V3t{3P5	i<dsJd)R)\"}ǽ!StA<?T*㎴(1ҝ[jF2A#^Dy\0N).Uby+4kp׊ΙUV@CztZ>ȩsQN j0@={R$cD~K8\Z>Y`&\n$8(v*\ZEiZڔ.xǽ*,R-*z\Z_Ǒm\\-匰*{7)~ &\n:vֳc{8Km;\07baY<^CQr򠸹y_֡\nTfG\0\ZsmY6ZLt{+c9TS-ҫE1֛#ƕĨqƢRy&~XҸzԷ/zm;8G!r94ֈiJ\')mMC+bh*73Q\\6&ߨelvRD>qhFZnQ4檬9zJ&n#QMSR8Pɤ=>@3(ϭ$b	֯,<N\\͒;U	Mv:[#@J9Hgݴg\'XX֦&lp;!ؤҌn*j,A`k9);*OjAc{T#|f1sMտ=)~ρ\r2#M,FsW) QF1Vz/QL.ScDW#&x6MO,xV9D){/z3E 	?3ӣ{R@\Z?zjh>i)7Z\0r5#@pid$0\Zh58\0Tj%I*c4`%1[\0*x\0Tj=cW#0iSg82zaZ)jo+KVµfK]b?J~iwNs\"w4G,q\rH0$	}<SٱHv\')4u\\R3ӽ!X%\0sJ	lI\\͵$fw\0 ñ]BʫkA\06Tp9=+o`1:b{i/#*QWf|QMuo\n?U+#ơHH.L׿J\nQG\'wrC Un3\"QO.Iւ\"\r\n99)בQq^*TW$MX1\'T\'xSN,MJS&=i7X,j3NMC<MWӈh@=iz{ӗ1V!D|S\\T$~04K¯w|cttT%UHUYq\"ZV;*d\Z@K4~	>SGjOZtJϜdԑܿz\0tR޴ |VFtW iRhiی䊴t/Z6Z\\u8tdfn1	^G$;J\'NǥBҨ\\I\np&^Fv5QW%\r|Km-=iwlGZRx6\'^0h|œ\ZUS,LJqL1Hi)qH\0T4R\Z\0^}\ZJ\0G,C*j#	**ՊGi	0I1HDc$dS`q\\\'RH\"xp>>H.B\0W<fb3p.{;s4zUu;ts#r93gsXXЗy݃NS뚋??JL<:\"jTb	$\n4Xq:ib2sBW\rX-\0.i%cjYk٘ǥTdשȏ7WV[$#qӰfіBǟJ{uunTF\"\\5X&\'Ҥ1Q\r,g#,3~qPAQ/ޠ,1\09] ɫb$Bj3jɎ?Zf5jL`:L8\0sy&$dR*PQҡXʃ#\r8 \0:\nNI&	4QJ+2-kyCbqOio5^\Z\0Ji|O TgLn+Z_@s4sqM\\\\uB\0JõG}kR;`HgV5bV#O$隍!c=T.\'u-Gֱn\'	JnsJdl怵F-J)@i)A֔i)s4\0%)PS)vn	@-OJ\0eHGޜPOa@\0uQ67\Z|D<Q{}4S~Tbc)׽I(j#P~5$`Q2moGŰ+|>ҽ!9^Gy7rS[Jf眎M9GZ\0k	j\0.@v✬H#5Eg֚Eޤv%p*F\'fG\0۔K\0r\rgAC,q5feV:Yҿ\\Mk.T.vǁO33?J4ѹGniI!sQ\"8\'HHN8S40,9D)BO ,Huy4\\~P*!֥p*4fN^z2¦G-Jܹ,\0zxCQ75]3Oި:U:J49\0xqT@4ޞÚTBAc\"RJHƚsJ\0(GJp!4qqFi\0i[_l t:8Ɲ+HS9=+8SMr̘G):c.<\'ުGd|M.i(!h\0ZJ(=(% )W0E/zQ@\rCM\r9FhJG4%n@\"5(FhJQ@)!M6>\ZHpTtjf[><\'F9;+ɱ@srjTB9'),(22,'NOMBRE_0','PATERNO_0','Materno_0','2017-11-14','VILLA GONZALEZ ORTEGA','2017-11-14',NULL),(23,'NOMBRE_1','PATERNO_1','Materno_1','2017-11-14','VILLA GONZALEZ ORTEGA','2017-11-14',NULL),(24,'NOMBRE_2','PATERNO_2','Materno_2','2017-11-14','VILLA GONZALEZ ORTEGA','2017-11-14',NULL),(25,'NOMBRE_3','PATERNO_3','Materno_3','2017-11-14','VILLA GONZALEZ ORTEGA','2017-11-14',NULL),(26,'NOMBRE_4','PATERNO_4','Materno_4','2017-11-14','VILLA GONZALEZ ORTEGA','2017-11-14',NULL),(27,'NOMBRE_5','PATERNO_5','Materno_5','2017-11-14','VILLA GONZALEZ ORTEGA','2017-11-14',NULL),(28,'NOMBRE_6','PATERNO_6','Materno_6','2017-11-14','VILLA GONZALEZ ORTEGA','2017-11-14',NULL),(29,'NOMBRE_7','PATERNO_7','Materno_7','2017-11-14','VILLA GONZALEZ ORTEGA','2017-11-14',NULL),(30,'NOMBRE_8','PATERNO_8','Materno_8','2017-11-14','VILLA GONZALEZ ORTEGA','2017-11-14',NULL),(31,'NOMBRE_9','PATERNO_9','Materno_9','2017-11-14','VILLA GONZALEZ ORTEGA','2017-11-14',NULL),(32,'NOMBRE_10','PATERNO_10','Materno_10','2017-11-14','VILLA GONZALEZ ORTEGA','2017-11-14',NULL),(33,'NOMBRE_11','PATERNO_11','Materno_11','2017-11-14','VILLA GONZALEZ ORTEGA','2017-11-14',NULL),(34,'NOMBRE_12','PATERNO_12','Materno_12','2017-11-14','VILLA GONZALEZ ORTEGA','2017-11-14',NULL),(35,'NOMBRE_13','PATERNO_13','Materno_13','2017-11-14','VILLA GONZALEZ ORTEGA','2017-11-14',NULL),(36,'NOMBRE_14','PATERNO_14','Materno_14','2017-11-14','VILLA GONZALEZ ORTEGA','2017-11-14',NULL),(37,'NOMBRE_15','PATERNO_15','Materno_15','2017-11-14','VILLA GONZALEZ ORTEGA','2017-11-14',NULL),(38,'NOMBRE_16','PATERNO_16','Materno_16','2017-11-14','VILLA GONZALEZ ORTEGA','2017-11-14',NULL),(39,'NOMBRE_17','PATERNO_17','Materno_17','2017-11-14','VILLA GONZALEZ ORTEGA','2017-11-14',NULL),(40,'NOMBRE_18','PATERNO_18','Materno_18','2017-11-14','VILLA GONZALEZ ORTEGA','2017-11-14',NULL),(41,'NOMBRE_19','PATERNO_19','Materno_19','2017-11-14','VILLA GONZALEZ ORTEGA','2017-11-14',NULL),(42,'NOMBRE_20','PATERNO_20','Materno_20','2017-11-14','VILLA GONZALEZ ORTEGA','2017-11-14',NULL),(43,'NOMBRE_21','PATERNO_21','Materno_21','2017-11-14','VILLA GONZALEZ ORTEGA','2017-11-14',NULL),(44,'NOMBRE_22','PATERNO_22','Materno_22','2017-11-14','VILLA GONZALEZ ORTEGA','2017-11-14',NULL),(45,'NOMBRE_23','PATERNO_23','Materno_23','2017-11-14','VILLA GONZALEZ ORTEGA','2017-11-14',NULL),(46,'NOMBRE_24','PATERNO_24','Materno_24','2017-11-14','VILLA GONZALEZ ORTEGA','2017-11-14',NULL),(47,'NOMBRE_25','PATERNO_25','Materno_25','2017-11-14','VILLA GONZALEZ ORTEGA','2017-11-14',NULL),(48,'NOMBRE_26','PATERNO_26','Materno_26','2017-11-14','VILLA GONZALEZ ORTEGA','2017-11-14',NULL),(49,'NOMBRE_27','PATERNO_27','Materno_27','2017-11-14','VILLA GONZALEZ ORTEGA','2017-11-14',NULL),(50,'NOMBRE_28','PATERNO_28','Materno_28','2017-11-14','VILLA GONZALEZ ORTEGA','2017-11-14',NULL),(51,'NOMBRE_29','PATERNO_29','Materno_29','2017-11-14','VILLA GONZALEZ ORTEGA','2017-11-14',NULL),(52,'NOMBRE_30','PATERNO_30','Materno_30','2017-11-14','VILLA GONZALEZ ORTEGA','2017-11-14',NULL),(53,'NOMBRE_31','PATERNO_31','Materno_31','2017-11-14','VILLA GONZALEZ ORTEGA','2017-11-14',NULL),(54,'NOMBRE_32','PATERNO_32','Materno_32','2017-11-14','VILLA GONZALEZ ORTEGA','2017-11-14',NULL),(55,'NOMBRE_33','PATERNO_33','Materno_33','2017-11-14','VILLA GONZALEZ ORTEGA','2017-11-14',NULL),(56,'NOMBRE_34','PATERNO_34','Materno_34','2017-11-14','VILLA GONZALEZ ORTEGA','2017-11-14',NULL),(57,'NOMBRE_35','PATERNO_35','Materno_35','2017-11-14','VILLA GONZALEZ ORTEGA','2017-11-14',NULL),(58,'NOMBRE_36','PATERNO_36','Materno_36','2017-11-14','VILLA GONZALEZ ORTEGA','2017-11-14',NULL),(59,'NOMBRE_37','PATERNO_37','Materno_37','2017-11-14','VILLA GONZALEZ ORTEGA','2017-11-14',NULL),(60,'NOMBRE_38','PATERNO_38','Materno_38','2017-11-14','VILLA GONZALEZ ORTEGA','2017-11-14',NULL),(61,'NOMBRE_39','PATERNO_39','Materno_39','2017-11-14','VILLA GONZALEZ ORTEGA','2017-11-14',NULL),(62,'NOMBRE_40','PATERNO_40','Materno_40','2017-11-14','VILLA GONZALEZ ORTEGA','2017-11-14',NULL),(63,'NOMBRE_41','PATERNO_41','Materno_41','2017-11-14','VILLA GONZALEZ ORTEGA','2017-11-14',NULL),(64,'NOMBRE_42','PATERNO_42','Materno_42','2017-11-14','VILLA GONZALEZ ORTEGA','2017-11-14',NULL),(65,'NOMBRE_43','PATERNO_43','Materno_43','2017-11-14','VILLA GONZALEZ ORTEGA','2017-11-14',NULL),(66,'NOMBRE_44','PATERNO_44','Materno_44','2017-11-14','VILLA GONZALEZ ORTEGA','2017-11-14',NULL),(67,'NOMBRE_45','PATERNO_45','Materno_45','2017-11-14','VILLA GONZALEZ ORTEGA','2017-11-14',NULL),(68,'NOMBRE_46','PATERNO_46','Materno_46','2017-11-14','VILLA GONZALEZ ORTEGA','2017-11-14',NULL),(69,'NOMBRE_47','PATERNO_47','Materno_47','2017-11-14','VILLA GONZALEZ ORTEGA','2017-11-14',NULL),(70,'NOMBRE_48','PATERNO_48','Materno_48','2017-11-14','VILLA GONZALEZ ORTEGA','2017-11-14',NULL),(71,'NOMBRE_49','PATERNO_49','Materno_49','2017-11-14','VILLA GONZALEZ ORTEGA','2017-11-14',NULL),(72,'NOMBRE_50','PATERNO_50','Materno_50','2017-11-14','VILLA GONZALEZ ORTEGA','2017-11-14',NULL),(73,'NOMBRE_51','PATERNO_51','Materno_51','2017-11-14','VILLA GONZALEZ ORTEGA','2017-11-14',NULL),(74,'NOMBRE_52','PATERNO_52','Materno_52','2017-11-14','VILLA GONZALEZ ORTEGA','2017-11-14',NULL),(75,'NOMBRE_53','PATERNO_53','Materno_53','2017-11-14','VILLA GONZALEZ ORTEGA','2017-11-14',NULL),(76,'NOMBRE_54','PATERNO_54','Materno_54','2017-11-14','VILLA GONZALEZ ORTEGA','2017-11-14',NULL),(77,'NOMBRE_55','PATERNO_55','Materno_55','2017-11-14','VILLA GONZALEZ ORTEGA','2017-11-14',NULL),(78,'NOMBRE_56','PATERNO_56','Materno_56','2017-11-14','VILLA GONZALEZ ORTEGA','2017-11-14',NULL),(79,'NOMBRE_57','PATERNO_57','Materno_57','2017-11-14','VILLA GONZALEZ ORTEGA','2017-11-14',NULL),(80,'NOMBRE_58','PATERNO_58','Materno_58','2017-11-14','VILLA GONZALEZ ORTEGA','2017-11-14',NULL),(81,'NOMBRE_59','PATERNO_59','Materno_59','2017-11-14','VILLA GONZALEZ ORTEGA','2017-11-14',NULL),(82,'NOMBRE_60','PATERNO_60','Materno_60','2017-11-14','VILLA GONZALEZ ORTEGA','2017-11-14',NULL),(83,'NOMBRE_61','PATERNO_61','Materno_61','2017-11-14','VILLA GONZALEZ ORTEGA','2017-11-14',NULL),(84,'NOMBRE_62','PATERNO_62','Materno_62','2017-11-14','VILLA GONZALEZ ORTEGA','2017-11-14',NULL),(85,'NOMBRE_63','PATERNO_63','Materno_63','2017-11-14','VILLA GONZALEZ ORTEGA','2017-11-14',NULL),(86,'NOMBRE_64','PATERNO_64','Materno_64','2017-11-14','VILLA GONZALEZ ORTEGA','2017-11-14',NULL),(87,'NOMBRE_65','PATERNO_65','Materno_65','2017-11-14','VILLA GONZALEZ ORTEGA','2017-11-14',NULL),(88,'NOMBRE_66','PATERNO_66','Materno_66','2017-11-14','VILLA GONZALEZ ORTEGA','2017-11-14',NULL),(89,'NOMBRE_67','PATERNO_67','Materno_67','2017-11-14','VILLA GONZALEZ ORTEGA','2017-11-14',NULL),(90,'NOMBRE_68','PATERNO_68','Materno_68','2017-11-14','VILLA GONZALEZ ORTEGA','2017-11-14',NULL),(91,'NOMBRE_69','PATERNO_69','Materno_69','2017-11-14','VILLA GONZALEZ ORTEGA','2017-11-14',NULL),(92,'NOMBRE_70','PATERNO_70','Materno_70','2017-11-14','VILLA GONZALEZ ORTEGA','2017-11-14',NULL),(93,'NOMBRE_71','PATERNO_71','Materno_71','2017-11-14','VILLA GONZALEZ ORTEGA','2017-11-14',NULL),(94,'NOMBRE_72','PATERNO_72','Materno_72','2017-11-14','VILLA GONZALEZ ORTEGA','2017-11-14',NULL),(95,'NOMBRE_73','PATERNO_73','Materno_73','2017-11-14','VILLA GONZALEZ ORTEGA','2017-11-14',NULL),(96,'NOMBRE_74','PATERNO_74','Materno_74','2017-11-14','VILLA GONZALEZ ORTEGA','2017-11-14',NULL),(97,'NOMBRE_75','PATERNO_75','Materno_75','2017-11-14','VILLA GONZALEZ ORTEGA','2017-11-14',NULL),(98,'NOMBRE_76','PATERNO_76','Materno_76','2017-11-14','VILLA GONZALEZ ORTEGA','2017-11-14',NULL),(99,'NOMBRE_77','PATERNO_77','Materno_77','2017-11-14','VILLA GONZALEZ ORTEGA','2017-11-14',NULL),(100,'NOMBRE_78','PATERNO_78','Materno_78','2017-11-14','VILLA GONZALEZ ORTEGA','2017-11-14',NULL),(101,'NOMBRE_79','PATERNO_79','Materno_79','2017-11-14','VILLA GONZALEZ ORTEGA','2017-11-14',NULL),(102,'NOMBRE_80','PATERNO_80','Materno_80','2017-11-14','VILLA GONZALEZ ORTEGA','2017-11-14',NULL),(103,'NOMBRE_81','PATERNO_81','Materno_81','2017-11-14','VILLA GONZALEZ ORTEGA','2017-11-14',NULL),(104,'NOMBRE_82','PATERNO_82','Materno_82','2017-11-14','VILLA GONZALEZ ORTEGA','2017-11-14',NULL),(105,'NOMBRE_83','PATERNO_83','Materno_83','2017-11-14','VILLA GONZALEZ ORTEGA','2017-11-14',NULL),(106,'NOMBRE_84','PATERNO_84','Materno_84','2017-11-14','VILLA GONZALEZ ORTEGA','2017-11-14',NULL),(107,'NOMBRE_85','PATERNO_85','Materno_85','2017-11-14','VILLA GONZALEZ ORTEGA','2017-11-14',NULL),(108,'NOMBRE_86','PATERNO_86','Materno_86','2017-11-14','VILLA GONZALEZ ORTEGA','2017-11-14',NULL),(109,'NOMBRE_87','PATERNO_87','Materno_87','2017-11-14','VILLA GONZALEZ ORTEGA','2017-11-14',NULL),(110,'NOMBRE_88','PATERNO_88','Materno_88','2017-11-14','VILLA GONZALEZ ORTEGA','2017-11-14',NULL),(111,'NOMBRE_89','PATERNO_89','Materno_89','2017-11-14','VILLA GONZALEZ ORTEGA','2017-11-14',NULL),(112,'NOMBRE_90','PATERNO_90','Materno_90','2017-11-14','VILLA GONZALEZ ORTEGA','2017-11-14',NULL),(113,'NOMBRE_91','PATERNO_91','Materno_91','2017-11-14','VILLA GONZALEZ ORTEGA','2017-11-14',NULL),(114,'NOMBRE_92','PATERNO_92','Materno_92','2017-11-14','VILLA GONZALEZ ORTEGA','2017-11-14',NULL),(115,'NOMBRE_93','PATERNO_93','Materno_93','2017-11-14','VILLA GONZALEZ ORTEGA','2017-11-14',NULL),(116,'NOMBRE_94','PATERNO_94','Materno_94','2017-11-14','VILLA GONZALEZ ORTEGA','2017-11-14',NULL),(117,'NOMBRE_95','PATERNO_95','Materno_95','2017-11-14','VILLA GONZALEZ ORTEGA','2017-11-14',NULL),(118,'NOMBRE_96','PATERNO_96','Materno_96','2017-11-14','VILLA GONZALEZ ORTEGA','2017-11-14',NULL),(119,'NOMBRE_97','PATERNO_97','Materno_97','2017-11-14','VILLA GONZALEZ ORTEGA','2017-11-14',NULL),(120,'NOMBRE_98','PATERNO_98','Materno_98','2017-11-14','VILLA GONZALEZ ORTEGA','2017-11-14',NULL),(121,'NOMBRE_99','PATERNO_99','Materno_99','2017-11-14','VILLA GONZALEZ ORTEGA','2017-11-14',NULL),(122,'NOMBRE_100','PATERNO_100','Materno_100','2017-11-14','VILLA GONZALEZ ORTEGA','2017-11-14',NULL),(123,'NOMBRE_101','PATERNO_101','Materno_101','2017-11-14','VILLA GONZALEZ ORTEGA','2017-11-14',NULL),(124,'NOMBRE_102','PATERNO_102','Materno_102','2017-11-14','VILLA GONZALEZ ORTEGA','2017-11-14',NULL),(125,'NOMBRE_103','PATERNO_103','Materno_103','2017-11-14','VILLA GONZALEZ ORTEGA','2017-11-14',NULL),(126,'NOMBRE_104','PATERNO_104','Materno_104','2017-11-14','VILLA GONZALEZ ORTEGA','2017-11-14',NULL),(127,'NOMBRE_105','PATERNO_105','Materno_105','2017-11-14','VILLA GONZALEZ ORTEGA','2017-11-14',NULL),(128,'NOMBRE_106','PATERNO_106','Materno_106','2017-11-14','VILLA GONZALEZ ORTEGA','2017-11-14',NULL),(129,'NOMBRE_107','PATERNO_107','Materno_107','2017-11-14','VILLA GONZALEZ ORTEGA','2017-11-14',NULL),(130,'NOMBRE_108','PATERNO_108','Materno_108','2017-11-14','VILLA GONZALEZ ORTEGA','2017-11-14',NULL),(131,'NOMBRE_109','PATERNO_109','Materno_109','2017-11-14','VILLA GONZALEZ ORTEGA','2017-11-14',NULL),(132,'NOMBRE_110','PATERNO_110','Materno_110','2017-11-14','VILLA GONZALEZ ORTEGA','2017-11-14',NULL),(133,'NOMBRE_111','PATERNO_111','Materno_111','2017-11-14','VILLA GONZALEZ ORTEGA','2017-11-14',NULL),(134,'NOMBRE_112','PATERNO_112','Materno_112','2017-11-14','VILLA GONZALEZ ORTEGA','2017-11-14',NULL),(135,'NOMBRE_113','PATERNO_113','Materno_113','2017-11-14','VILLA GONZALEZ ORTEGA','2017-11-14',NULL),(136,'NOMBRE_114','PATERNO_114','Materno_114','2017-11-14','VILLA GONZALEZ ORTEGA','2017-11-14',NULL),(137,'NOMBRE_115','PATERNO_115','Materno_115','2017-11-14','VILLA GONZALEZ ORTEGA','2017-11-14',NULL),(138,'NOMBRE_116','PATERNO_116','Materno_116','2017-11-14','VILLA GONZALEZ ORTEGA','2017-11-14',NULL),(139,'NOMBRE_117','PATERNO_117','Materno_117','2017-11-14','VILLA GONZALEZ ORTEGA','2017-11-14',NULL),(140,'NOMBRE_118','PATERNO_118','Materno_118','2017-11-14','VILLA GONZALEZ ORTEGA','2017-11-14',NULL),(141,'NOMBRE_119','PATERNO_119','Materno_119','2017-11-14','VILLA GONZALEZ ORTEGA','2017-11-14',NULL),(142,'NOMBRE_120','PATERNO_120','Materno_120','2017-11-14','VILLA GONZALEZ ORTEGA','2017-11-14',NULL),(143,'NOMBRE_121','PATERNO_121','Materno_121','2017-11-14','VILLA GONZALEZ ORTEGA','2017-11-14',NULL),(144,'NOMBRE_122','PATERNO_122','Materno_122','2017-11-14','VILLA GONZALEZ ORTEGA','2017-11-14',NULL),(145,'NOMBRE_123','PATERNO_123','Materno_123','2017-11-14','VILLA GONZALEZ ORTEGA','2017-11-14',NULL),(146,'NOMBRE_124','PATERNO_124','Materno_124','2017-11-14','VILLA GONZALEZ ORTEGA','2017-11-14',NULL),(147,'NOMBRE_125','PATERNO_125','Materno_125','2017-11-14','VILLA GONZALEZ ORTEGA','2017-11-14',NULL),(148,'NOMBRE_126','PATERNO_126','Materno_126','2017-11-14','VILLA GONZALEZ ORTEGA','2017-11-14',NULL),(149,'NOMBRE_127','PATERNO_127','Materno_127','2017-11-14','VILLA GONZALEZ ORTEGA','2017-11-14',NULL),(150,'NOMBRE_128','PATERNO_128','Materno_128','2017-11-14','VILLA GONZALEZ ORTEGA','2017-11-14',NULL),(151,'NOMBRE_129','PATERNO_129','Materno_129','2017-11-14','VILLA GONZALEZ ORTEGA','2017-11-14',NULL),(152,'NOMBRE_130','PATERNO_130','Materno_130','2017-11-14','VILLA GONZALEZ ORTEGA','2017-11-14',NULL),(153,'NOMBRE_131','PATERNO_131','Materno_131','2017-11-14','VILLA GONZALEZ ORTEGA','2017-11-14',NULL),(154,'NOMBRE_132','PATERNO_132','Materno_132','2017-11-14','VILLA GONZALEZ ORTEGA','2017-11-14',NULL),(155,'NOMBRE_133','PATERNO_133','Materno_133','2017-11-14','VILLA GONZALEZ ORTEGA','2017-11-14',NULL),(156,'NOMBRE_134','PATERNO_134','Materno_134','2017-11-14','VILLA GONZALEZ ORTEGA','2017-11-14',NULL),(157,'NOMBRE_135','PATERNO_135','Materno_135','2017-11-14','VILLA GONZALEZ ORTEGA','2017-11-14',NULL),(158,'NOMBRE_136','PATERNO_136','Materno_136','2017-11-14','VILLA GONZALEZ ORTEGA','2017-11-14',NULL),(159,'NOMBRE_137','PATERNO_137','Materno_137','2017-11-14','VILLA GONZALEZ ORTEGA','2017-11-14',NULL),(160,'NOMBRE_138','PATERNO_138','Materno_138','2017-11-14','VILLA GONZALEZ ORTEGA','2017-11-14',NULL),(161,'NOMBRE_139','PATERNO_139','Materno_139','2017-11-14','VILLA GONZALEZ ORTEGA','2017-11-14',NULL),(162,'NOMBRE_140','PATERNO_140','Materno_140','2017-11-14','VILLA GONZALEZ ORTEGA','2017-11-14',NULL),(163,'NOMBRE_141','PATERNO_141','Materno_141','2017-11-14','VILLA GONZALEZ ORTEGA','2017-11-14',NULL),(164,'NOMBRE_142','PATERNO_142','Materno_142','2017-11-14','VILLA GONZALEZ ORTEGA','2017-11-14',NULL),(165,'NOMBRE_143','PATERNO_143','Materno_143','2017-11-14','VILLA GONZALEZ ORTEGA','2017-11-14',NULL),(166,'NOMBRE_144','PATERNO_144','Materno_144','2017-11-14','VILLA GONZALEZ ORTEGA','2017-11-14',NULL),(167,'NOMBRE_145','PATERNO_145','Materno_145','2017-11-14','VILLA GONZALEZ ORTEGA','2017-11-14',NULL),(168,'NOMBRE_146','PATERNO_146','Materno_146','2017-11-14','VILLA GONZALEZ ORTEGA','2017-11-14',NULL),(169,'NOMBRE_147','PATERNO_147','Materno_147','2017-11-14','VILLA GONZALEZ ORTEGA','2017-11-14',NULL),(170,'NOMBRE_148','PATERNO_148','Materno_148','2017-11-14','VILLA GONZALEZ ORTEGA','2017-11-14',NULL),(171,'NOMBRE_149','PATERNO_149','Materno_149','2017-11-14','VILLA GONZALEZ ORTEGA','2017-11-14',NULL);
/*!40000 ALTER TABLE `jugadores` ENABLE KEYS */;
UNLOCK TABLES;

--
-- Table structure for table `reglamento`
--

DROP TABLE IF EXISTS `reglamento`;
/*!40101 SET @saved_cs_client     = @@character_set_client */;
/*!40101 SET character_set_client = utf8 */;
CREATE TABLE `reglamento` (
  `clave` varchar(5) NOT NULL,
  `descripcion` varchar(150) NOT NULL,
  `sancion_juegos` int(11) DEFAULT NULL,
  `sancion_economica` float DEFAULT NULL,
  PRIMARY KEY (`clave`),
  UNIQUE KEY `clave_UNIQUE` (`clave`)
) ENGINE=InnoDB DEFAULT CHARSET=utf8;
/*!40101 SET character_set_client = @saved_cs_client */;

--
-- Dumping data for table `reglamento`
--

LOCK TABLES `reglamento` WRITE;
/*!40000 ALTER TABLE `reglamento` DISABLE KEYS */;
INSERT INTO `reglamento` VALUES ('J1','AGRESION FISICA A UN ARBITRO O ABANDERADO DURANTE EL PARTIDO Y DESPUES DE TAL',52,500),('J10','ACUMULAR DOS AMARILLAS EN UN MISMO JUEGO',1,NULL),('J2','AGRESION FISICA A LAS AUTORIDADES DE LA LIGA',104,1000),('J3','AGRESION FISICA CON ALEVOSIA Y VENTAJA',32,NULL),('J4','AGRESION FISICA ENTRE JUGADORES',10,NULL),('J5','AGRESION FISICA SOBRE UN ESPECTADOR',8,NULL),('J6','LANZAR UN ESCUPITAJO A UN JUGADOR O ESPECTADOR',15,NULL),('J7','INCITAR A LA VIOLENCIA',5,NULL),('J8','INTENTO DE AGRESION FISICA',2,NULL),('J9','INSULTOS CON PALABRAS ALTISONANTES ENTRE JUGADORES',1,NULL);
/*!40000 ALTER TABLE `reglamento` ENABLE KEYS */;
UNLOCK TABLES;

--
-- Table structure for table `rel_equipo_jugadores`
--

DROP TABLE IF EXISTS `rel_equipo_jugadores`;
/*!40101 SET @saved_cs_client     = @@character_set_client */;
/*!40101 SET character_set_client = utf8 */;
CREATE TABLE `rel_equipo_jugadores` (
  `id_equipo` int(11) NOT NULL,
  `id_jugador` int(11) NOT NULL,
  `id_torneo` int(11) NOT NULL,
  `numero` varchar(3) DEFAULT NULL,
  KEY `fk_torneo_ej_idx` (`id_torneo`),
  KEY `fk_ej_equipo_idx` (`id_equipo`),
  KEY `fk_ej_jugador_idx` (`id_jugador`),
  CONSTRAINT `fk_ej_equipo` FOREIGN KEY (`id_equipo`) REFERENCES `equipos` (`id_equipo`) ON DELETE NO ACTION ON UPDATE NO ACTION,
  CONSTRAINT `fk_ej_jugador` FOREIGN KEY (`id_jugador`) REFERENCES `jugadores` (`id_jugador`) ON DELETE NO ACTION ON UPDATE NO ACTION,
  CONSTRAINT `fk_torneo_ej` FOREIGN KEY (`id_torneo`) REFERENCES `torneo` (`id_torneo`) ON DELETE NO ACTION ON UPDATE NO ACTION
) ENGINE=InnoDB DEFAULT CHARSET=utf8;
/*!40101 SET character_set_client = @saved_cs_client */;

--
-- Dumping data for table `rel_equipo_jugadores`
--

LOCK TABLES `rel_equipo_jugadores` WRITE;
/*!40000 ALTER TABLE `rel_equipo_jugadores` DISABLE KEYS */;
INSERT INTO `rel_equipo_jugadores` VALUES (15,13,1,'7'),(15,19,1,'1'),(15,8,1,'2'),(15,11,1,'3'),(15,22,1,'4'),(15,23,1,'5'),(15,32,1,'6'),(15,122,1,'17'),(15,123,1,'8'),(15,124,1,'9'),(15,125,1,'10'),(15,126,1,'11'),(15,127,1,'DT'),(6,128,1,'1'),(6,129,1,'2'),(6,130,1,'3'),(6,131,1,'4'),(6,33,1,'5'),(6,132,1,'6'),(6,133,1,'7'),(6,134,1,'8'),(6,135,1,'9'),(6,136,1,'10'),(6,137,1,'11'),(6,138,1,'DT'),(5,139,1,'1'),(5,140,1,'2'),(5,141,1,'3'),(5,34,1,'4'),(5,142,1,'5'),(5,143,1,'6'),(5,144,1,'7'),(5,145,1,'8'),(5,146,1,'9'),(5,147,1,'10'),(5,148,1,'11'),(5,149,1,'DT'),(7,150,1,'1'),(7,151,1,'2'),(7,35,1,'3'),(7,152,1,'4'),(7,153,1,'5'),(7,154,1,'6'),(7,155,1,'7'),(7,156,1,'8'),(7,157,1,'9'),(7,158,1,'10'),(7,159,1,'11'),(7,160,1,'12'),(7,161,1,'DT'),(13,36,1,'1'),(13,162,1,'2'),(13,163,1,'3'),(13,164,1,'4'),(13,165,1,'5'),(13,166,1,'6'),(13,167,1,'7'),(13,168,1,'8'),(13,169,1,'9'),(13,170,1,'10'),(13,171,1,'11'),(13,37,1,'12'),(13,38,1,'13'),(13,39,1,'DT'),(9,41,1,'1'),(9,24,1,'2'),(9,42,1,'3'),(9,43,1,'4'),(9,45,1,'5'),(9,44,1,'6'),(9,46,1,'7'),(9,47,1,'8'),(9,48,1,'9'),(9,49,1,'10'),(9,50,1,'11'),(9,51,1,'12'),(11,25,1,'1'),(11,52,1,'2'),(11,53,1,'3'),(11,54,1,'4'),(11,55,1,'5'),(11,56,1,'6'),(11,57,1,'7'),(11,58,1,'8'),(11,59,1,'9'),(11,60,1,'10'),(11,61,1,'11'),(11,26,1,'12'),(10,62,1,'1'),(10,63,1,'2'),(10,64,1,'3'),(10,65,1,'4'),(10,66,1,'5'),(10,67,1,'6'),(10,68,1,'7'),(10,69,1,'8'),(10,70,1,'9'),(10,71,1,'10'),(10,27,1,'11'),(10,72,1,'DT'),(4,73,1,'1'),(4,74,1,'2'),(4,75,1,'3'),(4,76,1,'4'),(4,77,1,'5'),(4,78,1,'6'),(4,79,1,'7'),(4,80,1,'8'),(4,81,1,'9'),(4,28,1,'10'),(4,82,1,'11'),(4,83,1,'12'),(14,84,1,'1'),(14,85,1,'2'),(14,86,1,'3'),(14,87,1,'4'),(14,88,1,'5'),(14,89,1,'6'),(14,90,1,'7'),(14,91,1,'8'),(14,29,1,'9'),(14,92,1,'10'),(14,93,1,'11'),(14,94,1,'13'),(8,95,1,'1'),(8,96,1,'2'),(8,97,1,'3'),(8,98,1,'4'),(8,99,1,'5'),(8,100,1,'6'),(8,101,1,'7'),(8,30,1,'8'),(8,102,1,'9'),(8,103,1,'10'),(8,104,1,'11'),(8,105,1,'12'),(8,106,1,'13'),(8,107,1,'AUX'),(8,108,1,'DT'),(3,17,1,'1'),(3,15,1,'2'),(3,10,1,'3'),(3,18,1,'4'),(3,21,1,'5'),(3,9,1,'6'),(3,16,1,'7'),(3,6,1,'9'),(3,4,1,'8'),(3,14,1,'10'),(3,12,1,'11'),(3,1,1,'12'),(12,109,1,'1'),(12,110,1,'2'),(12,111,1,'3'),(12,31,1,'4'),(12,112,1,'8'),(12,113,1,'5'),(12,114,1,'6'),(12,115,1,'7'),(12,116,1,'9'),(12,117,1,'10'),(12,118,1,'11'),(12,119,1,'12');
/*!40000 ALTER TABLE `rel_equipo_jugadores` ENABLE KEYS */;
UNLOCK TABLES;

--
-- Table structure for table `sanciones`
--

DROP TABLE IF EXISTS `sanciones`;
/*!40101 SET @saved_cs_client     = @@character_set_client */;
/*!40101 SET character_set_client = utf8 */;
CREATE TABLE `sanciones` (
  `clave_reglamento` varchar(5) NOT NULL,
  `id_jugador` int(11) NOT NULL,
  `jornada` int(11) NOT NULL,
  `id_torneo` int(11) NOT NULL,
  `fecha` date NOT NULL,
  `activo` int(11) NOT NULL
) ENGINE=InnoDB DEFAULT CHARSET=utf8;
/*!40101 SET character_set_client = @saved_cs_client */;

--
-- Dumping data for table `sanciones`
--

LOCK TABLES `sanciones` WRITE;
/*!40000 ALTER TABLE `sanciones` DISABLE KEYS */;
INSERT INTO `sanciones` VALUES ('J10',15,1,1,'2017-11-14',1),('J10',17,1,1,'2017-11-14',1),('J10',19,1,1,'2017-11-14',1),('J8',19,1,1,'2017-11-14',1);
/*!40000 ALTER TABLE `sanciones` ENABLE KEYS */;
UNLOCK TABLES;

--
-- Table structure for table `torneo`
--

DROP TABLE IF EXISTS `torneo`;
/*!40101 SET @saved_cs_client     = @@character_set_client */;
/*!40101 SET character_set_client = utf8 */;
CREATE TABLE `torneo` (
  `id_torneo` int(11) NOT NULL AUTO_INCREMENT,
  `nombre` varchar(75) NOT NULL,
  `fecha_inicio` date NOT NULL,
  `fecha_fin` date DEFAULT NULL,
  `campeon_primera` int(11) DEFAULT NULL,
  `subcampeon_primera` int(11) DEFAULT NULL,
  `campeon_segunda` int(11) DEFAULT NULL,
  `subcampeon_segunda` int(11) DEFAULT NULL,
  `goleador_primera` int(11) DEFAULT NULL,
  `goleador_segunda` int(11) DEFAULT NULL,
  `presidente` varchar(50) DEFAULT NULL,
  `secretario` varchar(50) DEFAULT NULL,
  `tesorero` varchar(50) DEFAULT NULL,
  PRIMARY KEY (`id_torneo`),
  KEY `fk_torneo_cp_idx` (`campeon_primera`),
  KEY `fk_torneo_sp_idx` (`subcampeon_primera`),
  KEY `fk_torneo_cs_idx` (`campeon_segunda`),
  KEY `fk_torneo_ss_idx` (`subcampeon_segunda`),
  KEY `fk_torneo_gp_idx` (`goleador_primera`),
  KEY `fk_torneo_gs_idx` (`goleador_segunda`),
  CONSTRAINT `fk_torneo_cp` FOREIGN KEY (`campeon_primera`) REFERENCES `equipos` (`id_equipo`) ON DELETE NO ACTION ON UPDATE NO ACTION,
  CONSTRAINT `fk_torneo_cs` FOREIGN KEY (`campeon_segunda`) REFERENCES `equipos` (`id_equipo`) ON DELETE NO ACTION ON UPDATE NO ACTION,
  CONSTRAINT `fk_torneo_gp` FOREIGN KEY (`goleador_primera`) REFERENCES `jugadores` (`id_jugador`) ON DELETE NO ACTION ON UPDATE NO ACTION,
  CONSTRAINT `fk_torneo_gs` FOREIGN KEY (`goleador_segunda`) REFERENCES `jugadores` (`id_jugador`) ON DELETE NO ACTION ON UPDATE NO ACTION,
  CONSTRAINT `fk_torneo_sp` FOREIGN KEY (`subcampeon_primera`) REFERENCES `equipos` (`id_equipo`) ON DELETE NO ACTION ON UPDATE NO ACTION,
  CONSTRAINT `fk_torneo_ss` FOREIGN KEY (`subcampeon_segunda`) REFERENCES `equipos` (`id_equipo`) ON DELETE NO ACTION ON UPDATE NO ACTION
) ENGINE=InnoDB AUTO_INCREMENT=2 DEFAULT CHARSET=utf8;
/*!40101 SET character_set_client = @saved_cs_client */;

--
-- Dumping data for table `torneo`
--

LOCK TABLES `torneo` WRITE;
/*!40000 ALTER TABLE `torneo` DISABLE KEYS */;
INSERT INTO `torneo` VALUES (1,'CLAUSURA 2017','2017-11-14',NULL,NULL,NULL,NULL,NULL,NULL,NULL,'ABEL VAZQUEZ HERNANDEZ','ABELARDO SIFUENTES GUZMAN','TILON CHAVEZ');
/*!40000 ALTER TABLE `torneo` ENABLE KEYS */;
UNLOCK TABLES;

--
-- Dumping events for database 'lmfvgo'
--

--
-- Dumping routines for database 'lmfvgo'
--
/*!40103 SET TIME_ZONE=@OLD_TIME_ZONE */;

/*!40101 SET SQL_MODE=@OLD_SQL_MODE */;
/*!40014 SET FOREIGN_KEY_CHECKS=@OLD_FOREIGN_KEY_CHECKS */;
/*!40014 SET UNIQUE_CHECKS=@OLD_UNIQUE_CHECKS */;
/*!40101 SET CHARACTER_SET_CLIENT=@OLD_CHARACTER_SET_CLIENT */;
/*!40101 SET CHARACTER_SET_RESULTS=@OLD_CHARACTER_SET_RESULTS */;
/*!40101 SET COLLATION_CONNECTION=@OLD_COLLATION_CONNECTION */;
/*!40111 SET SQL_NOTES=@OLD_SQL_NOTES */;

-- Dump completed on 2017-11-21 12:39:52
