-- MySQL dump 10.13  Distrib 5.6.17, for Win64 (x86_64)
--
-- Host: localhost    Database: lmfvgo
-- ------------------------------------------------------
-- Server version	5.6.23-log

/*!40101 SET @OLD_CHARACTER_SET_CLIENT=@@CHARACTER_SET_CLIENT */;
/*!40101 SET @OLD_CHARACTER_SET_RESULTS=@@CHARACTER_SET_RESULTS */;
/*!40101 SET @OLD_COLLATION_CONNECTION=@@COLLATION_CONNECTION */;
/*!40101 SET NAMES utf8 */;
/*!40103 SET @OLD_TIME_ZONE=@@TIME_ZONE */;
/*!40103 SET TIME_ZONE='+00:00' */;
/*!40014 SET @OLD_UNIQUE_CHECKS=@@UNIQUE_CHECKS, UNIQUE_CHECKS=0 */;
/*!40014 SET @OLD_FOREIGN_KEY_CHECKS=@@FOREIGN_KEY_CHECKS, FOREIGN_KEY_CHECKS=0 */;
/*!40101 SET @OLD_SQL_MODE=@@SQL_MODE, SQL_MODE='NO_AUTO_VALUE_ON_ZERO' */;
/*!40111 SET @OLD_SQL_NOTES=@@SQL_NOTES, SQL_NOTES=0 */;

--
-- Table structure for table `equipos`
--

DROP TABLE IF EXISTS `equipos`;
/*!40101 SET @saved_cs_client     = @@character_set_client */;
/*!40101 SET character_set_client = utf8 */;
CREATE TABLE `equipos` (
  `id_equipo` int(11) NOT NULL AUTO_INCREMENT,
  `nombre` varchar(50) NOT NULL,
  `fuerza` int(11) NOT NULL,
  `fecha_registro` date NOT NULL,
  `fecha_baja` date DEFAULT NULL,
  `motivo_baja` varchar(50) DEFAULT NULL,
  PRIMARY KEY (`id_equipo`)
) ENGINE=InnoDB AUTO_INCREMENT=16 DEFAULT CHARSET=utf8;
/*!40101 SET character_set_client = @saved_cs_client */;

--
-- Dumping data for table `equipos`
--

LOCK TABLES `equipos` WRITE;
/*!40000 ALTER TABLE `equipos` DISABLE KEYS */;
INSERT INTO `equipos` VALUES (1,'DESCANSA',1,'2017-10-30',NULL,NULL),(2,'DESCANSA',2,'2017-10-30',NULL,NULL),(3,'ROSTICERIA EL POLLITO',1,'2017-11-01',NULL,NULL),(4,'DEP CARRO',1,'2017-11-01',NULL,NULL),(5,'TOROS',1,'2017-11-01',NULL,NULL),(6,'LIRAS',1,'2017-11-01',NULL,NULL),(7,'AGUILAS REALES',1,'2017-11-01',NULL,NULL),(8,'3 CRUCES',1,'2017-11-01',NULL,NULL),(9,'CORTIJO',1,'2017-11-01',NULL,NULL),(10,'CAMPAMENTO',1,'2017-11-01',NULL,NULL),(11,'18 PRIMOS',1,'2017-11-01',NULL,NULL),(12,'RANCHO JM',1,'2017-11-01',NULL,NULL),(13,'COLONIA',1,'2017-11-01',NULL,NULL),(14,'JUNIOR',1,'2017-11-01',NULL,NULL),(15,'DEP 2000',1,'2017-11-01',NULL,NULL);
/*!40000 ALTER TABLE `equipos` ENABLE KEYS */;
UNLOCK TABLES;

--
-- Table structure for table `estadisticas_equipo`
--

DROP TABLE IF EXISTS `estadisticas_equipo`;
/*!40101 SET @saved_cs_client     = @@character_set_client */;
/*!40101 SET character_set_client = utf8 */;
CREATE TABLE `estadisticas_equipo` (
  `id_estadistica` int(11) NOT NULL AUTO_INCREMENT,
  `id_juego` int(11) NOT NULL,
  `id_equipo` int(11) NOT NULL,
  `goles_favor` int(11) NOT NULL,
  `goles_contra` int(11) NOT NULL,
  `puntos` int(11) NOT NULL,
  PRIMARY KEY (`id_estadistica`),
  KEY `fk_eq_juego_idx` (`id_juego`),
  KEY `fk_eq_equipo_idx` (`id_equipo`),
  CONSTRAINT `fk_eq_equipo` FOREIGN KEY (`id_equipo`) REFERENCES `equipos` (`id_equipo`) ON DELETE NO ACTION ON UPDATE NO ACTION,
  CONSTRAINT `fk_eq_juego` FOREIGN KEY (`id_juego`) REFERENCES `juegos` (`id_juego`) ON DELETE NO ACTION ON UPDATE NO ACTION
) ENGINE=InnoDB AUTO_INCREMENT=3 DEFAULT CHARSET=utf8;
/*!40101 SET character_set_client = @saved_cs_client */;

--
-- Dumping data for table `estadisticas_equipo`
--

LOCK TABLES `estadisticas_equipo` WRITE;
/*!40000 ALTER TABLE `estadisticas_equipo` DISABLE KEYS */;
INSERT INTO `estadisticas_equipo` VALUES (1,4,13,0,0,1),(2,4,3,0,0,1);
/*!40000 ALTER TABLE `estadisticas_equipo` ENABLE KEYS */;
UNLOCK TABLES;

--
-- Table structure for table `estadisticas_jugador`
--

DROP TABLE IF EXISTS `estadisticas_jugador`;
/*!40101 SET @saved_cs_client     = @@character_set_client */;
/*!40101 SET character_set_client = utf8 */;
CREATE TABLE `estadisticas_jugador` (
  `id_estadistica` int(11) NOT NULL AUTO_INCREMENT,
  `id_jugador` int(11) NOT NULL,
  `id_juego` int(11) NOT NULL,
  `goles` int(11) DEFAULT NULL,
  `ta` int(11) DEFAULT NULL,
  `tr` int(11) DEFAULT NULL,
  `inicio_cambio_nj` varchar(2) NOT NULL,
  `id_equipo` int(11) NOT NULL,
  PRIMARY KEY (`id_estadistica`),
  KEY `fk_estadistica_jugador_idx` (`id_jugador`),
  KEY `fk_estadistica_juego_idx` (`id_juego`),
  KEY `fk_estadisticas_jug_equipo_idx` (`id_equipo`),
  CONSTRAINT `fk_estadistica_juego` FOREIGN KEY (`id_juego`) REFERENCES `juegos` (`id_juego`) ON DELETE NO ACTION ON UPDATE NO ACTION,
  CONSTRAINT `fk_estadistica_jugador` FOREIGN KEY (`id_jugador`) REFERENCES `jugadores` (`id_jugador`) ON DELETE NO ACTION ON UPDATE NO ACTION,
  CONSTRAINT `fk_estadisticas_jug_equipo` FOREIGN KEY (`id_equipo`) REFERENCES `equipos` (`id_equipo`) ON DELETE NO ACTION ON UPDATE NO ACTION
) ENGINE=InnoDB AUTO_INCREMENT=24 DEFAULT CHARSET=utf8;
/*!40101 SET character_set_client = @saved_cs_client */;

--
-- Dumping data for table `estadisticas_jugador`
--

LOCK TABLES `estadisticas_jugador` WRITE;
/*!40000 ALTER TABLE `estadisticas_jugador` DISABLE KEYS */;
INSERT INTO `estadisticas_jugador` VALUES (1,20,4,0,0,0,'I',13),(2,18,4,0,0,0,'I',13),(3,13,4,0,0,0,'I',13),(4,21,4,0,0,0,'I',13),(5,12,4,0,0,0,'I',13),(6,19,4,0,0,0,'I',13),(7,9,4,0,0,0,'I',13),(8,7,4,0,0,0,'I',13),(9,17,4,0,0,0,'I',13),(10,15,4,0,0,0,'I',13),(11,4,4,0,0,0,'I',13),(12,2,4,0,0,0,'NJ',3),(13,1,4,0,0,0,'I',3),(14,22,4,0,0,0,'I',3),(15,11,4,0,0,0,'I',3),(16,14,4,0,0,0,'I',3),(17,16,4,0,0,0,'I',3),(18,8,4,0,0,0,'I',3),(19,6,4,0,0,0,'I',3),(20,10,4,0,0,0,'I',3),(21,3,4,0,0,0,'I',3),(22,5,4,0,0,0,'I',3),(23,23,4,0,0,0,'I',3);
/*!40000 ALTER TABLE `estadisticas_jugador` ENABLE KEYS */;
UNLOCK TABLES;

--
-- Table structure for table `juegos`
--

DROP TABLE IF EXISTS `juegos`;
/*!40101 SET @saved_cs_client     = @@character_set_client */;
/*!40101 SET character_set_client = utf8 */;
CREATE TABLE `juegos` (
  `id_juego` int(11) NOT NULL AUTO_INCREMENT,
  `jornada` int(11) NOT NULL,
  `local` int(11) NOT NULL,
  `visitante` int(11) NOT NULL,
  `lugar` varchar(45) DEFAULT NULL,
  `resultado` int(11) DEFAULT NULL,
  `id_torneo` int(11) NOT NULL,
  `fecha` date DEFAULT NULL,
  `fuerza` int(11) NOT NULL,
  `marcador` varchar(5) DEFAULT NULL,
  `hora` varchar(5) DEFAULT NULL,
  `cerrado` int(11) DEFAULT '0',
  PRIMARY KEY (`id_juego`),
  KEY `fk_juego_torneo_idx` (`id_torneo`),
  KEY `fk_local_equipo_idx` (`local`),
  KEY `fk_visitante_equipo_idx` (`visitante`),
  CONSTRAINT `fk_juego_torneo` FOREIGN KEY (`id_torneo`) REFERENCES `torneo` (`id_torneo`) ON DELETE NO ACTION ON UPDATE NO ACTION,
  CONSTRAINT `fk_local_equipo` FOREIGN KEY (`local`) REFERENCES `equipos` (`id_equipo`) ON DELETE NO ACTION ON UPDATE NO ACTION,
  CONSTRAINT `fk_visitante_equipo` FOREIGN KEY (`visitante`) REFERENCES `equipos` (`id_equipo`) ON DELETE NO ACTION ON UPDATE NO ACTION
) ENGINE=InnoDB AUTO_INCREMENT=183 DEFAULT CHARSET=utf8;
/*!40101 SET character_set_client = @saved_cs_client */;

--
-- Dumping data for table `juegos`
--

LOCK TABLES `juegos` WRITE;
/*!40000 ALTER TABLE `juegos` DISABLE KEYS */;
INSERT INTO `juegos` VALUES (1,1,12,10,NULL,NULL,1,NULL,1,NULL,NULL,0),(2,1,5,7,NULL,NULL,1,NULL,1,NULL,NULL,0),(3,1,1,15,NULL,NULL,1,NULL,1,NULL,NULL,0),(4,1,13,3,'COLONIA',NULL,1,'2017-11-11',1,NULL,'8:00',0),(5,1,4,8,NULL,NULL,1,NULL,1,NULL,NULL,0),(6,1,14,9,NULL,NULL,1,NULL,1,NULL,NULL,0),(7,1,6,11,NULL,NULL,1,NULL,1,NULL,NULL,0),(8,2,11,14,NULL,NULL,1,NULL,1,NULL,NULL,0),(9,2,8,13,NULL,NULL,1,NULL,1,NULL,NULL,0),(10,2,3,1,NULL,NULL,1,NULL,1,NULL,NULL,0),(11,2,7,12,NULL,NULL,1,NULL,1,NULL,NULL,0),(12,2,10,6,NULL,NULL,1,NULL,1,NULL,NULL,0),(13,2,9,4,NULL,NULL,1,NULL,1,NULL,NULL,0),(14,2,15,5,NULL,NULL,1,NULL,1,NULL,NULL,0),(15,3,5,3,NULL,NULL,1,NULL,1,NULL,NULL,0),(16,3,1,8,NULL,NULL,1,NULL,1,NULL,NULL,0),(17,3,13,9,NULL,NULL,1,NULL,1,NULL,NULL,0),(18,3,15,7,NULL,NULL,1,NULL,1,NULL,NULL,0),(19,3,4,11,NULL,NULL,1,NULL,1,NULL,NULL,0),(20,3,14,10,NULL,NULL,1,NULL,1,NULL,NULL,0),(21,3,6,12,NULL,NULL,1,NULL,1,NULL,NULL,0),(22,4,11,13,NULL,NULL,1,NULL,1,NULL,NULL,0),(23,4,8,5,NULL,NULL,1,NULL,1,NULL,NULL,0),(24,4,12,14,NULL,NULL,1,NULL,1,NULL,NULL,0),(25,4,3,15,NULL,NULL,1,NULL,1,NULL,NULL,0),(26,4,7,6,NULL,NULL,1,NULL,1,NULL,NULL,0),(27,4,10,4,NULL,NULL,1,NULL,1,NULL,NULL,0),(28,4,9,1,NULL,NULL,1,NULL,1,NULL,NULL,0),(29,5,3,7,NULL,NULL,1,NULL,1,NULL,NULL,0),(30,5,5,9,NULL,NULL,1,NULL,1,NULL,NULL,0),(31,5,1,11,NULL,NULL,1,NULL,1,NULL,NULL,0),(32,5,13,10,NULL,NULL,1,NULL,1,NULL,NULL,0),(33,5,15,8,NULL,NULL,1,NULL,1,NULL,NULL,0),(34,5,4,12,NULL,NULL,1,NULL,1,NULL,NULL,0),(35,5,14,6,NULL,NULL,1,NULL,1,NULL,NULL,0),(36,6,11,5,NULL,NULL,1,NULL,1,NULL,NULL,0),(37,6,8,3,NULL,NULL,1,NULL,1,NULL,NULL,0),(38,6,12,13,NULL,NULL,1,NULL,1,NULL,NULL,0),(39,6,7,14,NULL,NULL,1,NULL,1,NULL,NULL,0),(40,6,10,1,NULL,NULL,1,NULL,1,NULL,NULL,0),(41,6,9,15,NULL,NULL,1,NULL,1,NULL,NULL,0),(42,6,6,4,NULL,NULL,1,NULL,1,NULL,NULL,0),(43,7,8,7,NULL,NULL,1,NULL,1,NULL,NULL,0),(44,7,3,9,NULL,NULL,1,NULL,1,NULL,NULL,0),(45,7,5,10,NULL,NULL,1,NULL,1,NULL,NULL,0),(46,7,1,12,NULL,NULL,1,NULL,1,NULL,NULL,0),(47,7,13,6,NULL,NULL,1,NULL,1,NULL,NULL,0),(48,7,15,11,NULL,NULL,1,NULL,1,NULL,NULL,0),(49,7,4,14,NULL,NULL,1,NULL,1,NULL,NULL,0),(50,8,11,3,NULL,NULL,1,NULL,1,NULL,NULL,0),(51,8,12,5,NULL,NULL,1,NULL,1,NULL,NULL,0),(52,8,7,4,NULL,NULL,1,NULL,1,NULL,NULL,0),(53,8,10,15,NULL,NULL,1,NULL,1,NULL,NULL,0),(54,8,9,8,NULL,NULL,1,NULL,1,NULL,NULL,0),(55,8,14,13,NULL,NULL,1,NULL,1,NULL,NULL,0),(56,8,6,1,NULL,NULL,1,NULL,1,NULL,NULL,0),(57,9,8,11,NULL,NULL,1,NULL,1,NULL,NULL,0),(58,9,3,10,NULL,NULL,1,NULL,1,NULL,NULL,0),(59,9,5,6,NULL,NULL,1,NULL,1,NULL,NULL,0),(60,9,1,14,NULL,NULL,1,NULL,1,NULL,NULL,0),(61,9,13,4,NULL,NULL,1,NULL,1,NULL,NULL,0),(62,9,9,7,NULL,NULL,1,NULL,1,NULL,NULL,0),(63,9,15,12,NULL,NULL,1,NULL,1,NULL,NULL,0),(64,10,11,9,NULL,NULL,1,NULL,1,NULL,NULL,0),(65,10,12,3,NULL,NULL,1,NULL,1,NULL,NULL,0),(66,10,7,13,NULL,NULL,1,NULL,1,NULL,NULL,0),(67,10,10,8,NULL,NULL,1,NULL,1,NULL,NULL,0),(68,10,4,1,NULL,NULL,1,NULL,1,NULL,NULL,0),(69,10,14,5,NULL,NULL,1,NULL,1,NULL,NULL,0),(70,10,6,15,NULL,NULL,1,NULL,1,NULL,NULL,0),(71,11,11,7,NULL,NULL,1,NULL,1,NULL,NULL,0),(72,11,8,12,NULL,NULL,1,NULL,1,NULL,NULL,0),(73,11,3,6,NULL,NULL,1,NULL,1,NULL,NULL,0),(74,11,5,4,NULL,NULL,1,NULL,1,NULL,NULL,0),(75,11,1,13,NULL,NULL,1,NULL,1,NULL,NULL,0),(76,11,9,10,NULL,NULL,1,NULL,1,NULL,NULL,0),(77,11,15,14,NULL,NULL,1,NULL,1,NULL,NULL,0),(78,12,12,9,NULL,NULL,1,NULL,1,NULL,NULL,0),(79,12,1,7,NULL,NULL,1,NULL,1,NULL,NULL,0),(80,12,10,11,NULL,NULL,1,NULL,1,NULL,NULL,0),(81,12,13,5,NULL,NULL,1,NULL,1,NULL,NULL,0),(82,12,4,15,NULL,NULL,1,NULL,1,NULL,NULL,0),(83,12,14,3,NULL,NULL,1,NULL,1,NULL,NULL,0),(84,12,6,8,NULL,NULL,1,NULL,1,NULL,NULL,0),(85,13,11,12,NULL,NULL,1,NULL,1,NULL,NULL,0),(86,13,8,14,NULL,NULL,1,NULL,1,NULL,NULL,0),(87,13,3,4,NULL,NULL,1,NULL,1,NULL,NULL,0),(88,13,5,1,NULL,NULL,1,NULL,1,NULL,NULL,0),(89,13,7,10,NULL,NULL,1,NULL,1,NULL,NULL,0),(90,13,9,6,NULL,NULL,1,NULL,1,NULL,NULL,0),(91,13,15,13,NULL,NULL,1,NULL,1,NULL,NULL,0),(92,14,10,12,NULL,NULL,1,NULL,1,NULL,NULL,0),(93,14,7,5,NULL,NULL,1,NULL,1,NULL,NULL,0),(94,14,15,1,NULL,NULL,1,NULL,1,NULL,NULL,0),(95,14,3,13,NULL,NULL,1,NULL,1,NULL,NULL,0),(96,14,8,4,NULL,NULL,1,NULL,1,NULL,NULL,0),(97,14,9,14,NULL,NULL,1,NULL,1,NULL,NULL,0),(98,14,11,6,NULL,NULL,1,NULL,1,NULL,NULL,0),(99,15,14,11,NULL,NULL,1,NULL,1,NULL,NULL,0),(100,15,13,8,NULL,NULL,1,NULL,1,NULL,NULL,0),(101,15,1,3,NULL,NULL,1,NULL,1,NULL,NULL,0),(102,15,12,7,NULL,NULL,1,NULL,1,NULL,NULL,0),(103,15,6,10,NULL,NULL,1,NULL,1,NULL,NULL,0),(104,15,4,9,NULL,NULL,1,NULL,1,NULL,NULL,0),(105,15,5,15,NULL,NULL,1,NULL,1,NULL,NULL,0),(106,17,13,11,NULL,NULL,1,NULL,1,NULL,NULL,0),(107,17,5,8,NULL,NULL,1,NULL,1,NULL,NULL,0),(108,17,14,12,NULL,NULL,1,NULL,1,NULL,NULL,0),(109,17,15,3,NULL,NULL,1,NULL,1,NULL,NULL,0),(110,17,6,7,NULL,NULL,1,NULL,1,NULL,NULL,0),(111,17,4,10,NULL,NULL,1,NULL,1,NULL,NULL,0),(112,17,1,9,NULL,NULL,1,NULL,1,NULL,NULL,0),(113,16,3,5,NULL,NULL,1,NULL,1,NULL,NULL,0),(114,16,8,1,NULL,NULL,1,NULL,1,NULL,NULL,0),(115,16,9,13,NULL,NULL,1,NULL,1,NULL,NULL,0),(116,16,7,15,NULL,NULL,1,NULL,1,NULL,NULL,0),(117,16,11,4,NULL,NULL,1,NULL,1,NULL,NULL,0),(118,16,10,14,NULL,NULL,1,NULL,1,NULL,NULL,0),(119,16,12,6,NULL,NULL,1,NULL,1,NULL,NULL,0),(120,19,5,11,NULL,NULL,1,NULL,1,NULL,NULL,0),(121,19,3,8,NULL,NULL,1,NULL,1,NULL,NULL,0),(122,19,13,12,NULL,NULL,1,NULL,1,NULL,NULL,0),(123,19,14,7,NULL,NULL,1,NULL,1,NULL,NULL,0),(124,19,1,10,NULL,NULL,1,NULL,1,NULL,NULL,0),(125,19,15,9,NULL,NULL,1,NULL,1,NULL,NULL,0),(126,19,4,6,NULL,NULL,1,NULL,1,NULL,NULL,0),(127,18,7,3,NULL,NULL,1,NULL,1,NULL,NULL,0),(128,18,9,5,NULL,NULL,1,NULL,1,NULL,NULL,0),(129,18,11,1,NULL,NULL,1,NULL,1,NULL,NULL,0),(130,18,10,13,NULL,NULL,1,NULL,1,NULL,NULL,0),(131,18,8,15,NULL,NULL,1,NULL,1,NULL,NULL,0),(132,18,12,4,NULL,NULL,1,NULL,1,NULL,NULL,0),(133,18,6,14,NULL,NULL,1,NULL,1,NULL,NULL,0),(134,21,3,11,NULL,NULL,1,NULL,1,NULL,NULL,0),(135,21,5,12,NULL,NULL,1,NULL,1,NULL,NULL,0),(136,21,4,7,NULL,NULL,1,NULL,1,NULL,NULL,0),(137,21,15,10,NULL,NULL,1,NULL,1,NULL,NULL,0),(138,21,8,9,NULL,NULL,1,NULL,1,NULL,NULL,0),(139,21,13,14,NULL,NULL,1,NULL,1,NULL,NULL,0),(140,21,1,6,NULL,NULL,1,NULL,1,NULL,NULL,0),(141,20,7,8,NULL,NULL,1,NULL,1,NULL,NULL,0),(142,20,9,3,NULL,NULL,1,NULL,1,NULL,NULL,0),(143,20,10,5,NULL,NULL,1,NULL,1,NULL,NULL,0),(144,20,12,1,NULL,NULL,1,NULL,1,NULL,NULL,0),(145,20,6,13,NULL,NULL,1,NULL,1,NULL,NULL,0),(146,20,11,15,NULL,NULL,1,NULL,1,NULL,NULL,0),(147,20,14,4,NULL,NULL,1,NULL,1,NULL,NULL,0),(148,23,9,11,NULL,NULL,1,NULL,1,NULL,NULL,0),(149,23,3,12,NULL,NULL,1,NULL,1,NULL,NULL,0),(150,23,13,7,NULL,NULL,1,NULL,1,NULL,NULL,0),(151,23,8,10,NULL,NULL,1,NULL,1,NULL,NULL,0),(152,23,1,4,NULL,NULL,1,NULL,1,NULL,NULL,0),(153,23,5,14,NULL,NULL,1,NULL,1,NULL,NULL,0),(154,23,15,6,NULL,NULL,1,NULL,1,NULL,NULL,0),(155,22,11,8,NULL,NULL,1,NULL,1,NULL,NULL,0),(156,22,10,3,NULL,NULL,1,NULL,1,NULL,NULL,0),(157,22,6,5,NULL,NULL,1,NULL,1,NULL,NULL,0),(158,22,14,1,NULL,NULL,1,NULL,1,NULL,NULL,0),(159,22,4,13,NULL,NULL,1,NULL,1,NULL,NULL,0),(160,22,7,9,NULL,NULL,1,NULL,1,NULL,NULL,0),(161,22,12,15,NULL,NULL,1,NULL,1,NULL,NULL,0),(162,25,9,12,NULL,NULL,1,NULL,1,NULL,NULL,0),(163,25,7,1,NULL,NULL,1,NULL,1,NULL,NULL,0),(164,25,11,10,NULL,NULL,1,NULL,1,NULL,NULL,0),(165,25,5,13,NULL,NULL,1,NULL,1,NULL,NULL,0),(166,25,15,4,NULL,NULL,1,NULL,1,NULL,NULL,0),(167,25,3,14,NULL,NULL,1,NULL,1,NULL,NULL,0),(168,25,8,6,NULL,NULL,1,NULL,1,NULL,NULL,0),(169,24,7,11,NULL,NULL,1,NULL,1,NULL,NULL,0),(170,24,12,8,NULL,NULL,1,NULL,1,NULL,NULL,0),(171,24,6,3,NULL,NULL,1,NULL,1,NULL,NULL,0),(172,24,4,5,NULL,NULL,1,NULL,1,NULL,NULL,0),(173,24,13,1,NULL,NULL,1,NULL,1,NULL,NULL,0),(174,24,10,9,NULL,NULL,1,NULL,1,NULL,NULL,0),(175,24,14,15,NULL,NULL,1,NULL,1,NULL,NULL,0),(176,26,12,11,NULL,NULL,1,NULL,1,NULL,NULL,0),(177,26,14,8,NULL,NULL,1,NULL,1,NULL,NULL,0),(178,26,4,3,NULL,NULL,1,NULL,1,NULL,NULL,0),(179,26,1,5,NULL,NULL,1,NULL,1,NULL,NULL,0),(180,26,10,7,NULL,NULL,1,NULL,1,NULL,NULL,0),(181,26,6,9,NULL,NULL,1,NULL,1,NULL,NULL,0),(182,26,13,15,NULL,NULL,1,NULL,1,NULL,NULL,0);
/*!40000 ALTER TABLE `juegos` ENABLE KEYS */;
UNLOCK TABLES;

--
-- Table structure for table `jugadores`
--

DROP TABLE IF EXISTS `jugadores`;
/*!40101 SET @saved_cs_client     = @@character_set_client */;
/*!40101 SET character_set_client = utf8 */;
CREATE TABLE `jugadores` (
  `id_jugador` int(11) NOT NULL AUTO_INCREMENT,
  `nombre` varchar(45) NOT NULL,
  `paterno` varchar(45) NOT NULL,
  `materno` varchar(45) NOT NULL,
  `fecha_nacimiento` date NOT NULL,
  `lugar_procedencia` varchar(70) NOT NULL,
  `fecha_registro` date NOT NULL,
  `imagen` blob,
  PRIMARY KEY (`id_jugador`)
) ENGINE=InnoDB AUTO_INCREMENT=24 DEFAULT CHARSET=utf8;
/*!40101 SET character_set_client = @saved_cs_client */;

--
-- Dumping data for table `jugadores`
--

LOCK TABLES `jugadores` WRITE;
/*!40000 ALTER TABLE `jugadores` DISABLE KEYS */;
INSERT INTO `jugadores` VALUES (1,'CARLOS','GARCIA','MONTOYA','1983-11-15','VILLA GONZALEZ ORTEGA','2017-11-01','\0JFIF\0\0\0\0\0\0\0C\0		\n\r\Z\Z $.\' \",#(7),01444\'9=82<.342\0C			\r\r2!!22222222222222222222222222222222222222222222222222\0\"\0\0\0\0\0\0\0\0\0\0\0\0	\n\0\0\0\0}\0!1AQa\"q2#BR$3br	\n\Z%&\'()*456789:CDEFGHIJSTUVWXYZcdefghijstuvwxyz\0\0\0\0\0\0\0\0	\n\0\0\0w\0!1AQaq\"2B	#3Rbr\n$4%\Z&\'()*56789:CDEFGHIJSTUVWXYZcdefghijstuvwxyz\0\0\0?\0(t!{\0+^t!}\0+mD{U{Ҧ,m`QE\"cm+\\F=EMk:T1*¯Ee	1돺j՞MYjU8֬T\Z\'p(QE\0QE\0QE\0QE\0QE\0QE\0QE\0QE\0QE\0QE\0QE\0QE\0QE\0QE\0QE\0QE\0QE\0QE\0QE\0QE\0QE\0QE\0QE\0QE\0QE\0QE\0QE\0QE\0QE\0QE\0QE\0QE\0QE\0QE\08S\\F.g]BZC+M͛L\0zbrҭ2Vl@*J\nkȥXd\ZuQ3	c_&F!VieN:Zm-QH(\0(\0(\0(\0(\0(\0(\0(\0(\0(\0(\0(\0(\0(\0(\0(\0(\0(\0(\0(\0(\0(\0(\0(\0(\0(\0(\0(\0(\0(\0(\0(\0(\0(\rr6dv9R{+a5Bq7?tc=΋OSnzUڥc4ETQE\0߽eiބS$LvԔ;Q@((((((*Ρ`K{t{	e!E8\'q׾)Y䳅;`Lrfk|-ZQ}LNǦ%rH\nL⨿-UOzd:\'<	Ќu\ZLm Cby;YX?6x:sxVC r m,]<kw*	UԨs3G~!v[^M#Ѓ\\uwUR[wR{\nn&Ir\0SKDg0>*)##F\nld9S!dL-̒ni<ϕGP1=Y;cLoF*\\KU;Y(@Vr$02*lZcEQ@!8;@L7*;TA7C\"6rz4߯YcT߳\0<@rꑢ@EGWݺħ[p)\\9_r^\rV<lgZ\0!OAr˹Ԣ>*7:߲bX:QZDzxp\rB-t&X5>((\0(\0(\0(\0(\0(\0JW\n3F(-Iwh&H.>(,Fh6sEwMq:|ԛW3D̘\0OjkhUNhQE!Q@&>rih@qKE`(QE\0QE\0QE\0QE\0QE\0TsMfI\\\"I$S	\"RBK0_?ZS3MD۞__]\0G3+-hW664/hQx=x5^gq5̊+ ߊ85y*,\\JOyx\r(ߏX6B饒q0)P>Iz\0*Ev4a9N\"ޮE\'H\Zwd\\ondĠCߏE_Q\\yf6slj2:#y>*\'%s.I~&vNMt=6D0Nn*}d-(k\">\\df[-<p_;W+QmGduײ[H`,p(O0ҭi>!JP_{Vp88Uq}3,ǒa_S4X-f8\r	溊{a!Dҷ,sF{h;d\Zi[\0pxhɭR;iVXdRTQ@Q@Q@Q@Q@Q@Q@P\n(Q@Q@Q@Q@Q@Q@Q@Q@2ihp\0I_w\rҸ݆/ɭl̥}zY踫5(QE\0QIށ1hQE\0QE\0QE\0QE\0QE\0Vf#ږݦbufXZ(\0h<sSrwf5\'ede^/HS1#\0GNǿ=\\n%v1F0A+_Q&~nx)&]Gݲzz3c4	sɴ[Yls#\02:pyYY#%כy5]Mp.%nKݕɓ΂`as׏Ơ/KkBEG]㞾mn{;Gү=ft-\\c(#ۭr]Iie\0\0i]Lc\"?4*AQҳE-\rh#CJͿ&1ڠI:YdB3sYɮXAFjR\0BUźtd4=j1sC_.2sچť@!=;Fǧz,̀	ӭiqYHD[jpElM+bN#Zy\0F[t: 5lZ6\\sO4n=>Zp5-y59&Yng뺆$Ka|5/KN85>lI&2R9\0\n\rBE*/^YgBoԻ+\0u\'S8EQ\\1ig1)}v渋\Z\\m\"\"vnv#h)kn~_YǞe\'oo[zbчФBGQ^>u]fVDEBo5L??\0Es3ب7z|G&\0ijԺD[f\0i;=SjѮGO괣XO;sҗ2sh(E\0,\0:<^ʬ$GEΏR<WtIlGj|GRʲ|Ckv29tĦHIDՈ$~G%QE\0QE\0QE\0QE\0њ·x\0B,ltg[\\6G^4WQK7Hڒo/gд`WTG,\0!hQY>Ҿu@r%[\0}\Z~>X5\0?o/dSW2#,b߇ZR9FS޵t99ZزHd8 \0J81?ygPr\n[ZD7y֝\0kVꖔTX\Z(aEPEPEPEPEPEPEPHI&BOjɹ=T,@?\\ Oh6b+ݡF\0=+׵,pEf3g\'/ߝ\\{ؚImxgr`W/ӰNx_vJ^:ils7>ǬqđvbMǠݟJe#m;[S  t_j0KX@X\0Ρ\0o.L;8dv,?3M7rG3<r,	VՍ R@$`<:\0JnzGo(#l7B-iX.XXZ7\'G6v[iPv5v\\M.(a8hMd0Fr֠1Hy\'֣T	획9ln1[qz.:{$8LFp\Zp좤x#Q\rDf\\2+%)p7`mDrX>\Z\'b3L*A|ǩ&G\",SU\Zpd(aԲ\\acx甐\"{AF2ɚC#8cҭۻ]b\'sǂy<ykB\\eI=<#(=@5嬸|&\nSa9}8ܭ\"l[rpeH \0<װ8Ly/+-|rgMkC\'֒FFOPEQ`R`zRJڧj\0t~TS\rؿ\nPu uQ@Q@Q@Q@Q@Q@.!^D	$*-g=ׯg78W\0BJ\0P~LfI陖~ymEk1h_N$Hz<:Nc_M#\0W+L4kgjHǹך촿ָjWO)#P5W?(+\0L^0Q])*%kk}\"	e,-3Xdg$VKO\Z\0fMu9n~c*TUgv\0\n^h8av:a՞EWX`ռ9l\\!EnM6It$1ȸ`}jRQE\n(\n(0(QHz\Zʸ\\!g:J\nauk~֫EH35I];#72fOΠ:ŀp53ơc<Z`.`3^xYᖥ%YKخYE +؏P<O:`\ZȒI\\\n\n Yz/f-$ŷف<!c&ܞ_PҮ%lq#wb\\j&VRdu\\%w)[~Q`.\nm\0IjrZSۺ`曔Rra=3Mֳ|V@\r׷TgM,Ap)\0ΙV|ьdt*Qۻ-{a=\'~=Nk5}ArvG*ꤳ!4sV\074rin0VwrdON\rWt`\\TL͒iNESi`&$ \0:$9OYPƥb@mSte\"S*Ƨo$5X8tl8Z*x\0ӹ5e$c5OKp҆;r&ln{Ԋ\"0\'6CAw<[hC5b]sxR%C_<rRfߎ,S<\'\n&|ڽ?E=J	\"!q{?:Թ܅hkS:,N}23T]ϥ(	4PQE\0QE\0QE\0QE\0QE\0QE\0QE\0QE\0QE\0QEq^e\0Ѕr\rUOR@\ru#\0`1\\ׂmP}q1rtʋ~f04	&%ٲEX[Lըl@JΕ$ݞ2L\Zfnbٶ3ڹmz{}n<7vb;\nEyǊ#\\R)ԋSަŤ؞EucR2/j5mb&j%0^PܚK5C89*3>+(\0(\0(E]#9FXz* AN=iɻ[i)2i\0EŢ)#}XWڷO5s;Ҷ[sWcV{p *\0Ars1ȓ[;#*K(ފHc\\X4V>dr1`F1:yՖ0X|Gȝ\'lrp3N&ۊ\"R{?>Y9TuV3<u=>+y~,)2) qAa\'jOm*C}3.#D\0-ϨI\ZT%yk?ާX7+lLOy>%۲\\udbFYSi\\SڦDA\'@ј`qX7cTU8#oUj̹Wu,j$4@	F!?6OH4A⥱<8\Z1>;RTt4K %2FRo!YL\'#4Qr3ރh&iq?aJQ&c53F \"&>PQa)<x\rDN[#YqT뜊Ij?g3XʳK0h\0J1#>\\@>wl42apWSAQ(\n\n(\n(\n(\n(\n(\n(\n(\n(\n(3DZ*5L\Zut{?bx+ocr:H6T`Lh2K\"s7---zDc*6t``\Z{cU> _#,m\r@ǹn?Jc=gg\'4%fJ8Ǻ**_V&NZFLt-b^G1]y8dqs;\"{YpO\\޻**Tp3KumsnX\0kXPם]QV0(\0(\0(\0(\Z$sJ)hV[Q@c\'ڰunYDJ~!N}\Z\Zb+jŋH	U9<VÇV\Z.,	mN>WX\Z6e\rKg\\cmcQ:E``c]dcX!bzf;\0~x<)A$p	rܴB|Is+)8JJ]GO\ZY_AىT-qQ:$f(RM%1!,Wp8U`K\Z4NtFO5\rᐆ1Xv9ؗƽ_:Vu>AX޴;\\M*I!MsTiX#l񡬤^G4mSUưccf-ch\n\nP;W5b\0Vmr̯8C]Y (\r1,JKd~^Hqa%n0@CKdSLN36G\07HH#InZãj+V=XZقYV**WI\nOkym}wVn1\rR8?5ѓ[\0+B-><|1ͺ[SZ~beb2h,8Md+T{\nͿ,]95&\'\rS;i,;ԎY?1 ֗FG\"ԥGxXd2,ֽ{Үyykh*;QAAEPEPEPEPEPEĚ-7ٍyW\nݎOj2bX\\c,MuV̱	&.iz+Gؤ$ˌaYr(0d\\wtW<[tG).@nb\"\0usѤnXp+5{S\"ad$=\0\Z;]iRRW\\~ԋ$!HؐBEqb*THꠔb\\$2M)_tVaVN\0THlnte^zu\\VfD=B\'b%x.M\Z!eWd]qJ*WG[X9qH>$rk|Mhֱ3g	!ihk9]Ӣ]O8Vց^\rw;Ջ\0mᱩlE͌>Gqs*\\F[̰qI=pҬUQ?14Ը$\0)V&$_j|G?l<INDsƀj饵CT\0\n^ڕ.sʯ\ZR<3B\rz?u*a[9]mQE\0QE\0QE\0QE\0QE\0QEjOӋ,}H\'WKrKlWYۢ۞qDFVU7#Ӽ07A&]mé\0b[u/i#/\"W<w[޿EZdЙ W@r\0YaD\0v#M%̛ۋwWL6DѺ\0pgX>f0!\0tWj\r<wb19$ԫpF\'g>Uj\Z}$w2\\R~\\+SnL`@\'8޹.F#uVR4PaR\'3NJBLɤp#Ҕ*Q3,Ѩ\'kU+ɓMtG9kZm\\s\\[L馴.5jrXګS:77,\\SlЋ`8Kn$5HYH\ZB0*١򔦉T֫ZFIaTMDE%raȻk*^*EZ=n6jfId\\jK6rȊ)J+h1;6V`$`֘o^R\\T-\ZMcHFȄÑM1dXzfDi=FNi\\\0)cOU#Q+-K\n3mi+J,8^ pSH-vrG8\"-;|q[sF|];Dn3m#\n:M\Zx{l\"\0q\nj8\n((((()+;ּIx(߼?J=Z;IR%7Rez0z\ZOc9I^!C	\"!\05izWo-{B\n5L޹={~~igvykww:D.Qus\"՞ՎI?uY\nsZˏʿԚg+\\ȧ?A]\rVJ{\0\\hvp?V}3Jc1	%vȑRxÖOПQWC[y2P*S5{ʺKQ\rs]73&nZ][2O:ʎGg>ⳝ%)jmEh*$h*WkkO\\1\\v$&qx׎/(|TnDhlRuR(TQg<K?vўx#017XW,^WҼH׭~e<+(;פ/6IEq5T7ԇ.fbxIC_]]c9,AF:gxUm\'Y?0d{WK	w7R_T\09OtzIۨɸ}`sڵpסn[|4@sɔ5r`z+w5sN|wW|2d\0UHm.5^Cӄ G9|VMdoE2j@Aih\0/1ڤa)\\(C\n(\n(9?1~ֽ?zN*S]g<ӡuꗒ4LV9\'͡ˤYT&.k}NXUq+D(Sk->i	kNH^DKCsf4ܕOA{$`}6OOK<6Ϲ\'qk\rgje^_s8\nISЏ\0U8_@S\"h\nWf#k$0\"	RG8wKc8nY8qr{V\'5 kT*=YN{U}r>l\rUFڻY1g\0;㚁Z#p?\nPU\n&\Zәt؎pcڲr*7r+5gQXqO-)Z6Jə|ӣF\'z2:Ux#Z2Ij\'#j!5)E<&Ϟe\r-r*wtV>8\"f0X8XH3@*R&K=4DyhYj	P1W=1֡wHsV&9M];VT$n⺣+nv_Xm%n.\ZW4GQK~*F$ic2xRi\n,h?u]3N?ƙ\0\\\0n\0?ܨozKtO*\0^???,.t{\Z_\'\0J>4x\0ˎ\0~\0:=ʊ\\!\0-+\0~3x|?딟]Ώr%0xl\0\0us[)=u#jQ^+ʿqL:t\0y=[v-U}Y*d:;e|>aO=mjҿ`^T\0<Bnt6h\0 AՍ8X6ځ\0^hj6fvWlĞ-nM\"w1=MmGRhٵ0gXZM{V#aQvT¶KewzkmRv2A$`(XW14y\"SR>G+Fz09 Ql\r|nf|LW\rk*T_A11WzdQͼL),|#85^G5²*H,FzgPs_\\\0\0\Z?wOp쪰:dɸPɍ;?[LEޡkh]6@TW+{ɩM~I;F\0 xż?Y X^ 	\\ŌWwPr275gdhtGu/}H\'~Td5B˩%̡vH\'Ys-˺۰;sA-qXgZR\"ިɆH`QK f?\\dčJIs|6X&q^.*N,tY$yQBV,+7Z=A$w*<JKlɑr͆7\rք.XsX~IJ$ jDTZNՄm\rVInVӗOEVg@QE\0QETH~Ws_Avښ%变#)9νx*$1wNk\0m?`tµ-\0\\\0OfpCQ^~\ZA0ߡ\0O(?b.dg[ݽJBDq\0\0\0\0Z_A<o\0)_Hs\\(0dWF¦1\\MŹrzo?u.\0Y(pqָ\Z(݃c&87F\0Q]4I&Le}X$>cW^IPQU\'RzevFC8`QtE#hY3ۮ슾dFP,)$glLb1ZB*CtI+$P¡zթ\03ڦo;{}(h	q]Vț6N*\0[T2FhܠTӊ]{T9\\Z_Pm/>)?+UCsO|8VoJK+iĀg\'ԝnYX8)(_R;\\d`_ʵ-,g%}GHہvqxɡ[wیn9<a9EjY=\r7:T۹Ou{зU/\\\r{>\0j5W2\\*\0-O`*38nkU%mNJ*H\'>њQ\0.H/\0T\"s\0w2(Gh~7R\0U2\']F\09x\0+v\0;pgBOiG2ϜI5!?*<?\0\0}?B]c_CP؟}LoJ.\0ϟpñ@I^4o\n/O~1GwOh\\QZSO\0T\0\nwM\n}-):d|EWOq7:4K?O_ZӢ?\'om):i\Zcscbf׿jvs(#IWҴ#8\Z\0\n/Oݴ\"c)F1O?H+d- ´b\\.H2lw5cK?Kw\0\n\04<w\nP	9־Ͻxg5_J\nAm\'Rmh6Dx>o\0{o]Hdd,?yݣʱpޥxL-L2՚##!3z\r>h*T) [1X݃v9@sKIQ^At?~+`\\}E|xC}(êmEQzYQIFGnwn5\0ujiަ?9-]sA]jc׽p#@\ZNO\"RFi\"}Ȥő I\nw+Rz*WVֻ<W5OIإsۉK3 aE6쎇$Uq#m,腕3q_-nnᶓOY<\nI=+JŖ7G\"cvHp+M#Wxko;\r7wgwFjeY_C9>!mxa@;9\rhZx\0L>bҡZ:U]i[}_6,0~j7\r\"h%8j`l[#&Eŋ@N	],	v1ZR{(y+r\0,wTwb\r[[A#pyڨjʹC)U;9$<vp:AǠ^ksl\0Tn-~]u;X0{NHʚ\nJ+59mzsk4ojr}tOLW3wqyk.RH+?ZϽrj5M62:tL	kUf$`u槏V72)MNE9d&;e֥[N6Ե+LPzК)밅Wv)%Zk9=4IѲPQP.HZ.&]QI\'qVfddXKRb}MR#?6MeMNOC^[Rrjs;cc\Z;+~d\"\"9$k7e+^Pǚ[9\05=OsȩMXiν\\[#TDq>b*(6测i\0-8浮\0GVg0^Ș~o @Մ|u,mn1մjo薉\\U *~Y?Ȋ|d6⡗TVKïwtK\"V2;\"c/__&r\\!ޙǽ8ӾVi5u\'\0k<W]Ϭ\"ȓ[_-pTאzTo4\r47u*7kǲ}s֜.AEpSA1KmT\'ϥ1u1?Sz4rdՀ	o%̷EʇˎpZ܃\\fuD6&]4\'5xU&MZ\0TR \")7+퍇J/J9DQ(?M1Zc(:;?4Jƣ,p`AŨ1<kAKiBfY\Z]]W=+^7.[EUʊԵFZ\\1Nqu(/q=k85BCw<WcGO	̐0޷tY݅,1Wc5.s׊Z:h=aUmag%\n_ f}2)+ڮ%22*kks\0GINR1\"ivw+oHsөx]\"FH44i?@@;ג{uKY5i[kxZ@Yb=i6N0+\"$Mx|GzOJSzǰjw?[?Η,|km\ry\"B|uqNAЁV@u{?8)>U2*|.O&vs5Yu@ƩŲb=HԷ<e೽v坟)Lָ|fq!\0ָ翾mkۢPfo	Qyi)4͝:{ylfA7Om7ީ!Rfyas(:_M\0=\rmuy4VX5\\{<#9\0df?KA85dͨx4YhL˕OOzm\'f=\\WB~&ǠƢ݁,cYMni)+.pF$B}\nY56h&pvT]OA廽ic\rW\'~`[Fݲ1${St$:}sy3{+uCWѤײcwЂNzXɮ6{;B޷][\0#\0ڼ=\rl.u8\n\ZťwJWbT{&8;x?\" Ƽ\0[ַgW[[+\0TYbEʃUN1gq$4DHcn1RpsҨj܂2HU8Jmxdf=+/19ae^j8D#U\\&IFX*#Zڥ^͜J7Q\Z,`>m>O?Z\\\\j(hEuVHTxN*EY4YHqV.ߢ4KKnQ\0ˑ\n.(%oJֹ뫦pjgcGc sZj\\zdn=RJ@<O%}̽MVKmя=Eh)$o-#(ALc\"[Lcd\0Y[	e}ƦRЩM0`Yz~`Hr+~&Wg&ѭ\n(3V֞2۽d:04VG=EmֆZ7*3Ӓ\ZݱT*exi7mw	27능gczSf|1hz{խoMvN`iSpfA\0\nSWҭ2{Hlp_;%zv٢D`;⺣ꦵ>6Vjhwʶ>ޔ[xg8犆]MlBʅ#^Dx\'P\\gtD\0ߥxH4X\n-B3WX\0\0ɡ\0idv\ZԽeq\n?;Onuv4|[/潴G~8J6t7%$Ìvhݦ$T嶂	ǽYּs-ޝ5[F #=ڲ--4ZHeLOO_ZΤgM\'б%t` \Zp\\4/Y-Ii?coZ8a	ڼ!9\0dVvO	kַWv7#n\nG9޼֜8=e# un٦]c!qέ-,mitrey<ZWç3P3җdʲ#2E2dڝkm-ko\"\0݇J]C$)hR%sRqbKFXthT[2) qW9o3/|i=#OI\'3mOG5Cr-* \ZZflxKWar8&gᦪX]pOSqZӈwEjՑƈbdQ(?1?tRI$+ox1:F12fu-%\\ o©[ÏN*dEscSS\"F\nÓjQv2dx>.l&Tk	^@N\0}Nm!`K{᰹MO2Om.uv 2FNRI2T~U8\' UTh8 /dN$(3[>.%wf3+Tup-	nsOOҹ#SVKu/\n\r01KE!eRis39<Qf>њўi(i\\QhT1٥SS3@ni±&h,zjJt$A=M=z_xW>BuX\0fbNf?+f\0[O\\|8$)k.~	-(_9.~Cx%Y3Etz=$~rn4~[{d}.Fr:VpMFR=RhoCvS=وnG-u&ћj?\r\\^HVdR{җ[/q+W~GmW$	RXHUx=\0\0Z	?T7ֵvJ`ľI۞<Eźs6+)>UJ;pH퐴\0=jC~$ԵWhРv$KS4@;U>=\0LmO0\\nZsՓ\0ښa\0jN*&\\7ul[\Z׆oe{pl܇`\Z̴ӯuG{\'.F{UG1Zki.8[y.-a\ru]SAMe\02V\"tSq	Vɭ+fܹ٘\'+$7\\u	\\k1\\pH\"CZZ֬O2$-1Mz֤CxUkem̚%.2)seH!mSLFa X\\h{lvaЃV5HbW,OktFk-GPi$]1}[+櫲\0zG?ZlV9jS4Jn\\ż2:8pg\'b$r֯Z!G#@2=ddV-Чm3rp~\"\0ڢ^2AvQXPv8Wxf-4uA0ykjKfgxeH|$GCǯ˟5\Zƭmis_:N-#c!G|w%Էy]9ncYc<5<C+ރsyWN|HP	uV@>?]^i* w⩻LìL?\nP^.ԥEd\\\"sץl^\n&dnQǶj.xYv#!c[9Y#l;/W#KMTFaRuGc\\X\Z	E\0H(\n4K|zTx$[U̌2LG\nφ.#G-r\n<L~S0>M+\Z xnzU]/XX}GJp\0\nBӊp\0qqN7!2q7O$;顄e\n\0=NHξ텥DJIkľ\rإƻ41\nٙ??ZDLV5 |I<ӉMǔ==қ^Cqu546{&!ԃ;+Ӛ=Or!H~#KY%恩]ZqyQ]\0W6)O(X\"+gw8_h.7>Hϸ|HyY!a&HsZp]X6P1X8O9jz-[FXyycڽJd3g86K\0G>h6╴ipcgqz\Zo;*5+~j2e{w*e6uƹ1kS/8_oysvJa@u-hi%hKݾwjMƚ	>ԼLCHyIK~(L4T;994!@oZfx4g҃fz\rPLi3+ \"3UǤ|4!E+%\0\0ƹM?oYLlrȊݣ5![S~GM9ePOV=Ƈcx^i6;j[I.\0(2sU\'.UE84XWQJwuڿ-Ť[F*@yKqvs؉UzVu-M0P:3ڋ\\.#-XhꡆTSWvZsH9$ns\0\0^D]N[Ag*]sJ\07Q[Yn`I;ns+j4;<n+ciMFɣoeI^i2$Ĺ`*$R3n-w+&}63t2gֱZA!㊞Eiu\n?Z͍&-nBy[O#mJeufeͯjOBb#wyuuK/\0$@pESr?\Z~յa{teRZ\"qB*cӢ\'##װ0n̦슷m\Zc5jq`\\%\0sU4++\'4ը]z}Ť>]5F*^4JDa*rIU.B&ؓi\'Ny.\r*EoՃt qSXjvк6g,xڰ[YpWiª$a#SAq^{MPr+=F[K/OZ頻[KCug|IL-)V#&oM:fTFl^lGBG=\0z\Zض#LY\r5Ir9FdH\0PioRm@E\n7[aT|oGD`\"U.aj\\~\0	H\"y~T\0{_}S]Qu Tzs\\ΒhSϩ>[7--{`۶3ZZw$8#5VWyq]7Hdz2ltK{A!6y_ڳ<gkM̱<dU;M[EsFrK躅\"O\rb|0oGL1\"dIڸI\rV >j1B?Z{H\0Nc$<#d\rTL	nyI,Mpdhu1 idG9ɥҢ4dc3\0#&\'\0׶E6>477P% i\\*ބ{\Z+[خW17T\"k0>q\0]\0r8渫\0<,W$$A)R1$}8~^W_2>UMx\rԴ9tC/VAֵu8e{y%#;F`֦UJ;7 &z=W*JS{iBLI;#.@5Ѷn#ayj\nxM#XэdE\Z!8\r;N\rNGevOZ* \02+9zoFc,%8{Z\'30JMz0\"KB\0SNzѻ03]\Zv`LKQJ3Mғ4qgȣ zGPi/?\\v5(iҺτ\0?lG<+i\']cEdv{/?a[\0U6\\k}b-Y#wnF~\n<9m-[[]8Zcjq]g4J-:ר~\rĚ|r3anGN\rw?7YG4[q`g5Y^bk\\G_#W}7\0#.[49[ۚ9|>>鎙8fx\']ip۹&!8Os׭Mvm6ABB==^ٮM(\'5~{=dXfR=95\rӭq>\r_ۃd1͛6lJƿr}iI0*k:pMO2[TU^1ҙ+֡i2q(\ZVcf*G\0U\0\"W(jDJ8izf4fߐDu*_/)P+aEP`i\'bة	0+kMijVZݳ$gEtP2uR	+=+x *^k#S+gfXbSlڒKWv\\i@<:W1yd-+o,9UMIbJu&F|`eKVd_yk\nLT\"d\Zhe4Q䌐2TSGqVSHOp8Qc\nM\\RsY[=1SҦB~.m:żlp=09z<}g颬s:]OFq @P,OŏPk	U)Zݜ3kHlT<ث5^Kn_|c,n[ޗ!VG5V_	aG5̋1Ii:|I?k~)%(/,%b g,AfTm\'Ib\nEO3)r|RI{U{?}Đ\"Z|{UJyᑹ桦{nzCii籤-\rރZUie17)5zֻ[;S6rNzt\Z&*i49\\SPm{^SIIUHm[w[]&`V[K#k&䕵\'Aj7ȫ>d84ycSRiMZ0쀏i;Ҭ)ۚ\0ί&ɀ=\0\ZVw!66_\'j]4+ěbp;	;(Ixp5>E+	Y8kzo泸f,c瑜J\nN	a^g&mmū鶒ͧMiGTm	vO!TYd28^14\0ӿӅ$r1ֹKFsD]#^s+_U]^L,[!MҺ6^خ8X݄:wj.cipGlHźz=E/iw#?֯jy@6zջakq`иVMpEdRI+EsBq{M7E$¦kO5wo#`X\05V/BIE<T\rZ6`k>x0ztSU$\rfCJH5lC\0\r&y~IMϥ8\0ǽ!&JRSGO9E4J\\қP(AaOݩ3IjIڂxQ瞴ބI*?Uc?z\\_kTⲈz\'{P\'K{7j)\\`rտ=s+\Z1g.O@+BFG?j<TZWZX@xEI)o\0mV3H<9л +Bph$O]a[(\'\Z}\\\0k[_#cݷ/+kEԤ}L-~Qt߳ZG7д)BXy$lۋ\r/Kҭo5%Q[a2˷9EyZ+[\\t\'dGOJB$frһ䚪\"mIFح`Rc$ק02^=%G19L\n㩽κOB7j;ҩ\r֡!N{5t\"7o`Np9o%GPui\r5dI*(ZIҎW\\7iˁd+K.u1:\rj+Id :\n摴ؚ6Du⍼hRA{6ch(5ehaɶfzfMj%bIk!%y6:)vN*4R7~M\Z ]kdTlAxtxg4+KQD.*}rv[黫vG檴8v0j[+1\0ceE9%\'ё7\ZLqYӠͧ$ӡ;QOL**/q4szT6A+KZc%fhA(79j^xU5:NT+*&\';M,<dѪwTUZI\\{w^9d4rv^jՔ?㷭/Q\rHMτ[x{ՒEW\0{}k\'1=#\\xybӵm50q<3@=N}mEs<\nvv6躬?e	G!#k	R=u+GPKs~\'Go#Xf+Z:[ƨ\"9 I\'>*;$KT+8-}\\M$\\[A6%\'DKM\nUÒTyW#Sft[ S}N\nw$b9_[/+.?ݸ\Z5#-6`\"N3[o늝ds޳P\\OkL	~2jS6ˏCYAM)|)ZHޏ\\2n!f`px5pG~	͝E#mi8P0#\"1[Gu$5	ͽ0;m9l\Z-K_\r4Ԉ3B~(Mb#yh\0-n#,\'ԩ~VĲ0ʼnVM$hЩV~gk^OqIuZ݅76?\\vq6@J7Hxj*kac3¬Xpj];#eV1IU5N2^XE7cqY)E\'3[^~\n񜓊|eyEgMt8s]c4䉝H])r3QNɯa M(#8ژI(=)}AbXi4S\0=sH=hB\0ii8A@]/Zֶ3	\0cP{/im)k%+gKF&h|5+.\'յ%_f&+E,o#x)[^O	\0sv/RoWaE}=c!Un#3=1z9#>3jWr#p\0Yi:ֹMG>#~5VyQWND.OS׼S}g^\".U-+g\rYҼľ/m\'x8dԖ 3z\n{k^IسOZjO@ORrR][6gojԷDjZHW$5i2#撋e\rC8NOҽHVa\0^s$;boRV.Xmq?>UzYKs%\08UiK\0֢kRlQb*W}TSZN]E*3X\n*qW1]4{\ZEuf]Mz&oC\Z\0VZڳAl4\'m}Ni?Q0yQ+mهX\"#<I\Z)4lNU+ͭZETPrlsڢk9n\rgߎY͒PS%eH͐nwj0^sS$Z(dsWM57kI|C[9AC^Xvc)dpyB*$5ɼ9U\0bAd@oS\'k󊿨-^o2G\0qQ7y;BƧ{TBCȿqZ]4o:8\0q*Hm^p@ԅɊl3Eqj3Hu#lff	>p9`5AZ͹a&zÑpҽEXƣ zTµp,AM~z\rZDX\\b:5X][yLX+ME{9浡2!pݘTKRw4</z҆ϖ:s;<3,\0jH%uO:bq;WQKgρcܟJɞ=fݬ<]_AU;t\Z]YMs]rCy42TzÝVVo9U-o#a&qQ&h4oTYϮj.HCG-6y4rj8s@i=;/5xgƚ.KJ\Ze2wUr;rƏ<;=?\Zj?<	aoz^=\0[c9\\wG}j_XREpI\";XK{xnL1<?Jl+Vkk+M8joIhzDm\"%pzGs=#CguP8%+kV1|CE\0\n$<dFڭwMlպ\Z❓MDhSsKFdoΕQhɣD6\043-pZf{QQ)ZPi(XQ֟22Cm$0TDfcܚ$+мI[Ϭl2NzIsoCı@cO_tG<wz~<VPrq]\"xXL+U v9%>+Qo8VpFs\0 sZ\ZDt>?6w{e֟*\0N&bA^kj3ux#Le?t~\"գb)<soΗY#5NmyCHW4#Q3v\0>4	9ZBeQ2֭ݶVQPutPzW9}Y`ӠJ(ݙ)r9}Rt!\'^vr2S,3.\rxϭS|^G#+hW\Z}o<sD$z0\Zߚx=M`]ϣk\0\n?щVU\'MCڼ7qa\ZٚF?7j枌oޢy:b#)n;y@=ټR+\\mSr޶$>9\rq)Y#`qm7×:FvF2p7)ޟ-(k\ZqܐxH}k־đG]9g6y\rBbIk|3=ol^,\'ƿ,f[\r#>yi!p\0$#B[K),gC+-.H\\d\0uȜSi9$B\Z94}=ijx5[H{{\Zm5bv=MiY\\``YfZ7ܘlo4֙$\"lZ<̏z\\ \"]<`p\ZQf3w@j~M3H0&Z\\&ă]}N^5 ZbNT`F3L1҂GHP{T$l5~	0HT	m4\0rE)0\nbOZϗJݝKeqEkO4\06CI0\rmGTHzF6CA@yXF~mX_Z`þ\rpKmGlב۠fCuk,xs-XdLWS\r¤2pG\ZRWVkk>YNв62x==y֧9ԮܭzQ->C7ğAPćYMca֦B<I7RX^Km!GB;\Zq޺9⑎RS[sލƘA\'_:kwuo)c8uι*Trͭs.`Kkb;DT\r/=덞XFÂvWE&k{5*2pB)6Э4\rHLbQbrr=k4j5-.Ofu9=s]-ivgAڀ8^jCJ6(kuFy(M斀h)(M 8M4\n3\\ A$i+j0J~\'k8=|Z.z5\Z!%\0$늽g~bYo~id<={}*_JM<@?\0\05Sݓ9eWvks:+KFywgY\\(q{\r1`R=5[YM6I30kdnX0|gFm` ( \Zv1M\Z.K1=Ns?GiW#4.TuF7A<uad-gZ?E)7LecHS)s2kQـ*[+oPu}+_zO3(sOz$[;SKl0\\r;,q,}kRVCȧ`8P2}ϥgak_\\]ͼG{?*~\'K+J}?J,t&xIv\'}sWe}\rN&kFw#%i0>Fywfkn/fX-I\'[7(\rFc7~+HoP%kl7Z«X\n]¸	x:mU;6Gqr}뱞U2MouX枯BF<Wˇ89ִ`r;5\"uPJIk#Y-}9r=EY2#0+Tj<}2H.W`SǥI$a]z{gn1BO0;{+ٕ`AxvFJd1h0ixv$Z[fO@[TN%́+12;{aq^4v8<:\0+\'MiiaQs&\"{LⲅF,&R>?=$4R#$YX`)Dˡh$$沵˜@j(\'5_Xp)B7w&OKdv<Ki8\rnp\r#H@R$EmǃV!=7Dp(b \Zt5[HMhnjITU5:?EՓޛ#B54\\U6}54p bV|o-kEi2LʊrW6M_QMYapU}r$`{Q{SEn6S2OAI3 sO5ji}cZH#8+чj&&@}&,\nk&ċzg%U6}0)>V\r_S3948KwokbFsJI#4{T=&J5ю:h\'F2~滿2>pkaVһAotíDc\'\"~lLyT20jE)iNlr3Lϵ;R\nZ}B3)	 RM\0sP(@=kS@ͮYH\0\nauGB*$ݑ-ӢE7q[<{\0\na\\Ձw+*8l%@F7k#jK6Ś^LQO1+__cVkvBIjٮUud1rkmݎq\\@ȿZdcZw*K\ZFI^Ԃȧ]yT2@9\'޺5yU(]ܦA$TU;˜p;Ư{n3udݞdv-ȉ4OZL<҃ڱ{Zn#\Zt.Prߠ5?*~iyenOl?\\Blu?\nVSӜȊgt&\07̽j᳆R`@6:uky}ʴHҟ$I\0jg?ΐnD*~jQ֭buo2V2HwWӱ)isWJҗPs2xqkY&$QW1&|+}k~n]\ZnzP/u+yصZdSsCj0St|kbCfc t)26VQQQȤ>\0LLrk\'\\ІZb _>\'<T&yţjTYOc]}ϥ_4[M]I?sr	P}w:\\.P\0vBd\r_CqaVh\r\ZӦ31k#|RN7BMx@v|\0=PQy5D3y7CܙGc,sEaR-js\"80~Y2IQJ\rx<b$)1l/Zl\')I7N\r6FU[*qNSRg4JCP)\0Oޚ_&\rH\rbM5mRNAWҁ2̲8lP#Uiu<`13N4Ң)ݑޡYLh8;Lcw@)=w-\\=lrTZlDa\'Ik-:Kh	R,BstkXL5}&{Y72o+n}֥Ӯmգ*1M&OÍL:ؑҚ si񊛀ZMx=iJ\'WJ=TzDGӃ\\jMuzpc\050\'cϵHp*#ҹ73n>4Ÿاn=vGJd\0}5<V?12!HyX<?\"/z/uZ{Iمv\ruq3hj~xź~0\0tցf4	~\0\0\n_,~p \0n?57\Zgԉ?kD9X<(8[QWț\\5lAP)M2Mr}ioؿ#;\Z;$&Sff$$+ZZ0͸V+#\Z#OL.	kPVf\0Xnj#(\rvJn\'yz[p\r\\̒`J5bc,R]7Apԟ<lo.C1\0ڳ1!֢\'ڹbZv9O1½S핣ɫ_]mcDWIO僞?	4ˈ=܌U\n?3t1L ]FO,\09sֳ^kiij kSYr׳\nH@8FKm\\1g01ϭwUiX<?+OZO~GpW8	:S<ǩZ7U@*+rw{W.5{rpM`$֎39]wBܥ$9]+28Eвh\Zy+{KݜTkvSTmb\r8d\0XNCW1471,{0G0x5ka6T]:;lyex3OGӽnܲpkgyTzzۊp9+;}$φ3gpՆe^.q+cExn63hG+c}kNtq0ԄO5hBԱ|)8m}{U<\njbU9Y[[iZ/\'xQLJ`JEL*85(<PR~:rɓf\nam5V$\rWM{U|qȥaY#r	a&OATLPGNiNCJ\\[\ZzAeL	&4N)ãSuº2^-ULJunz52EwpBƣ\0ΦNH_T\r]/+`N\'??W5;De̮LbÞ)L\'ژ\"3׭&)ƚj.;0SxpAֆ:\0+-C#QRZ#n/F*\'5C4ѳd#|=~6L\Zrm#ұ.r~[	?\0RŃ~/\0֬\'q:~ a-m\0WI\\\0ˊ\0g)$=-QD\0J.FOrG\\CIIhtuԜW$چ.@ \0\n`Տ[P?hƚΨʪ$rFMMH>9eɠi77npd0HX8Jvf14|}:k·k#!=n4Kxĳ9\nJEEa^AZZ2)$dסN\"9SDQ$u^u	e6RiWd.|ǫ0eU(^Dk$rzY\Z\\bڤtz<=lXv9&G8CgN֬6Y\nOSYc\\VܪNNh> tqֱhO^T$pi_BT?lW^~$%ژ2g͋3GZZlk%8\n\0Iq+HL5\\o-!qlw}7L^eA+:L$@<׫xV	t\nJ#(upwk\\TIB.5pFi+b5tڠަ}fO&O\"8qs`U)z4\rd-	j&VTWsҙN\Z1_#LE4J$,Td҆{BOTM[Nxx98R.݆yxFl-5~Hێ?J|\rya1&JV^F\0a<>i\\bN`SJyn^:ӗ\\=ENT\0Ti$\ZHGjN~e5 9c9)t&*%<Sb+pM4\Zcǭ&H,pys֝+Oz` G+$*NfSP3m攤RB?<*Y#<!w2\0}M 54hN/+rF	<VM0[(Gq\nr?::SCwbD+ssŇ_pJzI3ao^zEkFb7p:gOnޕŰM3S㠦qY0,s]7rtkY\0-\\tliX}VHsL|R>7*75/MM7>Ҟڼ|Nom#S`@[arrC+޼;E\ncxVGE5X/-E;b׊5&7\'ڷm;{p{oPpuR\ZWpܙnܹ4C\'9Ǫx0h\Z+2E˟G\\*;=Mf#!V0F8 ʹLֹmByG7|޻fP.3\nIY5{yKP2rkoSW/}1{*ɧb`#w5YM=Pl\"X)1\\Ě9;\n_9}ڍ*mٜ՟2ZrTI,yQHJ\Z˛r4jFjR}lczVH<׊n)Ƶa2G֞oc0Qn?<>nnɞOH\")_\nWڼy7n_J|\'\' F$1\0OETO^3nq׷mj%ipcU#S`6ɒ3PK`Շ;ڪDB4au=2Pۚ>jj)ԧrDdwLaH:i|Е͂xD\"eT\';qJb\nzґNi RdؔTBE8*m[sSSCrh<w؉Ey`٩A/z\\\n C)zwO\rmAڢ&N\'PpעqBcu\"4%*E&^KQu)Fj@@4:fwP<$!-I1ia\'B\0}*2\\nF\\n9\0G^˒H͚@QUV2D\'	*\rVCTdSP;}G	\Z}=y5s\nXzT,}Wcuz1$׫p}ҿp:]Ǚ b_[ɀn5+\'*04Rdڣ#m&mJi<wnk>\\>aN:\r(Zܙ:|o#Vlx\'u:},wnV7?E&2UۓKD:s\\1<eJ\'̰x[4=QչYɂ=zU%6L}mWE\'a8_s(<{\0nE^Ꮚ$\0_QkRh^\n|R޸V&Wnd7JX\"#їeryv.ltƗKx\0\\9q+軳\nڊsKE\\ܘg<$*\'<՘UmG5^o~y,hK4{AYO[#ŵv$[a]oZѹoݐk*G5Qc-j\"ri[MY7ý搚c*[\rSAbP:z⬻`fY%eg-MzS `RymySҢ#5	w7џJqQi;85 b:\Z7iZF\0s[F!ھYۆ#6<T#饲+RJʩֱuPqrSntf[┵ay+PTc4Qv)eA`t+LCq7g\0W~\r2A(\"#<Ȧֆ;zwB)T	5?\'*liF#\"ۥK)sTfqO@{JޞdisBqHK]Gq\\keTu:?uN+Q,0$,oL\'O%r([Pɢ?k8D\\R֑zZTHDGqLCG\'TV1)sLzSAބ <rj99Lk({c6FJбɨܥ҉sQ2D$&sN$M=Ynp,v2+AfV+r~d!6Eni,r1KPf:;Vf\nݹ9Ү憄0SjηkMQ[ԖqqOZi\"}w&nOJdtfa+:\'ӭstl&3P=&7i|>=\r\'yhƌ@jq֡J0Tsqc95)ڽSR2ؑh{ˆxOZ,a\ry.HgA\\UlGumHy;~~ZZQ@z\nMugwc%{ոn3ǚ]=H\'Tef&/\\[<)yAI,hbLk\'qGBM\Znx}!\n)xT0Dd,cT\0Quaz\Zw9C=OQڸ(<«X<&?Ĺ~GG5X\"X!,_\'ks׿=ޟqYxbo@8˥Ʒ#<\no54A_c^Z33.}~UH\0k?,.\0-վ^>4+eEgvҳ,y5%FGTB\\3[fzPhJCŏ)y)d҂zCU pBW\rpWޡqUd*iA\Z\n0kU;zsI\"ғ@_x9&d\ZƓ1HcM;tSk{U&xHQ ғ/ڸֲuOD?5&Ho}7p~yǖ}i\0ڜrDp>4/zpTC^h8ǭJ-p=c\\Ob@i;SRҞ(\0bU$lI+TbIǭL.w6N\0D8ђ)lvaqiؠ.9B\r4=xPF:A@T1)ldp=&(D҂(\r8$Q6\"c91h@18ں@~ʀm4aE0qҦ˙l@t]d\ZHrOZ*^t\Z[\\ϓo`}D~-\'0)ӏ޶=isn^K/hN77P޻j\r\0#MY=\r\'+\0($f¼<\ZMjddc&.8>İ/o\n3ɯ\rۍKob(8P:irg4\"mV|rYKSTu6;\'4ln1[|ؘ3^2㳽zb}á5R`sR^8+=\\su#U pbE$ܸX݅^i°|PS4ڑ{sҘExv\"lfvs(d:ԲHp@0]I28=*\Z[7oqW#m\0hk]l:,c5|欢sT5Ú1zVOZag) 8$4~LIaW\n\\\"բ1x`Q@8@MM&#K*NмY/\"sΪ4\06^%p?J{ו7kX1\\`[|lqkyduw砡㚱\09N SzSNi5CRkA8ijB\\dȘOW)0*?-4/AqAiO*,#&fPx0\'*Ue^cQ<gMdϥ&+8.)X\02Ji8*^[irus\'9斬㜆ZtxW	V*z7po&*sE+WpyZcW!=+ՋS8$E)4WBn:wojNBy4* OH8Z9jӉ5^wEy{S\"MJ0]Z{{y!$զd9P.S\ZjʪɢP~c҉.6-FGJ+3t&#\\ҘS+l4Yv56.<WUi:5H^¸W*=\Z&O6iOk0\n5k]z\\$6\\ck\rQ,c6zaiO@CH5o\0_XLksX2\\HRLI֘qO?ZV->Ԅ:Օjʶi03Z\nIEr$\rܜ5Cwtn\0qD2+|6GuѧԛsrS힕ɨܛ1νw*#+X.;DdwUF<^sYG8ZHSUܼ\nԘsTMkzkA9ȫ\Z\'dr׎n8a9[f8#	l8֤ޯ;\"mmF<֛z\n/-aH#5H\"FICVQ̱\'EIXžc+\np٧Fj92E^/ԅTՕ\ZS8Ɵ^<ԏ*8CB0L=i:VcEＨ\'C<D}\0?OSVK1nM8Li2XssUnt5\0èl~dmJZٟA.ja/5x{^UއB:qP\nt5ذcޣ~!8)z_J089Ȥ`L\\PJ\rE\"\"Ϳ.(|9qޭā)8iIvQ3TnQ\'*q!\'{\rC ɤ9҇5s)jFXr1PJ~I\Zd\Zlna?4Gw-eCW[wЕ|A}O/h\'1FFi4J^ԅqO=T95}@\ZpF:S\"9jWޫmǠ\r[rHǔۯaQK\ZMc*[(CH&5azECiN1Q3TNN[XI3b5IDp21V1Wԍ>Y;ObV&bO}x=6-UDz	I9L\0z7R8r[4AQ&fGQӻS\Z\0ӊ2\\\0*[ϟs]0Ͻ0Iq=iG&le`T\0pYupbw1\'J=8VdxT\Zv!B<ƣ8!qOƼ4q\n8Jյ5afalF/F$Ӳ+Ӎ.JRTqW7wcW÷5gX&&<pVqIA3I;U.0O*xSv22M50qp\rɆng+\\kR\0pLAMjbGҳVy1QA搒9B@ޝXsIyR`=ɒ@I$-\Zn\0\"zTB95Up+M\0%ҩ-C	yT\0sKM7wj!XiduN9ɬ-J\"Jq)<ε.VLzuۡ\r]WZxQCh>J\"9؁*v*^i)$Ld޼JݰMu~|9=~V26?SIjE#<Vt72zzմc#rۮ3L#<P#v8<׵!ݎ4:Cg؈dFHOJG^)&11[NwQqKrQ:sS4;pj6ړH]\ny$]TH0*[wdD\rMہCeO0P] dV9c4O\0E؂,LR0A(my,\'F#^+H=kμE\Zu9mzVWW)G3v.ӌT\\e\'^ݶM/L(9ԌZ75\"֧.y.iC4oa%qH@Rܭ!VcJaPelH>I-I4OUɦ={ʰy4\n+Ryj1ۚ6bƛF[Q\\L7qLO4\\I-0[dDWk?{+FJcoJ41̓SIAWmOX|=s%dU^Ha8^[\Z\0_7ΰks-?|RL{\rc׵D%-؂W?'),(2,'ABEL','VAZQUEZ','HERNANDEZ','1979-01-10','VILLA GONZALEZ ORTEGA','2017-11-01',NULL),(3,'SAMUEL','ARTEAGA','SALAZAR','1990-09-16','FRANCISCO I MADERO','2017-11-01',NULL),(4,'HECTOR','ARTEAGA','SALAZAR','1990-12-12','FRANCISCO I MADERO','2017-11-10',NULL),(5,'SEBASTIAN','CASTILLO','HERNANDEZ','1980-05-05','VILLA GONZALEZ ORTEGA','2017-11-10',NULL),(6,'ROMAN','LOZANO','CAMPA','1986-03-10','NORIA DE ANGELES','2017-11-10',NULL),(7,'FRANCISCO','MARTINEZ','MARTINEZ','1986-06-12','VILLA GONZALEZ ORTEGA','2017-11-10',NULL),(8,'RAUL','GONZALEZ','HERRERA','1978-05-04','VILLA GONZALEZ ORTEGA','2017-11-10',NULL),(9,'EFRAIN','TORRES','HERNANDEZ','1978-04-08','VILLA GONZALEZ ORTEGA','2017-11-10',NULL),(10,'ROSENDO','ALVAREZ','DEL CASTILLO','1985-02-01','VILLA GONZALEZ ORTEGA','2017-11-10',NULL),(11,'JOAQUIN','CORONEL','HERNANDEZ','1972-01-01','VILLA GONZALEZ ORTEGA','2017-11-10',NULL),(12,'CESAR','CORONEL','HERNANDEZ','1981-11-20','VILLA GONZALEZ ORTEGA','2017-11-10',NULL),(13,'ANTONIO','HERNANDEZ','GARCIA','1984-01-20','VILLA GONZALEZ ORTEGA','2017-11-10',NULL),(14,'JORGE','MORAN','GONZALEZ','1983-08-08','VILLA GONZALEZ ORTEGA','2017-11-10',NULL),(15,'GILBERTO','SANCHEZ','ESPARZA','1983-09-10','VILLA GONZALEZ ORTEGA','2017-11-10',NULL),(16,'PEDRO','GARCIA','MONTOYA','1993-10-13','VILLA GONZALEZ ORTEGA','2017-11-10',NULL),(17,'GERARDO','RODRIGUEZ','HERNANDEZ','1993-05-10','VILLA GONZALEZ ORTEGA','2017-11-10',NULL),(18,'ALFONSO','CORTEZ','RUELAS','1983-01-01','VILLA GONZALEZ ORTEGA','2017-11-10',NULL),(19,'EDWIN','REYES','HERNANDEZ','1993-05-10','VILLA GONZALEZ ORTEGA','2017-11-10',NULL),(20,'ABELARDO','SIFUENTES','GUZMAN','1980-06-03','VILLA GONZALEZ ORTEGA','2017-11-10',NULL),(21,'ANTONIO','ORNELAS','HERNANDEZ','1989-05-09','VILLA GONZALEZ ORTEGA','2017-11-10',NULL),(22,'ISAAC','ORNELAS','HERNANDEZ','1986-02-03','VILLA GONZALEZ ORTEGA','2017-11-10',NULL),(23,'WILIBALDO','MOTA','DEL CAMPO','1986-04-08','VILLA GONZALEZ ORTEGA','2017-11-10',NULL);
/*!40000 ALTER TABLE `jugadores` ENABLE KEYS */;
UNLOCK TABLES;

--
-- Table structure for table `reglamento`
--

DROP TABLE IF EXISTS `reglamento`;
/*!40101 SET @saved_cs_client     = @@character_set_client */;
/*!40101 SET character_set_client = utf8 */;
CREATE TABLE `reglamento` (
  `clave` varchar(5) NOT NULL,
  `descripcion` varchar(150) NOT NULL,
  `sancion_juegos` int(11) DEFAULT NULL,
  `sancion_economica` float DEFAULT NULL,
  PRIMARY KEY (`clave`),
  UNIQUE KEY `clave_UNIQUE` (`clave`)
) ENGINE=InnoDB DEFAULT CHARSET=utf8;
/*!40101 SET character_set_client = @saved_cs_client */;

--
-- Dumping data for table `reglamento`
--

LOCK TABLES `reglamento` WRITE;
/*!40000 ALTER TABLE `reglamento` DISABLE KEYS */;
INSERT INTO `reglamento` VALUES ('J1','DOBLE TARJETA AMARILLA',1,NULL),('J2','AGRESION AL ARBITRO',20,500);
/*!40000 ALTER TABLE `reglamento` ENABLE KEYS */;
UNLOCK TABLES;

--
-- Table structure for table `rel_equipo_jugadores`
--

DROP TABLE IF EXISTS `rel_equipo_jugadores`;
/*!40101 SET @saved_cs_client     = @@character_set_client */;
/*!40101 SET character_set_client = utf8 */;
CREATE TABLE `rel_equipo_jugadores` (
  `id_equipo` int(11) NOT NULL,
  `id_jugador` int(11) NOT NULL,
  `id_torneo` int(11) NOT NULL,
  `numero` varchar(3) DEFAULT NULL,
  KEY `fk_torneo_ej_idx` (`id_torneo`),
  KEY `fk_ej_equipo_idx` (`id_equipo`),
  KEY `fk_ej_jugador_idx` (`id_jugador`),
  CONSTRAINT `fk_ej_equipo` FOREIGN KEY (`id_equipo`) REFERENCES `equipos` (`id_equipo`) ON DELETE NO ACTION ON UPDATE NO ACTION,
  CONSTRAINT `fk_ej_jugador` FOREIGN KEY (`id_jugador`) REFERENCES `jugadores` (`id_jugador`) ON DELETE NO ACTION ON UPDATE NO ACTION,
  CONSTRAINT `fk_torneo_ej` FOREIGN KEY (`id_torneo`) REFERENCES `torneo` (`id_torneo`) ON DELETE NO ACTION ON UPDATE NO ACTION
) ENGINE=InnoDB DEFAULT CHARSET=utf8;
/*!40101 SET character_set_client = @saved_cs_client */;

--
-- Dumping data for table `rel_equipo_jugadores`
--

LOCK TABLES `rel_equipo_jugadores` WRITE;
/*!40000 ALTER TABLE `rel_equipo_jugadores` DISABLE KEYS */;
INSERT INTO `rel_equipo_jugadores` VALUES (13,20,1,'10'),(13,18,1,'11'),(13,13,1,'8'),(13,21,1,'7'),(13,12,1,'9'),(13,19,1,'2'),(13,9,1,'1'),(13,7,1,'12'),(13,17,1,'14'),(13,15,1,'20'),(13,4,1,'21'),(3,2,1,'DT'),(3,1,1,'27'),(3,22,1,'8'),(3,11,1,'10'),(3,14,1,'9'),(3,16,1,'7'),(3,8,1,'11'),(3,6,1,'6'),(3,10,1,'12'),(3,3,1,'5'),(3,5,1,'4'),(3,23,1,'1');
/*!40000 ALTER TABLE `rel_equipo_jugadores` ENABLE KEYS */;
UNLOCK TABLES;

--
-- Table structure for table `sanciones`
--

DROP TABLE IF EXISTS `sanciones`;
/*!40101 SET @saved_cs_client     = @@character_set_client */;
/*!40101 SET character_set_client = utf8 */;
CREATE TABLE `sanciones` (
  `clave_reglamento` varchar(5) NOT NULL,
  `id_jugador` int(11) NOT NULL,
  `jornada` int(11) NOT NULL,
  `id_torneo` int(11) NOT NULL,
  `fecha` date NOT NULL,
  `activo` int(11) NOT NULL
) ENGINE=InnoDB DEFAULT CHARSET=utf8;
/*!40101 SET character_set_client = @saved_cs_client */;

--
-- Dumping data for table `sanciones`
--

LOCK TABLES `sanciones` WRITE;
/*!40000 ALTER TABLE `sanciones` DISABLE KEYS */;
INSERT INTO `sanciones` VALUES ('J1',2,1,1,'2017-11-01',1);
/*!40000 ALTER TABLE `sanciones` ENABLE KEYS */;
UNLOCK TABLES;

--
-- Table structure for table `torneo`
--

DROP TABLE IF EXISTS `torneo`;
/*!40101 SET @saved_cs_client     = @@character_set_client */;
/*!40101 SET character_set_client = utf8 */;
CREATE TABLE `torneo` (
  `id_torneo` int(11) NOT NULL AUTO_INCREMENT,
  `nombre` varchar(75) NOT NULL,
  `fecha_inicio` date NOT NULL,
  `fecha_fin` date DEFAULT NULL,
  `campeon_primera` int(11) DEFAULT NULL,
  `subcampeon_primera` int(11) DEFAULT NULL,
  `campeon_segunda` int(11) DEFAULT NULL,
  `subcampeon_segunda` int(11) DEFAULT NULL,
  `goleador_primera` int(11) DEFAULT NULL,
  `goleador_segunda` int(11) DEFAULT NULL,
  `presidente` varchar(50) DEFAULT NULL,
  `secretario` varchar(50) DEFAULT NULL,
  `tesorero` varchar(50) DEFAULT NULL,
  PRIMARY KEY (`id_torneo`),
  KEY `fk_torneo_cp_idx` (`campeon_primera`),
  KEY `fk_torneo_sp_idx` (`subcampeon_primera`),
  KEY `fk_torneo_cs_idx` (`campeon_segunda`),
  KEY `fk_torneo_ss_idx` (`subcampeon_segunda`),
  KEY `fk_torneo_gp_idx` (`goleador_primera`),
  KEY `fk_torneo_gs_idx` (`goleador_segunda`),
  CONSTRAINT `fk_torneo_cp` FOREIGN KEY (`campeon_primera`) REFERENCES `equipos` (`id_equipo`) ON DELETE NO ACTION ON UPDATE NO ACTION,
  CONSTRAINT `fk_torneo_cs` FOREIGN KEY (`campeon_segunda`) REFERENCES `equipos` (`id_equipo`) ON DELETE NO ACTION ON UPDATE NO ACTION,
  CONSTRAINT `fk_torneo_gp` FOREIGN KEY (`goleador_primera`) REFERENCES `jugadores` (`id_jugador`) ON DELETE NO ACTION ON UPDATE NO ACTION,
  CONSTRAINT `fk_torneo_gs` FOREIGN KEY (`goleador_segunda`) REFERENCES `jugadores` (`id_jugador`) ON DELETE NO ACTION ON UPDATE NO ACTION,
  CONSTRAINT `fk_torneo_sp` FOREIGN KEY (`subcampeon_primera`) REFERENCES `equipos` (`id_equipo`) ON DELETE NO ACTION ON UPDATE NO ACTION,
  CONSTRAINT `fk_torneo_ss` FOREIGN KEY (`subcampeon_segunda`) REFERENCES `equipos` (`id_equipo`) ON DELETE NO ACTION ON UPDATE NO ACTION
) ENGINE=InnoDB AUTO_INCREMENT=2 DEFAULT CHARSET=utf8;
/*!40101 SET character_set_client = @saved_cs_client */;

--
-- Dumping data for table `torneo`
--

LOCK TABLES `torneo` WRITE;
/*!40000 ALTER TABLE `torneo` DISABLE KEYS */;
INSERT INTO `torneo` VALUES (1,'CLAUSURA 2017','2017-10-30',NULL,NULL,NULL,NULL,NULL,NULL,NULL,'ABEL VAZQUEZ HERNANDEZ','ABELARDO SIFUENTES GUZMAN','TILON CHAVEZ');
/*!40000 ALTER TABLE `torneo` ENABLE KEYS */;
UNLOCK TABLES;

--
-- Dumping events for database 'lmfvgo'
--

--
-- Dumping routines for database 'lmfvgo'
--
/*!40103 SET TIME_ZONE=@OLD_TIME_ZONE */;

/*!40101 SET SQL_MODE=@OLD_SQL_MODE */;
/*!40014 SET FOREIGN_KEY_CHECKS=@OLD_FOREIGN_KEY_CHECKS */;
/*!40014 SET UNIQUE_CHECKS=@OLD_UNIQUE_CHECKS */;
/*!40101 SET CHARACTER_SET_CLIENT=@OLD_CHARACTER_SET_CLIENT */;
/*!40101 SET CHARACTER_SET_RESULTS=@OLD_CHARACTER_SET_RESULTS */;
/*!40101 SET COLLATION_CONNECTION=@OLD_COLLATION_CONNECTION */;
/*!40111 SET SQL_NOTES=@OLD_SQL_NOTES */;

-- Dump completed on 2017-11-13 14:23:20
